resource,message_id,kind,offset,byte_length,original_en,original_jp,translated,copy_status
641,1,codepage,0,4,Buy,〓入,Comprar,duplicate
641,0,codepage,0,4,Buy,〓入,Comprar,primary
641,2,codepage,4,5,Sell,売〓,Vender,
641,3,codepage,9,30,<8099>-                       <8099>+,         ,,
641,4,codepage,39,7,<0065><0066><0066><0066><0066>/,×    〓,,
641,5,codepage,46,14,"ATK
MAG
HIT","ATK
MAG
HIT",,
641,6,codepage,60,14,"AVD
RDM
RST","AVD
RDM
RST",,
641,7,codepage,74,11,Requisites,必要な素材,Requisitos,
641,8,codepage,85,24,"Buy selected item(s)?
","選択したアイテムを〓入します
よろしいですか？",,
641,9,codepage,109,25,"Sell selected item(s)?
","選択したアイテムを売〓します
よろしいですか？",,
641,10,codepage,134,24,Any other transactions?,他に用はありますか？,Mais alguma transação?,
641,11,codepage,158,11,Available:,所持金：,Disponível:,
641,12,codepage,169,10,Subtotal:,合計：,Subtotal:,
641,13,codepage,179,49,"<8084>0Press <8099>2<8099>3 to set quantity
for purchase.<8082>","で〓入するアイテムの数を
選択してください",,
641,14,codepage,228,45,"<8084>0Press <8099>2<8099>3 to set quantity
for sale.<8082>","で売〓するアイテムの数を
選択してください",,
641,15,codepage,273,4,Yes,はい,Sim,duplicate
641,16,codepage,277,3,No,いいえ,Não,duplicate
641,17,codepage,280,14,<8088>5Requisites,必要な素材,,
641,18,codepage,294,11,??????????,？？？？？？？？？？,,
641,20,codepage,305,15,<808A><999A>x^<999A>x^Sort,ソート,,
641,21,codepage,320,4,ABC,名前〓,ABC,duplicate
641,22,codepage,324,5,Type,種類〓,Tipo,duplicate
641,23,codepage,329,6,Price,値段〓,Preço,
641,24,codepage,335,13,Attack Power,攻撃力〓,Poder de Ataque,duplicate
641,25,codepage,348,12,Magic Power,魔力〓,Poder Mágico,duplicate
641,26,codepage,360,9,Hit Rate,命中率〓,Taxa de Acerto,duplicate
641,27,codepage,369,6,Avoid,回避率〓,Esquiva,duplicate
641,28,codepage,375,14,Reduce Damage,物理耐性〓,Reduzir Dano,duplicate
641,29,codepage,389,13,Magic Resist,魔法耐性〓,Resistência Mágica,duplicate
641,30,codepage,402,8,Default,初期状態に戻す,Padrão,primary
641,31,codepage,410,2,(,（,,
641,32,codepage,412,2,),）,,
641,33,codepage,414,6,Armed,装備中,Arma,
641,34,codepage,420,7,Usable,装備可,Usável,
641,35,codepage,427,2,<0067>,〓,,
641,36,codepage,429,2,<0068>,〓,,
641,60,codepage,431,58,<8099>2<8099>3Quantity  <8099>@Buy  <8099>RMore Info  <8099>QSort  <8099>8<8099>9Page,〓数選択 〓入 詳細切り替え ソート ページ,,
641,61,codepage,489,16,Purchase items.,アイテムを〓入します,Comprar itens.,
641,62,codepage,505,24,Sell items you possess.,手持ちのアイテムを売〓します,Vender seus itens.,
641,63,codepage,529,19,Display all items.,全てのアイテムを表示します,Mostrar todos itens.,
641,64,codepage,548,17,Display weapons.,武器を表示します,Mostrar armas.,
641,65,codepage,565,30,Display protective equipment.,防具を表示します,Mostrar equipamento protetor.,
641,66,codepage,595,31,Display items for consumption.,道具を表示します,Mostrar itens consumíveis.,
641,67,codepage,626,21,Display accessories.,アクセサリーを表示します,Mostrar acessórios.,
641,68,codepage,647,20,Display rare items.,レアアイテムを表示します,Mostrar itens raros.,
641,69,codepage,667,31,Arrange in alphabetical order.,名前〓に並び替えます,Ordem alfabética.,primary
641,70,codepage,698,17,Arrange by type.,種類〓に並び替えます,Ordem por tipo.,primary
641,71,codepage,715,18,Arrange by price.,値段〓に並び替えます,Ordem por preço.,
641,72,codepage,733,25,Arrange by attack power.,攻撃力〓に並び替えます,Ordem por poder de ataque.,primary
641,73,codepage,758,24,Arrange by magic power.,魔力〓に並び替えます,Ordem por poder mágico.,primary
641,74,codepage,782,21,Arrange by hit rate.,命中率〓に並び替えます,Ordem por taxa de acerto.,primary
641,75,codepage,803,25,Arrange by evasion rate.,回避率〓に並び替えます,Ordem por esquiva.,primary
641,76,codepage,828,31,Arrange by physical tolerance.,物理耐性〓に並び替えます,Ordem por tolerância física.,primary
641,77,codepage,859,29,Arrange by magic resistance.,魔法耐性〓に並び替えます,Ordem por resistência mágica.,primary
641,78,codepage,888,24,Reset to default order.,初期状態に戻します,Restaurar ordem padrão.,
641,79,codepage,912,18,<8099>2<8099>3Select list,メニュー選択,,
641,80,codepage,930,59,<8099>2<8099>3Quantity  <8099>@Sell  <8099>RMore Info  <8099>QSort  <8099>8<8099>9Page,〓数選択 売〓 詳細切り替え ソート ページ,,
641,81,codepage,989,19,Display materials.,素材を表示します,Mostrar materiais.,
641,82,codepage,1008,86,"<8084>0Requisites are assigned to another item.
Purchase quantity cannot be increased.<8082>","必要な素材を別のアイテムで使用しているため
これ以上〓入数を増やすことはできません",,
641,84,codepage,1095,6,Solde,ゾルデ,,duplicate
641,85,codepage,1101,6,Dipan,ディパン,,duplicate
641,86,codepage,1107,9,Villnore,ヴィルノア,,duplicate
641,87,codepage,1116,18,Crell Monferaigne,クレルモンフェラン,,duplicate
641,88,codepage,1134,8,Peddler,行商人,,primary
641,89,codepage,1142,8,Peddler,行商人,,duplicate
641,91,codepage,1151,7,Armory,武器防具屋,,primary
641,92,codepage,1158,7,Armory,武器防具屋,,duplicate
641,93,codepage,1165,7,Armory,武器防具屋,,duplicate
641,94,codepage,1172,7,Armory,武器防具屋,,duplicate
641,95,codepage,1179,14,General Store,よろず屋,,primary
641,96,codepage,1193,14,General Store,よろず屋,,duplicate
641,98,codepage,1208,11,Long Sword,ロングソード,,duplicate
641,99,codepage,1219,7,Rapier,レイピア,,duplicate
641,100,codepage,1226,9,Shamshir,シャムシール,,duplicate
641,101,codepage,1235,13,Viking Sword,ヴィーキングソード,,duplicate
641,102,codepage,1248,9,Falchion,ファルシオン,,duplicate
641,103,codepage,1257,14,Walloon Sword,ワルーンソード,,duplicate
641,104,codepage,1271,9,Karsnaut,霊剣カールスナウト,,duplicate
641,105,codepage,1280,17,Sabertooth Saber,名刀虎切り,,duplicate
641,106,codepage,1297,9,Pallasch,パラッシュ,,duplicate
641,107,codepage,1306,15,Sinclair Saber,シンクレアーサーベル,,duplicate
641,108,codepage,1321,10,Frostbane,フロストペイン,,duplicate
641,109,codepage,1331,6,Harpe,曲刀ハルペー,,duplicate
641,110,codepage,1337,15,Spider Fighter,名刀蜘蛛切り,,duplicate
641,111,codepage,1352,15,Lightning Edge,ライトニングエッジ,,duplicate
641,112,codepage,1367,13,Icicle Sword,アイシクルソード,,duplicate
641,113,codepage,1380,11,Runeslayer,ルーンスレイヤー,,duplicate
641,114,codepage,1391,15,Flare Baselard,フレアバゼラード,,duplicate
641,115,codepage,1406,13,Lotus Slicer,名刀蓮断ち,,duplicate
641,116,codepage,1419,11,Holy Sword,ホーリィソード,,duplicate
641,117,codepage,1430,11,Sun Shower,名刀五月雨,,duplicate
641,118,codepage,1441,10,Arondight,名剣アロンダイト,,duplicate
641,119,codepage,1451,17,Sword of Silvans,閃刀シルヴァンス,,duplicate
641,120,codepage,1468,5,Gram,魔剣グラム,,duplicate
641,121,codepage,1473,8,Ascalon,聖剣アスカロン,,duplicate
641,122,codepage,1481,9,Moonfalx,名剣ムーンファルクス,,duplicate
641,123,codepage,1490,15,Glance Reviver,神剣グランス・リヴァイバー,,duplicate
641,124,codepage,1505,9,Dainslef,魔剣ダインスレイヴ,,duplicate
641,125,codepage,1514,24,"Demon Sword ""Levantine""",魔剣レヴァンテイン,,duplicate
641,126,codepage,1538,14,Helgi's Sword,恐剣ヘルギ,,duplicate
641,127,codepage,1552,13,Angel Slayer,咎人の剣“神を斬獲せし者”,,duplicate
641,128,codepage,1565,14,Bastard Sword,バスタードソード,,duplicate
641,129,codepage,1579,17,Two-Handed Sword,トゥハンデッドソード,,duplicate
641,130,codepage,1596,15,Striking Sword,ストライキングソード,,duplicate
641,131,codepage,1611,15,Elemental Edge,エレメンタルエッジ,,duplicate
641,132,codepage,1626,6,Screp,スクレップ,,duplicate
641,133,codepage,1632,9,Claymore,クレイモア,,duplicate
641,134,codepage,1641,9,Hrunting,フルンティング,,duplicate
641,135,codepage,1650,10,Flamberge,フランベルジュ,,duplicate
641,136,codepage,1660,11,Zweihander,ツヴァイハンダー,,duplicate
641,137,codepage,1671,11,Vainslayer,名剣ヴェインスレイ,,duplicate
641,138,codepage,1682,14,Dragon Slayer,ドラゴンスレイヤー,,duplicate
641,139,codepage,1696,12,Kraadicator,シルバークラッド,,duplicate
641,140,codepage,1708,12,Grand Sting,蒼剣グランスティング,,duplicate
641,141,codepage,1720,10,Arectaris,精王剣アレクタリス,,duplicate
641,142,codepage,1730,9,Durandal,帝剣デュランダル,,duplicate
641,143,codepage,1739,9,Caliburn,カリバーン,,duplicate
641,144,codepage,1748,12,Gjallarhorn,神剣ギャラルホルン,,duplicate
641,145,codepage,1760,15,Claiomh Solais,光剣クラウソナス,,duplicate
641,146,codepage,1775,14,Vampire Sword,ヴァンパイアソード,,duplicate
641,147,codepage,1789,13,Ignite Sword,イグニートソード,,duplicate
641,148,codepage,1802,24,"Demon Sword ""Nefarious""",魔剣アクターネファリウス,,duplicate
641,149,codepage,1826,8,Tyrfing,壊剣ティルフング,,duplicate
641,150,codepage,1834,8,Gungnir,神槍グングニル,,duplicate
641,151,codepage,1842,16,Saint's Halberd,聖槍セントハルバード,,duplicate
641,152,codepage,1858,17,"Spear ""Basilisk""",蛇矛バシリスク,,duplicate
641,153,codepage,1875,15,Lunar Bardiche,裂槍ルーンバルディーチェ,,duplicate
641,154,codepage,1890,23,"Great Spear ""Dinosaur""",剛槍ダイナソア,,duplicate
641,155,codepage,1913,10,Short Bow,シヨートボウ,,duplicate
641,156,codepage,1923,9,Crossbow,クロスボウ,,duplicate
641,157,codepage,1932,9,Long Bow,ロングボウ,,duplicate
641,158,codepage,1941,13,Strength Bow,ストレングスボウ,,duplicate
641,159,codepage,1954,17,Supreme Crossbow,スプリームクロスボウ,,duplicate
641,160,codepage,1971,15,Heavy Crossbow,ヘビークロスボウ,,duplicate
641,161,codepage,1986,18,Composite Longbow,コンポジットロング,,duplicate
641,162,codepage,2004,16,Greenery Slayer,グリナリースレイヤー,,duplicate
641,163,codepage,2020,9,Arbalest,アーバレスト,,duplicate
641,164,codepage,2029,18,Serstine-lock-gun,セルスタインロックガン,,duplicate
641,165,codepage,2047,12,Mage Slayer,メイジスレイヤー,,duplicate
641,166,codepage,2059,12,Doublecross,連弓ダブルクロス,,duplicate
641,167,codepage,2071,9,Elvenbow,霊弓エルヴンボウ,,duplicate
641,168,codepage,2080,14,Shiny Rupture,シャイニィラプチャー,,duplicate
641,169,codepage,2094,10,Blue Gale,瞬弓ブルーゲイル,,duplicate
641,170,codepage,2104,11,Misteltein,命弓ミステルテイン,,duplicate
641,171,codepage,2115,15,Crescent Arrow,クレセントアロー,,duplicate
641,172,codepage,2130,13,Wild Chalice,ワイルドカリス,,duplicate
641,173,codepage,2143,8,Tathlum,魔弾タスラム,,duplicate
641,174,codepage,2151,11,Soulslayer,ソウルスレイヤー,,duplicate
641,175,codepage,2162,15,Soothsayer Bow,魔弓レイザーフォーテル,,duplicate
641,176,codepage,2177,11,Sylvan Bow,神弓シルヴァンボウ,,duplicate
641,177,codepage,2188,21,Elhanan's Fingertips,エルハナンの指先,,duplicate
641,178,codepage,2209,10,Ruby Mace,ルビーメイス,,duplicate
641,179,codepage,2219,13,Crystal Wand,クリスタルワンド,,duplicate
641,180,codepage,2232,18,Mystic Cult Staff,秘密教団の杖,,duplicate
641,181,codepage,2250,13,Infinity Rod,インフィニティロッド,,duplicate
641,182,codepage,2263,13,Mithril Wand,ミスリルワンド,,duplicate
641,183,codepage,2276,11,Lotus Wand,ロータスワンド,,duplicate
641,184,codepage,2287,13,Alchemy Wand,アルケミーワンド,,duplicate
641,185,codepage,2300,11,Dragonlore,竜杖ドラゴンロア,,duplicate
641,186,codepage,2311,9,Holy Rod,ホーリィロッド,,duplicate
641,187,codepage,2320,15,Deluge Scepter,デルージュセプター,,duplicate
641,188,codepage,2335,15,Unicorn's Horn,聖杖ユニコーンズホーン,,duplicate
641,189,codepage,2350,14,Ether Scepter,エーテルセプター,,duplicate
641,190,codepage,2364,9,Caduceus,蛇杖ケーリュケイオン,,duplicate
641,191,codepage,2373,19,Wand of Apocalypse,魔杖アポカリプス,,duplicate
641,192,codepage,2392,19,Holy Wand of Telos,聖杖ミリオンテラー,,duplicate
641,193,codepage,2411,15,Bloody Knuckle,ブラッディナックル,,duplicate
641,194,codepage,2426,13,Bloody Nails,ブラッディフロウ,,duplicate
641,195,codepage,2439,12,Bloody Claw,ブラッディクロー,,duplicate
641,196,codepage,2451,14,Bloody Duster,ブラッディダスター,,duplicate
641,197,codepage,2465,14,Bloody Murder,ブラッディアッシュ,,duplicate
641,198,codepage,2479,13,Leather Mail,レザーメイル,,duplicate
641,199,codepage,2492,10,Chainmail,チェインメイル,,duplicate
641,200,codepage,2502,8,Cuirass,キュイラス,,duplicate
641,201,codepage,2510,18,Crystal Chainmail,クリスタルチェイン,,duplicate
641,202,codepage,2528,15,Silver Cuirass,シルバーキュイラス,,duplicate
641,203,codepage,2543,14,Silver Scales,シルバースケイル,,duplicate
641,204,codepage,2557,11,Duel Armor,デュエルアーマー,,duplicate
641,205,codepage,2568,12,Flame Armor,フレイムアーマー,,duplicate
641,206,codepage,2580,10,Kraadmail,クラッドメイル,,duplicate
641,207,codepage,2590,12,Silver Mail,シルバーメイル,,duplicate
641,208,codepage,2602,13,Icicle Plate,アイシクルプレート,,duplicate
641,209,codepage,2615,13,Dragon Armor,ドラゴンアーマー,,duplicate
641,210,codepage,2628,12,Valor Armor,ヴァローアーマー,,duplicate
641,211,codepage,2640,11,Full Plate,フルプレート,,duplicate
641,212,codepage,2651,14,Valiant Armor,ヴァリアントアーマー,,duplicate
641,213,codepage,2665,13,Silver Plate,シルバープレート,,duplicate
641,214,codepage,2678,14,Reflect Armor,鏡鎧リフレックス,,duplicate
641,215,codepage,2692,14,Mithril Plate,ミスリルプレート,,duplicate
641,216,codepage,2706,18,Conquerer's Armor,覇王の鎧,,duplicate
641,217,codepage,2724,15,Armor of Aleph,聖鎧アレフストレイン,,duplicate
641,218,codepage,2739,20,Infinite Admiration,煌鎧インフィネイトアドマイア,,duplicate
641,219,codepage,2759,14,Alicia's Robe,アリーシャのローブ,,duplicate
641,220,codepage,2773,6,Cloak,クローク,,duplicate
641,221,codepage,2779,13,Silver Cloak,シルバークローク,,duplicate
641,222,codepage,2792,14,Leather Cloak,レザークローク,,duplicate
641,223,codepage,2806,12,Noble Cloak,ノーブルクローク,,duplicate
641,224,codepage,2818,15,Anointed Cloak,アノイントクローク,,duplicate
641,225,codepage,2833,13,Supreme Garb,スプリームガーブ,,duplicate
641,226,codepage,2846,12,Mirage Robe,幻衣ミラージュローブ,,duplicate
641,227,codepage,2858,13,Crystal Garb,氷衣クリスタルガーブ,,duplicate
641,228,codepage,2871,14,Elfin Taffeta,エルヴンタフタ,,duplicate
641,229,codepage,2885,11,Fairy Garb,フェアリィガーブ,,duplicate
641,230,codepage,2896,11,Flame Mist,炎衣フレイムミスト,,duplicate
641,231,codepage,2907,13,Phoenix Garb,神衣フェニックスガーブ,,duplicate
641,232,codepage,2920,17,Robe of Bryttain,聖衣ブリタニアガーブ,,duplicate
641,233,codepage,2937,13,Sylphan Robe,聖衣シルフレッド,,duplicate
641,234,codepage,2950,12,Floral Garb,縫衣フローレスガーブ,,duplicate
641,235,codepage,2962,14,Eternal Shine,后衣エターナルシャイン,,duplicate
641,236,codepage,2976,7,Sallet,サレット,,duplicate
641,237,codepage,2983,14,Silver Sallet,シルバーサレット,,duplicate
641,238,codepage,2997,10,Iron Helm,アイアンヘルム,,duplicate
641,239,codepage,3007,10,Duel Helm,デュエルヘルム,,duplicate
641,240,codepage,3017,13,Crystal Helm,クリスタルヘルム,,duplicate
641,241,codepage,3030,12,Silver Helm,シルバーヘルム,,duplicate
641,242,codepage,3042,15,Golem Headwear,ゴーレムヘッド,,duplicate
641,243,codepage,3057,11,Valor Helm,ヴァローヘルム,,duplicate
641,244,codepage,3068,13,Valiant Helm,ヴァリアントヘルム,,duplicate
641,245,codepage,3081,10,Rune Helm,ルーンヘルム,,duplicate
641,246,codepage,3091,13,Mithril Helm,ミスリルヘルム,,duplicate
641,247,codepage,3104,11,Ether Helm,エーテルヘルム,,duplicate
641,248,codepage,3115,12,Metal Crown,メタルクラウン,,duplicate
641,249,codepage,3127,12,Olive Crown,オリーブクラウン,,duplicate
641,250,codepage,3139,15,Anointed Crown,アノイントクラウン,,duplicate
641,251,codepage,3154,15,Magician's Hat,マジシャンハット,,duplicate
641,252,codepage,3169,26,Tiara of the Holy Empress,聖皇后のティアラ,,duplicate
641,253,codepage,3195,16,Empress Coronet,エンプレスコロネット,,duplicate
641,254,codepage,3211,11,Rune Crown,ルーンクラウン,,duplicate
641,255,codepage,3222,14,Supreme Crown,スプリームクラウン,,duplicate
641,256,codepage,3236,14,Mithril Crown,ミスリルクラウン,,duplicate
641,257,codepage,3250,12,Ether Crown,エーテルクラウン,,duplicate
641,258,codepage,3262,9,Gauntlet,ガントレット,,duplicate
641,259,codepage,3271,14,Metal Buckler,メタルバックラー,,duplicate
641,260,codepage,3285,15,Sacred Guarder,セイクリッドガーダー,,duplicate
641,261,codepage,3300,15,Silver Buckler,シルバーバックラー,,duplicate
641,262,codepage,3315,13,Duel Guarder,デュエルガーダー,,duplicate
641,263,codepage,3328,15,Valor Gauntlet,ヴァローガントレット,,duplicate
641,264,codepage,3343,14,Holy Gauntlet,ホーリィガントレット,,duplicate
641,265,codepage,3357,17,Mithril Gauntlet,ミスリルガントレット,,duplicate
641,266,codepage,3374,13,Ether Shield,エーテルシールド,,duplicate
641,267,codepage,3387,14,Extreme Guard,エクストリームガード,,duplicate
641,268,codepage,3401,11,Star Guard,スターガード,,duplicate
641,269,codepage,3412,14,Leather Glove,レザーグローブ,,duplicate
641,270,codepage,3426,12,Magic Glove,マジックグローブ,,duplicate
641,271,codepage,3438,11,Wind Glove,ウインドグローブ,,duplicate
641,272,codepage,3449,13,Vein Greaves,ヴェイングリーブ,,duplicate
641,273,codepage,3462,16,Valiant Greaves,ヴァリアントグリーブ,,duplicate
641,274,codepage,3478,13,Rune Greaves,ルーングリーブ,,duplicate
641,275,codepage,3491,16,Mithril Greaves,ミスリルグリーブ,,duplicate
641,276,codepage,3507,14,Ether Greaves,エーテルグリーブ,,duplicate
641,277,codepage,3521,14,Metal Greaves,メタルグリーブ,,duplicate
641,278,codepage,3535,13,Duel Greaves,デュエルグリーブ,,duplicate
641,279,codepage,3548,15,Silver Greaves,シルバーグリーブ,,duplicate
641,280,codepage,3563,14,Valor Greaves,ヴァローグリーブ,,duplicate
641,281,codepage,3577,12,Suede Boots,スエードブーツ,,duplicate
641,282,codepage,3589,12,Elfin Boots,エルヴンブーツ,,duplicate
641,283,codepage,3601,10,Red Boots,レッドブーツ,,duplicate
641,284,codepage,3611,11,Guard Ring,ガードリング,,duplicate
641,285,codepage,3622,13,Protect Ring,プロテクトリング,,duplicate
641,286,codepage,3635,9,Hit Ring,ヒットリング,,duplicate
641,287,codepage,3644,11,Magic Ring,マジックリング,,duplicate
641,288,codepage,3655,11,Flame Ring,フレイムリング,,duplicate
641,289,codepage,3666,9,Ice Ring,アイスリング,,duplicate
641,290,codepage,3675,13,Thunder Ring,サンダーリング,,duplicate
641,291,codepage,3688,12,Poison Ring,ポイズンリング,,duplicate
641,292,codepage,3700,11,Light Ring,ライトリング,,duplicate
641,293,codepage,3711,10,Dark Ring,ダークリング,,duplicate
641,294,codepage,3721,12,Dragon Ring,ドラゴンリング,,duplicate
641,295,codepage,3733,11,Demon Ring,デーモンリング,,duplicate
641,296,codepage,3744,12,Mirage Ring,ミラージュリング,,duplicate
641,297,codepage,3756,11,Giant Ring,ジャイアントリング,,duplicate
641,298,codepage,3767,16,Goddess Pendant,戦乙女のペンダント,,duplicate
641,299,codepage,3783,11,tri-Emblem,トライエンブレム,,duplicate
641,300,codepage,3794,14,Flare Crystal,フレアクリスタル,,duplicate
641,301,codepage,3808,12,Ice Crystal,アイスクリスタル,,duplicate
641,302,codepage,3820,14,Earth Crystal,アースクリスタル,,duplicate
641,303,codepage,3834,16,Thunder Crystal,サンダークリスタル,,duplicate
641,304,codepage,3850,13,Holy Crystal,ホーリィクリスタル,,duplicate
641,305,codepage,3863,15,Shadow Crystal,シャドウクリスタル,,duplicate
641,306,codepage,3878,14,Prism Crystal,プリズムクリスタル,,duplicate
641,307,codepage,3892,10,Flare Gem,フレアジェム,,duplicate
641,308,codepage,3902,8,Ice Gem,アイスジェム,,duplicate
641,309,codepage,3910,12,Thunder Gem,サンダージェム,,duplicate
641,310,codepage,3922,10,Earth Gem,アースジェム,,duplicate
641,311,codepage,3932,9,Holy Gem,ホーリィジェム,,duplicate
641,312,codepage,3941,11,Shadow Gem,シャドウジェム,,duplicate
641,313,codepage,3952,10,Prism Gem,プリズムジェム,,duplicate
641,314,codepage,3962,21,Holy Water of Mithra,ミトラの聖水,,duplicate
641,315,codepage,3983,11,Red Liquid,赤の液体,,duplicate
641,316,codepage,3994,16,Tome of Anarchy,混乱の書,,duplicate
641,317,codepage,4010,16,Tome of Alchemy,錬金術の書,,duplicate
641,318,codepage,4026,18,Warrior's Arcanum,戦士の秘薬,,duplicate
641,319,codepage,4044,21,Apothecary's Arcanum,薬士の秘薬,,duplicate
641,320,codepage,4065,16,Witch's Arcanum,魔女の秘薬,,duplicate
641,321,codepage,4081,15,Sage's Arcanum,賢者の秘薬,,duplicate
641,322,codepage,4096,15,Dwarf Tincture,小人の霊薬,,duplicate
641,323,codepage,4111,15,Fairy Tincture,妖精の霊薬,,duplicate
641,324,codepage,4126,16,Spirit Tincture,精霊の霊薬,,duplicate
641,325,codepage,4142,17,Goddess Tincture,女神の霊薬,,duplicate
641,326,codepage,4159,7,Elixir,エリクサー,,duplicate
641,327,codepage,4166,13,Prime Elixir,プライムエリクサー,,duplicate
641,328,codepage,4179,13,Noble Elixir,ノーブルエリクサー,,duplicate
641,329,codepage,4192,12,Union Plume,ユニオンプラム,,duplicate
641,330,codepage,4204,11,Holy Water,聖水,,duplicate
641,331,codepage,4215,11,Holy Grail,聖杯,,duplicate
641,332,codepage,4226,14,Idun's Apples,イズンの林檎,,duplicate
641,333,codepage,4240,11,Soft Stone,やわらかな石,,duplicate
641,334,codepage,4251,13,Aspect Stone,方位石,,duplicate
641,335,codepage,4264,17,Horoscope Tablet,星読みの石版,,duplicate
641,336,codepage,4281,18,Fireproof Trinket,耐炎の護符,,duplicate
641,337,codepage,4299,17,Iceproof Trinket,防寒の護符,,duplicate
641,338,codepage,4316,19,Earthproof Trinket,砕土の護符,,duplicate
641,339,codepage,4335,23,Lightningproof Trinket,避雷の護符,,duplicate
641,340,codepage,4358,18,Foolproof Trinket,無欠の護符,,duplicate
641,341,codepage,4376,19,Fireproof Talisman,耐炎のタリスマン,,duplicate
641,342,codepage,4395,18,Iceproof Talisman,防寒のタリスマン,,duplicate
641,343,codepage,4413,20,Earthproof Talisman,砕土のタリスマン,,duplicate
641,344,codepage,4433,24,Lightningproof Talisman,避雷のタリスマン,,duplicate
641,345,codepage,4457,19,Foolproof Talisman,無欠のタリスマン,,duplicate
641,346,codepage,4476,14,Nectar Potion,リキュールポーシヨン,,duplicate
641,347,codepage,4490,13,Charge Break,チャージブレイク,,duplicate
641,348,codepage,4503,13,Might Potion,マイトポーシヨン,,duplicate
641,349,codepage,4516,13,Guard Potion,ガードポーシヨン,,duplicate
641,350,codepage,4529,13,Spell Potion,スペルポーシヨン,,duplicate
641,351,codepage,4542,10,Overdrive,オーバードライブ,,duplicate
641,352,codepage,4552,22,Tome of Teleportation,転移の書,,duplicate
641,353,codepage,4574,17,Wand of Exchange,転換の杖,,duplicate
641,354,codepage,4591,9,Rose Gem,緋炎石,,duplicate
641,355,codepage,4600,10,Azure Gem,蒼炎石,,duplicate
641,356,codepage,4610,9,Jade Gem,翠炎石,,duplicate
641,357,codepage,4619,20,Expert's Experience,識者の経験,,duplicate
641,358,codepage,4639,9,Ambrosia,アンブロシア,,duplicate
641,359,codepage,4648,21,Fencer's Familiarity,剣士の知識,,duplicate
641,360,codepage,4669,17,Sorcerer's Savvy,魔術師の知識,,duplicate
641,361,codepage,4686,18,Archer's Aptitude,弓闘士の知識,,duplicate
641,362,codepage,4704,17,Thief's Thoughts,盗賊の知識,,duplicate
641,363,codepage,4721,15,Warrior's Wits,重戦士の知識,,duplicate
641,364,codepage,4736,11,Golden Egg,金の卵,,duplicate
641,365,codepage,4747,14,Eye of Heaven,天空の瞳,,duplicate
641,366,codepage,4761,13,Double-check,ダブルサーチ,,duplicate
641,367,codepage,4774,11,Spectacles,スペクタクルズ,,duplicate
641,368,codepage,4785,16,Gem of Illusion,幻視の珠,,duplicate
641,369,codepage,4801,17,Tome of Godspeed,神速の書,,duplicate
641,370,codepage,4818,16,Immense Incisor,巨大な前歯,,duplicate
641,371,codepage,4834,16,Monstrous Molar,巨大な奥歯,,duplicate
641,372,codepage,4850,22,Colossal Canine Tooth,巨大な犬歯,,duplicate
641,373,codepage,4872,11,Troll Clay,トロルクレイ,,duplicate
641,374,codepage,4883,16,Rotted Bludgeon,腐った棍棒,,duplicate
641,375,codepage,4899,17,Skull Receptacle,ドクロの器,,duplicate
641,376,codepage,4916,16,Skeleton Goblet,がいこつの杯,,duplicate
641,377,codepage,4932,12,Black Skull,黒いドクロ,,duplicate
641,378,codepage,4944,14,Black Crystal,漆黒の結晶,,duplicate
641,379,codepage,4958,9,Bonemeal,骨クズ,,duplicate
641,380,codepage,4967,15,Fuchsia Spinel,緋炎の尖晶石,,duplicate
641,381,codepage,4982,12,Teal Spinel,蒼炎の尖晶石,,duplicate
641,382,codepage,4994,18,Chartreuse Spinel,翠炎の尖晶石,,duplicate
641,383,codepage,5012,14,Scarlet Alloy,赤雷の珠,,duplicate
641,384,codepage,5026,15,Cerulean Alloy,青雷の珠,,duplicate
641,385,codepage,5041,16,Verdigris Alloy,翠雷の珠,,duplicate
641,386,codepage,5057,17,Polished Red Ore,錬赤鉱,,duplicate
641,387,codepage,5074,18,Polished Blue Ore,錬青鉱,,duplicate
641,388,codepage,5092,19,Polished Green Ore,錬翠鉱,,duplicate
641,389,codepage,5111,12,Rose Quartz,赤氷珠,,duplicate
641,390,codepage,5123,14,Indigo Quartz,青氷珠,,duplicate
641,391,codepage,5137,12,Sage Quartz,翠氷珠,,duplicate
641,392,codepage,5149,13,Broken Blade,折れた刀身,,duplicate
641,393,codepage,5162,13,Broken Sword,折れた剣,,duplicate
641,394,codepage,5175,9,Red Horn,レッドホーン,,duplicate
641,395,codepage,5184,14,Dragon's Horn,竜の角,,duplicate
641,396,codepage,5198,9,Red Fang,レッドファング,,duplicate
641,397,codepage,5207,14,Dragon's Fang,竜の牙,,duplicate
641,398,codepage,5221,16,Dragon Sapphire,ドラゴンサファイア,,duplicate
641,399,codepage,5237,15,Dragon Emerald,ドラゴンエメラルド,,duplicate
641,400,codepage,5252,12,Dragon Ruby,ドラゴンルビー,,duplicate
641,401,codepage,5264,18,Dragon's Wingbone,竜の翼骨,,duplicate
641,402,codepage,5282,13,Emerald Horn,エメラルドホーン,,duplicate
641,403,codepage,5295,15,Dragon's Talon,竜の斬爪,,duplicate
641,404,codepage,5310,20,Dragonlord's Nerves,竜神の逆鱗,,duplicate
641,405,codepage,5330,17,Dragon's Eyeball,竜の眼珠,,duplicate
641,406,codepage,5347,14,Dragon Scales,竜のうろこ,,duplicate
641,407,codepage,5361,15,Monster Scales,魔物のうろこ,,duplicate
641,408,codepage,5376,17,Evergreen Scales,深緑のうろこ,,duplicate
641,409,codepage,5393,15,Rainbow Scales,虹色のうろこ,,duplicate
641,410,codepage,5408,12,Worn Shield,ジャンクシールド,,duplicate
641,411,codepage,5420,6,Crown,クラウン,,duplicate
641,412,codepage,5426,15,Alligator Skin,ワニ皮,,duplicate
641,413,codepage,5441,16,Sharp Spearhead,するどい矛先,,duplicate
641,414,codepage,5457,9,Bat Wing,こうもりの羽,,duplicate
641,415,codepage,5466,16,Black Wing Skin,黒い飛膜,,duplicate
641,416,codepage,5482,13,Bat Umbrella,こうもり傘,,duplicate
641,417,codepage,5495,8,Bat Ear,こうもりの耳,,duplicate
641,418,codepage,5503,18,Great Eagle Heart,大ワシの心臓,,duplicate
641,419,codepage,5521,13,Wing Feather,風切羽,,duplicate
641,420,codepage,5534,20,Charged Tailfeather,封雷の尾羽,,duplicate
641,421,codepage,5554,22,Windswept Tailfeather,封嵐の尾羽,,duplicate
641,422,codepage,5576,15,Raptor's Talon,猛禽の爪,,duplicate
641,423,codepage,5591,13,Beast's Fang,獣の牙,,duplicate
641,424,codepage,5604,13,Scarlet Fang,真紅の牙,,duplicate
641,425,codepage,5617,16,Firebreath Core,ファイアブレスコア,,duplicate
641,426,codepage,5633,17,Blazebreath Core,ブレイズブレスコア,,duplicate
641,427,codepage,5650,17,Flamebreath Core,フレイムブレスコア,,duplicate
641,428,codepage,5667,15,Icebreath Core,アイスブレスコア,,duplicate
641,429,codepage,5682,17,Frostbreath Core,コールドブレスコア,,duplicate
641,430,codepage,5699,20,Blizzardbreath Core,ブリザードブレスコア,,duplicate
641,431,codepage,5719,15,Gasbreath Core,ガスブレスコア,,duplicate
641,432,codepage,5734,18,Poisonbreath Core,ポイズンブレスコア,,duplicate
641,433,codepage,5752,17,Toxicbreath Core,ハームブレスコア,,duplicate
641,434,codepage,5769,24,Pentachrome Breath Core,五色のブレスコア,,duplicate
641,435,codepage,5793,11,Beast Pelt,獣の毛皮,,duplicate
641,436,codepage,5804,14,Beast's Flesh,獣肉,,duplicate
641,437,codepage,5818,12,Koboldapult,スリングトップ,,duplicate
641,438,codepage,5830,13,Koboldriller,コボルトランサー,,duplicate
641,439,codepage,5843,12,Koboldriver,コボルトハンマー,,duplicate
641,440,codepage,5855,12,Copper Coin,銅のコイン,,duplicate
641,441,codepage,5867,12,Silver Coin,銀のコイン,,duplicate
641,442,codepage,5879,10,Gold Coin,金のコイン,,duplicate
641,443,codepage,5889,10,Bolt Coin,稲妻のコイン,,duplicate
641,444,codepage,5899,9,Iron Ore,鉄鉱石,,duplicate
641,445,codepage,5908,16,Gargoyle's Arch,巨獣の手羽,,duplicate
641,446,codepage,5924,17,Gargoyle's Wings,巨獣の翼,,duplicate
641,447,codepage,5941,16,Crimson Feather,真紅の羽根,,duplicate
641,448,codepage,5957,18,Evergreen Feather,深緑の羽根,,duplicate
641,449,codepage,5975,17,Pure White Plume,純白の飾り羽,,duplicate
641,450,codepage,5992,13,Indigo Plume,藍色の飾り羽,,duplicate
641,451,codepage,6005,5,Beak,くちばし,,duplicate
641,452,codepage,6010,8,Feather,羽毛,,duplicate
641,453,codepage,6018,7,Garnet,金剛石,,duplicate
641,454,codepage,6025,19,White Flower Petal,白い花弁,,duplicate
641,455,codepage,6044,17,Red Flower Petal,赤い花弁,,duplicate
641,456,codepage,6061,12,Poison Seed,ポイズンシード,,duplicate
641,457,codepage,6073,11,Toxic Seed,ハームシード,,duplicate
641,458,codepage,6084,11,Nightshade,ベラドンナ,,duplicate
641,459,codepage,6095,15,Insect Stinger,虫のトゲ,,duplicate
641,460,codepage,6110,10,Hot Plate,ヒートプレート,,duplicate
641,461,codepage,6120,12,Beetle Horn,甲虫の角,,duplicate
641,462,codepage,6132,13,Beetle Shell,甲虫の殻片,,duplicate
641,463,codepage,6145,17,Blue Bubble Core,ブルーバブルコア,,duplicate
641,464,codepage,6162,18,Green Bubble Core,グリーンバブルコア,,duplicate
641,465,codepage,6180,16,Swordfish Snout,ソードホーン,,duplicate
641,466,codepage,6196,14,Narwhal Tooth,バンカーホーン,,duplicate
641,467,codepage,6210,8,Seafood,海鮮肉,,duplicate
641,468,codepage,6218,12,Gas Ejector,ガスバレル,,duplicate
641,469,codepage,6230,12,Jet Ejector,ジェットバレル,,duplicate
641,470,codepage,6242,12,Red Ejector,レッドバレル,,duplicate
641,471,codepage,6254,13,Stone Bullet,ストーンブリット,,duplicate
641,472,codepage,6267,17,Ammunition Shell,貝殻の弾丸,,duplicate
641,473,codepage,6284,14,Armor Piercer,アーマーピアス,,duplicate
641,474,codepage,6298,12,Black Pearl,黒真珠,,duplicate
641,475,codepage,6310,9,Adhesive,粘着液,,duplicate
641,476,codepage,6319,15,Walkflower Leg,歩行花の脚,,duplicate
641,477,codepage,6334,16,Walkflower Root,歩行花の根,,duplicate
641,478,codepage,6350,19,Walkflower Tendril,歩行花のツル,,duplicate
641,479,codepage,6369,17,Walkflower Blade,歩行花の剣,,duplicate
641,480,codepage,6386,10,Wax Clump,ロウの塊,,duplicate
641,481,codepage,6396,15,Vegetable Seed,植物の種,,duplicate
641,482,codepage,6411,14,Mask Fragment,仮面の欠片,,duplicate
641,483,codepage,6425,10,Bone Mask,ボーンマスク,,duplicate
641,484,codepage,6435,12,Dark Amulet,ダークアミュレット,,duplicate
641,485,codepage,6447,12,Chaos Force,カオスフォース,,duplicate
641,486,codepage,6459,15,Desolation Gem,崩虚珠,,duplicate
641,487,codepage,6474,11,Aura Force,オーラフォース,,duplicate
641,488,codepage,6485,12,Bone Relief,ボーンレリーフ,,duplicate
641,489,codepage,6497,19,Tome of Necromancy,不死者の書,,duplicate
641,490,codepage,6516,10,Golem Eye,ゴーレムアイ,,duplicate
641,491,codepage,6526,20,Counterfeit Crystal,偽りの水晶,,duplicate
641,492,codepage,6546,11,Pixie Cube,ピクシーキューブ,,duplicate
641,493,codepage,6557,12,Golem Heart,ゴーレムハート,,duplicate
641,494,codepage,6569,10,METH Seal,〓et〓の刻印,,duplicate
641,495,codepage,6579,11,Base Metal,卑金属,,duplicate
641,496,codepage,6590,15,Red Soul Flame,レッドソウルフレイム,,duplicate
641,497,codepage,6605,16,Blue Soul Flame,ブルーソウルフレイム,,duplicate
641,498,codepage,6621,14,Headless Doll,首のない人形,,duplicate
641,499,codepage,6635,10,Ice Jewel,氷の宝珠,,duplicate
641,500,codepage,6645,11,Hail Jewel,雹の宝珠,,duplicate
641,501,codepage,6656,17,Drilling Imprint,穿孔の刻印,,duplicate
641,502,codepage,6673,17,Piercing Imprint,貫通の刻印,,duplicate
641,503,codepage,6690,16,Mirror Fragment,魔鏡の欠片,,duplicate
641,504,codepage,6706,12,Evil Mirror,イビルミラー,,duplicate
641,505,codepage,6718,14,Copper Signet,赤銅の聖印,,duplicate
641,506,codepage,6732,17,Cask of Offering,闇の神器,,duplicate
641,507,codepage,6749,11,Pact Chain,契約の鎖,,duplicate
641,508,codepage,6760,11,Demon Horn,デーモンホーン,,duplicate
641,509,codepage,6771,12,Diablo Horn,ディアブロホーン,,duplicate
641,510,codepage,6783,15,Dead Man's Gem,死者の宝珠,,duplicate
641,511,codepage,6798,11,Fool's Gem,愚者の宝珠,,duplicate
641,512,codepage,6809,15,Jet Black Wing,漆黒の翼,,duplicate
641,513,codepage,6824,17,Wing of Darkness,暗黒の翼,,duplicate
641,514,codepage,6841,14,Demon's Blaze,デモンズブレイズ,,duplicate
641,515,codepage,6855,14,Vampire Heart,ヴァンパイアハート,,duplicate
641,516,codepage,6869,14,Eternal Flame,不滅の炎,,duplicate
641,517,codepage,6883,13,Vampire Fang,ヴァンパイアファング,,duplicate
641,518,codepage,6896,18,Bloodsucking Fang,吸血牙,,duplicate
641,519,codepage,6914,13,Vampire Claw,ヴァンパイアクロー,,duplicate
641,520,codepage,6927,20,Sharp Scissor Heart,シャープシザーハート,,duplicate
641,521,codepage,6947,19,Sharp Scissor Wing,シャープシザーの翼,,duplicate
641,522,codepage,6966,12,Scissorhand,シザーハンド,,duplicate
641,523,codepage,6978,8,Citrine,黄水晶,,duplicate
641,524,codepage,6986,13,Rose Imprint,バラの刻印,,duplicate
641,525,codepage,6999,14,Giant Pincers,大ばさみ,,duplicate
641,526,codepage,7013,21,Stonecutting Pincers,断岩鋏,,duplicate
641,527,codepage,7034,11,Geist Core,ガイストコア,,duplicate
641,528,codepage,7045,13,Gremlin Core,グレムリンコア,,duplicate
641,529,codepage,7058,11,Ram's Horn,ビッグラム,,duplicate
641,530,codepage,7069,21,Battering Ram's Horn,ブレイクラム,,duplicate
641,531,codepage,7090,11,Tail Armor,アーマーテイル,,duplicate
641,532,codepage,7101,17,Snakebelly Armor,蛇腹の装甲,,duplicate
641,533,codepage,7118,12,Empty Shell,虚ろの殻,,duplicate
641,534,codepage,7130,13,Hollow Shell,虚無殻,,duplicate
641,535,codepage,7143,17,Spiral Arrowhead,らせんの矢じり,,duplicate
641,536,codepage,7160,7,Baraka,バラカ,,duplicate
641,537,codepage,7167,13,Evil Eye Gem,魔眼の宝珠,,duplicate
641,538,codepage,7180,8,Eyeball,眼珠,,duplicate
641,539,codepage,7188,11,Heart Core,ハートコア,,duplicate
641,540,codepage,7199,19,Emerald Heart Core,エメラルドハートコア,,duplicate
641,541,codepage,7218,11,Thick Bone,堅牢骨,,duplicate
641,542,codepage,7229,10,Bone Mace,ボーンメイス,,duplicate
641,543,codepage,7239,14,Bonafide Bone,極硬骨,,duplicate
641,544,codepage,7253,10,Tentacles,テンタクルス,,duplicate
641,545,codepage,7263,13,Goblin Tooth,小鬼の牙,,duplicate
641,546,codepage,7276,22,Monsters Canine Tooth,悪魔の犬歯,,duplicate
641,547,codepage,7298,10,Drainwing,ドレインウイング,,duplicate
641,548,codepage,7308,10,Steelwing,スティールウイング,,duplicate
641,549,codepage,7318,18,Trickster Imprint,トリックスターの刻印,,duplicate
641,550,codepage,7336,19,Little Devil Heart,小悪魔の心臓,,duplicate
641,551,codepage,7355,15,Burgundy Flask,ポルト酒,,duplicate
641,552,codepage,7370,7,Legion,レギオン,,duplicate
641,553,codepage,7377,13,Crimson Wasp,クリムゾンワスプ,,duplicate
641,554,codepage,7390,13,Platinum Eye,プラチナアイ,,duplicate
641,555,codepage,7403,11,Big Bugeye,大複眼,,duplicate
641,556,codepage,7414,12,Giant Amber,ジャイアントアンバー,,duplicate
641,557,codepage,7426,11,Amber Core,アンバーコア,,duplicate
641,558,codepage,7437,11,Big Needle,ビッグニードル,,duplicate
641,559,codepage,7448,13,Lance Needle,ランサーニードル,,duplicate
641,560,codepage,7461,19,Insect King's Wing,王虫の羽,,duplicate
641,561,codepage,7480,12,Indigo Wing,藍色の羽,,duplicate
641,562,codepage,7492,12,Royal Jelly,ロイヤルゼリー,,duplicate
641,563,codepage,7504,21,Vermillion Cartilage,真紅の軟骨,,duplicate
641,564,codepage,7525,20,Verdigris Cartilage,翡翠の軟骨,,duplicate
641,565,codepage,7545,10,Mace Head,メイスヘッド,,duplicate
641,566,codepage,7555,12,Lamb's Horn,羊の角,,duplicate
641,567,codepage,7567,12,Warped Horn,歪んだ角,,duplicate
641,568,codepage,7579,12,Shell Shade,シェルシェード,,duplicate
641,569,codepage,7591,17,Protection Shade,プロテクトシェード,,duplicate
641,570,codepage,7608,15,Falcon Imprint,鷹の刻印,,duplicate
641,571,codepage,7623,17,Accuracy Imprint,必中の刻印,,duplicate
641,572,codepage,7640,13,Lamb's Tooth,羊の前歯,,duplicate
641,573,codepage,7653,13,Warped Teeth,歪んだ前歯,,duplicate
641,574,codepage,7666,18,Silverwork Orchid,蘭の銀細工,,duplicate
641,575,codepage,7684,18,Wyvern's Wingbone,飛竜の風切骨,,duplicate
641,576,codepage,7702,18,Dragon Gallstones,竜胆石,,duplicate
641,577,codepage,7720,16,Red Dragon Bile,竜赤胆,,duplicate
641,578,codepage,7736,9,Tailclaw,テイルクロー,,duplicate
641,579,codepage,7745,11,Tailbanger,テイルバンカー,,duplicate
641,580,codepage,7756,18,Green Gallbladder,翡翠胆,,duplicate
641,581,codepage,7774,19,Draconic Gallstone,真竜胆,,duplicate
641,582,codepage,7793,21,Brilliant Peacemaker,ブリリアントピースメーカー,,duplicate
641,583,codepage,7814,11,Trade Card,ジェントルカード,,duplicate
641,584,codepage,7825,14,Sacred O Part,セイクリッドオーパーツ,,duplicate
641,585,codepage,7839,14,Sacred Spinel,ホーリィスピネル,,duplicate
641,586,codepage,7853,11,Hemp Laces,麻の紐,,duplicate
641,587,codepage,7864,12,Core Spinel,コアスピネル,,duplicate
641,588,codepage,7876,14,Copper Splint,スプリントカッパー,,duplicate
641,589,codepage,7890,13,Core Emerald,コアエメラルド,,duplicate
641,590,codepage,7903,10,Core Ruby,コアルビー,,duplicate
641,591,codepage,7913,14,Silver Sconce,銀の燭台,,duplicate
641,592,codepage,7927,16,Darkbreath Core,ダークブレスコア,,duplicate
641,593,codepage,7943,17,Blackbreath Core,ブラックブレスコア,,duplicate
641,594,codepage,7960,17,Verdigris Scales,翡翠のうろこ,,duplicate
641,595,codepage,7977,20,Electricbreath Core,エレキブレスコア,,duplicate
641,596,codepage,7997,19,Thunderbreath Core,サンダーブレスコア,,duplicate
641,597,codepage,8016,16,Boltbreath Core,ボルトブレスコア,,duplicate
641,598,codepage,8032,17,Ruby Breath Core,ルビーブレスコア,,duplicate
641,599,codepage,8049,18,Vermillion Scales,真紅のうろこ,,duplicate
641,600,codepage,8067,19,Scarlet Exhalation,紅蓮の吐息,,duplicate
641,601,codepage,8086,19,Pentachrome Scales,五色のうろこ,,duplicate
641,602,codepage,8105,10,Flare Ore,火炎鉱石,,duplicate
641,603,codepage,8115,16,Pyrotechnic Ore,緑炎鉱石,,duplicate
641,604,codepage,8131,13,Damascus Ore,ダマスカス鉱,,duplicate
641,605,codepage,8144,12,Mithril Ore,ミスリル鉱,,duplicate
641,606,codepage,8156,12,Solar Jewel,太陽の宝珠,,duplicate
641,607,codepage,8168,15,Augite of Life,命の輝石,,duplicate
641,608,codepage,8183,11,Adamantite,アダマンタイト,,duplicate
641,609,codepage,8194,14,Phosphate Ore,燐鉱,,duplicate
641,610,codepage,8208,13,Dragon Skull,竜のドクロ,,duplicate
641,611,codepage,8221,19,Undead Dragon Bone,屍竜骨,,duplicate
641,612,codepage,8240,14,Dragonmaggots,竜蛆,,duplicate
641,613,codepage,8254,12,Dragonfleas,竜甲虫,,duplicate
641,614,codepage,8266,14,Rotted Scales,腐ったうろこ,,duplicate
641,615,codepage,8280,17,Blackened Scales,黒ずんだうろこ,,duplicate
641,616,codepage,8297,14,Spectral Wing,虹彩翼,,duplicate
641,617,codepage,8311,17,Transparent Wing,透明翼,,duplicate
641,618,codepage,8328,23,Black Dragon Gallstone,黒の竜胆,,duplicate
641,619,codepage,8351,19,Sable Dragonscales,漆黒の竜鱗,,duplicate
641,620,codepage,8370,14,Dark Carapace,暗黒殻,,duplicate
641,621,codepage,8384,19,Black Dragon Talon,竜の黒曜爪,,duplicate
641,622,codepage,8403,13,Platinum Fly,白銀蝿,,duplicate
641,623,codepage,8416,18,Noblewoman's Fire,麗人の炎,,duplicate
641,624,codepage,8434,22,Noblewoman's Phosphor,麗人の燐光,,duplicate
641,625,codepage,8456,18,Noblewoman's Ball,麗人の玉,,duplicate
641,626,codepage,8474,13,Crystal Mask,クリスタルマスク,,duplicate
641,627,codepage,8487,11,Soul Pearl,ソウルパール,,duplicate
641,628,codepage,8498,13,Cutting Claw,カッティングクロー,,duplicate
641,629,codepage,8511,12,Divine Cask,神器,,duplicate
641,630,codepage,8523,11,Holy Relic,聖遺物,,duplicate
641,631,codepage,8534,16,White Loincloth,純白の腰布,,duplicate
641,632,codepage,8550,13,Wisdom Jewel,英知の宝珠,,duplicate
641,633,codepage,8563,12,Ether Laser,透器エーテル・レイザー,,duplicate
641,634,codepage,8575,19,Full-color Lenneth,レナス人形・フルカラー,,duplicate
641,635,codepage,8594,12,Gobligotchi,ごぶりっち,,duplicate
641,636,codepage,8606,17,tri-Emblem Alpha,トライエンブレムα,,duplicate
641,637,codepage,8623,16,tri-Emblem Beta,トライエンブレムβ,,duplicate
641,638,codepage,8639,12,Curse Check,カースチェック,,duplicate
641,639,codepage,8651,13,Freeze Check,フリーズチェック,,duplicate
641,640,codepage,8664,11,Stun Check,スタンチェック,,duplicate
641,641,codepage,8675,12,Stone Check,ストーンチェック,,duplicate
641,642,codepage,8687,15,Paralyze Check,パラライチェック,,duplicate
641,643,codepage,8702,13,Poison Check,ポイズンチェック,,duplicate
641,644,codepage,8715,14,Silence Check,サイレンスチェック,,duplicate
641,645,codepage,8729,14,Confuse Check,コンフューズチェック,,duplicate
641,646,codepage,8743,14,Frailty Check,ウィークチェック,,duplicate
641,647,codepage,8757,11,Fear Check,フィアーチェック,,duplicate
641,648,codepage,8768,13,Power Bangle,パワーバングル,,duplicate
641,649,codepage,8781,13,Magic Bangle,マジックバングル,,duplicate
641,650,codepage,8794,16,Ring of Healing,ヒールリング,,duplicate
641,651,codepage,8810,4,Keg,樽酒,,duplicate
641,652,codepage,8814,15,Stagnant Water,淀んだ水,,duplicate
641,653,codepage,8829,14,Broken Amulet,壊れたアミュレット,,duplicate
641,654,codepage,8843,11,Dead Ashes,死灰,,duplicate
641,655,codepage,8854,12,Pallid Mask,青白の仮面,,duplicate
641,656,codepage,8866,18,Shrine Chronicles,祭祀書,,duplicate
641,657,codepage,8884,11,Meat Chops,骨付き肉,,duplicate
641,658,codepage,8895,12,Fish Scales,魚燐,,duplicate
641,659,codepage,8907,7,G-seed,Gシード,,duplicate
641,660,codepage,8914,17,Fairy-in-the-box,妖精の小箱,,duplicate
641,661,codepage,8931,20,Drilling Ram's Horn,ドリルラム,,duplicate
641,662,codepage,8951,14,Petrified Ash,トネリコの化石,,duplicate
641,663,codepage,8965,13,Busted Spear,壊れた槍,,duplicate
641,664,codepage,8978,13,Busted Sword,壊れた剣,,duplicate
641,665,codepage,8991,11,Busted Bow,壊れた弓,,duplicate
641,666,codepage,9002,18,Busted Greatsword,壊れた大剣,,duplicate
641,667,codepage,9020,13,Busted Staff,壊れた杖,,duplicate
641,668,codepage,9033,14,Busted Hammer,壊れた槌,,duplicate
641,669,codepage,9047,16,Honeysuckle Dew,金銀花の露,,duplicate
641,670,codepage,9063,15,Berserker Herb,ベルセルクの草片,,duplicate
641,671,codepage,9078,17,The Cosmic Order,秩序の原理,,duplicate
641,672,codepage,9095,13,Bragi's Song,ブラギの詩篇,,duplicate
641,673,codepage,9108,11,Thaw Water,雪解け水,,duplicate
641,674,codepage,9119,12,Pearl Grass,真珠草,,duplicate
641,675,codepage,9131,15,Cockatrice Egg,コカトリスの卵,,duplicate
641,676,codepage,9146,16,Awakening Berry,覚醒の実,,duplicate
641,677,codepage,9162,14,Dipan Pennant,ディパンのペナント,,duplicate
641,678,codepage,9176,16,Holybreath Core,ホーリィブレスコア,,duplicate
641,679,codepage,9192,19,Shiningbreath Core,シャイニングブレスコア,,duplicate
641,680,codepage,9211,20,Rotten Dragon Liver,腐竜肝,,duplicate
641,681,codepage,9231,11,Sabertooth,セイバートゥース,,duplicate
641,682,codepage,9242,12,Insect Claw,虫のカギ爪,,duplicate
641,683,codepage,9254,13,Insect Blade,インセクトブレイダー,,duplicate
641,684,codepage,9267,15,Banshee Scales,バンシースケイル,,duplicate
641,685,codepage,9282,12,Tuning Wing,音叉羽,,duplicate
641,686,codepage,9294,12,Crest Estoc,クレストエストック,,duplicate
641,687,codepage,9306,6,Amber,琥珀,,duplicate
641,688,codepage,9312,10,Tough Fin,堅牢なヒレ,,duplicate
641,689,codepage,9322,10,Ray Force,レイフォース,,duplicate
641,690,codepage,9332,12,Broken Claw,折れた爪,,duplicate
641,691,codepage,9344,10,Axe Crust,戦斧殻,,duplicate
641,692,codepage,9354,12,Sight Stone,視玉,,duplicate
641,693,codepage,9366,11,Vision Orb,ビジヨンオーブ,,duplicate
641,694,codepage,9377,13,Bloody Patch,ブラッディクロス,,duplicate
641,695,codepage,9390,18,Evil Eyebrow Ring,魔眼のピアス,,duplicate
641,696,codepage,9408,16,Steel Horseshoe,鋼の蹄鉄,,duplicate
641,697,codepage,9424,16,Symbol of Might,マイトシンボル,,duplicate
641,698,codepage,9440,13,Vortex Crest,旋風の紋章,,duplicate
641,699,codepage,9453,20,Rising Dragon Talon,強襲爪,,duplicate
641,700,codepage,9473,12,Spiked Claw,スパイククロー,,duplicate
641,701,codepage,9485,12,Scythe Claw,サイズクロー,,duplicate
641,702,codepage,9497,14,Obsidian Claw,黒曜の爪,,duplicate
641,703,codepage,9511,11,Blade Claw,ブレイドクロー,,duplicate
641,704,codepage,9522,11,Dragon Rib,ドラゴンリブ,,duplicate
641,705,codepage,9533,18,Dragon Meat Paste,竜の肉味噌,,duplicate
641,706,codepage,9551,12,Arc-en-Ciel,アルカンシェル,,duplicate
641,707,codepage,9563,18,Evil Eye of Death,視殺の魔眼,,duplicate
641,708,codepage,9581,18,Magic Dragon Horn,魔竜の大角,,duplicate
641,709,codepage,9599,19,Orientation Scales,羅針鱗,,duplicate
641,710,codepage,9618,23,Unladen Swallow Scales,飛燕鱗,,duplicate
641,711,codepage,9641,14,Homing Scales,ホーミングスケイル,,duplicate
641,712,codepage,9655,15,Crimson Scales,紅蓮のうろこ,,duplicate
641,713,codepage,9670,14,Ghibli Scales,ギブリスケイル,,duplicate
641,714,codepage,9684,12,Bora Scales,ボーラスケイル,,duplicate
641,715,codepage,9696,15,Khamsin Scales,カムシーンスケイル,,duplicate
641,716,codepage,9711,12,Ymir's Tear,ユミルの涙,,duplicate
641,717,codepage,9723,12,Thor's Rage,トールレイジ,,duplicate
641,718,codepage,9735,10,Deep Doom,ディープドゥーム,,duplicate
641,719,codepage,9745,12,Blood Jewel,ブラッドジュエリー,,duplicate
641,720,codepage,9757,13,Firefly Fire,蛍火,,duplicate
641,721,codepage,9770,12,Cursed Soul,怨念の塊,,duplicate
641,722,codepage,9782,12,Dark Matter,ダークマター,,duplicate
641,723,codepage,9794,12,Abyss Cloak,暗闇のマント,,duplicate
641,724,codepage,9806,18,Demon's Right Arm,悪魔の右腕,,duplicate
641,725,codepage,9824,17,Demon's Left Arm,悪魔の左腕,,duplicate
641,726,codepage,9841,13,Demon's Hoof,悪魔のひづめ,,duplicate
641,727,codepage,9854,15,Eternal Silver,不滅銀,,duplicate
641,728,codepage,9869,11,Orichalcum,オリハルコン,,duplicate
641,729,codepage,9880,14,Electric Bone,電気骨,,duplicate
641,730,codepage,9894,16,Lightning Stone,稲妻石,,duplicate
641,731,codepage,9910,14,Sprinter Cell,スプリントセル,,duplicate
641,732,codepage,9924,12,Giant Pearl,大粒の真珠,,duplicate
641,733,codepage,9936,12,Kraken Fang,クラーケンファング,,duplicate
641,734,codepage,9948,12,Metabolizer,メタボライザー,,duplicate
641,735,codepage,9960,16,Bullets of Evil,ブリッツオブイービル,,duplicate
641,736,codepage,9976,11,Moon Pearl,ムーンパール,,duplicate
641,737,codepage,9987,17,Pulverizing Bone,破砕骨,,duplicate
641,738,codepage,10004,16,Assault Missile,アサルトミサイル,,duplicate
641,739,codepage,10020,21,Sylphide's Arrowhead,シルフィードアロートップ,,duplicate
641,740,codepage,10041,11,Lucky Tail,しっぱホルダー,,duplicate
641,741,codepage,10052,10,Empty Box,空の小箱,,duplicate
641,742,codepage,10062,14,Firemouse Fur,火ネズミの毛皮,,duplicate
641,743,codepage,10076,17,Demon's Parabola,悪魔のパラボラ,,duplicate
641,744,codepage,10093,10,Bat Cloak,こうもりのマント,,duplicate
641,745,codepage,10103,14,Griffon Talon,グリフォンの爪,,duplicate
641,746,codepage,10117,14,Drilling Beak,穿孔のくちばし,,duplicate
641,747,codepage,10131,18,Silver Vine Frame,銀枠のカズラ,,duplicate
641,748,codepage,10149,19,Mirror of the Lake,湖面の鏡,,duplicate
641,749,codepage,10168,14,Wind-up Screw,ネジ巻き,,duplicate
641,750,codepage,10182,11,Fatal Seed,フェイタルシード,,duplicate
641,751,codepage,10193,12,Tiny Flower,ちいさな花,,duplicate
641,752,codepage,10205,5,Lily,リリィ,,duplicate
641,753,codepage,10210,13,Weeping Lily,スズラン,,duplicate
641,754,codepage,10223,10,Gladiolus,グラジオラス,,duplicate
641,755,codepage,10233,14,Amber Lenneth,レナス人形・アンバー,,duplicate
641,756,codepage,10247,17,Metallic Lenneth,レナス人形・メタリック,,duplicate
641,757,codepage,10264,16,Crystal Lenneth,レナス人形・クリスタル,,duplicate
641,758,codepage,10280,9,Truthade,トゥルサード,,duplicate
641,759,codepage,10289,8,Incense,インセンス,,duplicate
641,760,codepage,10297,12,Dragon Palm,竜の掌,,duplicate
641,761,codepage,10309,15,Prancing Horse,跳ね馬の銅像,,duplicate
641,762,codepage,10324,14,Celadon Chick,青磁のひよこ,,duplicate
641,763,codepage,10338,14,Ruby-Eyed Bee,ルビーのミツバチ,,duplicate
641,764,codepage,10352,15,Beryl Bracelet,緑柱石の腕輪,,duplicate
641,765,codepage,10367,18,Red Copper Mirror,赤銅の鏡,,duplicate
641,766,codepage,10385,19,Blue Bronze Mirror,青銅の鏡,,duplicate
641,767,codepage,10404,10,Blue Doll,青い人形,,duplicate
641,768,codepage,10414,14,Green Kittens,緑の子猫,,duplicate
641,769,codepage,10428,11,Red Cherry,レッドチェリー,,duplicate
641,770,codepage,10439,11,Blue Apple,ブルーアップル,,duplicate
641,771,codepage,10450,16,Dark Votive Cup,闇の祭器,,duplicate
641,772,codepage,10466,15,Jade Sealpouch,翠の封陣器,,duplicate
641,773,codepage,10481,15,Rose Sealpouch,緋の封陣器,,duplicate
641,774,codepage,10496,16,Azure Sealpouch,藍の封陣器,,duplicate
641,775,codepage,10512,23,Map of the North Lands,大陸北部の地図,,duplicate
641,776,codepage,10535,22,Map of the West Lands,大陸西部の地図,,duplicate
641,777,codepage,10557,22,Map of the East Lands,大陸東部の地図,,duplicate
641,778,codepage,10579,14,Hildr's Sword,狩剣ヒルド,,duplicate
641,779,codepage,10593,12,Hauteclaire,誓剣オートクレイル,,duplicate
641,780,codepage,10605,14,Cloth Greaves,クロスグリーブ,,duplicate
641,781,codepage,10619,15,Knight Greaves,ナイトグリーブ,,duplicate
641,782,codepage,10634,14,Leather Boots,レザーブーツ,,duplicate
641,783,codepage,10648,12,Magic Boots,マジックブーツ,,duplicate
641,784,codepage,10660,11,Work Boots,ワークブーツ,,duplicate
641,785,codepage,10671,6,Charm,お守り,,duplicate
641,786,codepage,10677,12,Royal Glove,ロイヤルグローブ,,duplicate
641,787,codepage,10689,18,Divine Time Giver,時渡りの神器,,duplicate
641,788,codepage,10707,9,Gandeeva,ガンデーヴァ,,duplicate
641,789,codepage,10716,18,Oreichalkos Staff,オレイカルコスの杖,,duplicate
641,790,codepage,10734,17,Thrud's Gauntlet,スルーズの手甲,,duplicate
641,791,codepage,10751,17,Randgrid's Blade,神剣ランドグリーズ,,duplicate
641,792,codepage,10768,15,Alvitr's Armor,アルヴィトの光鎧,,duplicate
641,793,codepage,10783,23,Allfather Kobold Shirt,親父のコボルトシャツ,,duplicate
641,794,codepage,10806,18,Double-sided Tape,両面テープの欠片,,duplicate
641,795,codepage,10824,11,Wisdom Wig,英知のヅラ,,duplicate
641,796,codepage,10835,9,Gungnear,クンクニル,,duplicate
641,797,codepage,10844,12,Bamboo Pole,竹竿,,duplicate
641,798,codepage,10856,20,Push-up Thingamajig,寄せてあげるアレ,,duplicate
641,799,codepage,10876,12,Freya's Cap,フレイキャップ,,duplicate
641,800,codepage,10888,13,Crystal Ball,クリスタルボール,,duplicate
641,801,codepage,10901,21,Valkyrie Kobold Mail,戦乙女のコボルトメイル,,duplicate
641,802,codepage,10922,15,Die-cast Lance,ダイキャストランス,,duplicate
641,803,codepage,10937,21,Cypress Quarterstaff,ひのきのぼう,,duplicate
641,804,codepage,10958,17,Self-help Manual,実用書,,duplicate
641,805,codepage,10975,10,Iron Pipe,鉄パイプ,,duplicate
641,806,codepage,10985,9,Ham-Star,ハム☆スター,,duplicate
641,807,codepage,10994,15,Sunflower Seed,ひまわりのたね,,duplicate
641,808,codepage,11009,14,Miracle Guard,ミラクルガード,,duplicate
641,809,codepage,11023,15,Phylactic Helm,フィラクトヘルム,,duplicate
641,810,codepage,11038,17,Ouroboros Symbol,ウロボロスシンボル,,duplicate
641,811,codepage,11055,11,Afro Puffs,アフロヘッド,,duplicate
641,812,codepage,11066,16,Antique Pendant,ふるびたペンダント,,duplicate
641,813,codepage,11082,7,Radish,大根,,duplicate
641,814,codepage,11089,15,Steel Hairband,鋼鉄のヘアーバンド,,duplicate
641,815,codepage,11104,24,Depressing Kobold Shirt,ヘタれたコボルトシャツ,,duplicate
641,816,codepage,11128,12,Third Proof,三枚目の証,,duplicate
641,817,codepage,11140,16,Winded Bandanna,疾風のバンダナ,,duplicate
641,818,codepage,11156,17,New Item Catalog,新品のガイドブック,,duplicate
641,819,codepage,11173,15,Wigged-out Wig,ツンツンのヅラ,,duplicate
641,820,codepage,11188,14,Purple Mirror,紫の鏡,,duplicate
641,821,codepage,11202,10,Tiny Bugs,ちいさな虫,,duplicate
641,822,codepage,11212,15,Valkyrie Favor,ヴァルキリーフェイバー,,duplicate
641,823,codepage,11227,26,"Slashing Sword ""Farewell""",裂刀ファーウェル,,duplicate
641,824,codepage,11253,13,Bahamut Tear,バハムートティア,,duplicate
641,825,codepage,11266,22,Improved Dragonslayer,ドラゴンスレイヤー改,,duplicate
641,826,codepage,11288,13,Undead Sword,不死者の剣,,duplicate
641,827,codepage,11301,21,Philosopher's Pebble,賢者の石の破片,,duplicate
641,828,codepage,11322,16,Homunculus Seed,ホムンクルスの種,,duplicate
641,829,codepage,11338,18,Monster Manifesto,大いなる教書,,duplicate
641,830,codepage,11356,18,Dark Cleric Robes,闇の法衣,,duplicate
641,831,codepage,11374,18,Sword of the Meek,虐げられし者の剣,,duplicate
641,832,codepage,11392,13,Hunted Mouse,狩られたネズミ,,duplicate
641,833,codepage,11405,16,Tailless Lizard,尻尾の切れたトカゲ,,duplicate
641,834,codepage,11421,18,Misfortunate Bird,不幸な青い鳥,,duplicate
641,835,codepage,11439,9,Cat Poop,ねこのふん,,duplicate
641,836,codepage,11448,12,Sucked Bone,しやぶった骨,,duplicate
641,837,codepage,11460,16,Chewed-up Shoes,かじった靴,,duplicate
641,838,codepage,11476,14,Squalid Cloth,ぼろぼろの布,,duplicate
641,839,codepage,11490,9,Dog Poop,いぬのふん,,duplicate
641,840,codepage,11499,13,Chicken Feed,ひよこのえさ,,duplicate
641,841,codepage,11512,17,Vegetable Debris,野菜くず,,duplicate
641,842,codepage,11529,15,Clamshell Chum,貝殻入りのえさ,,duplicate
641,843,codepage,11544,10,Bird Poop,とりのふん,,duplicate
641,844,codepage,11554,9,Cat Ring,猫の指輪,,duplicate
641,845,codepage,11563,9,Dog Ring,犬の指輪,,duplicate
641,846,codepage,11572,10,Bird Ring,鳥の指輪,,duplicate
641,847,codepage,11582,15,Solomon's Ring,ソロモンの指輪,,duplicate
641,849,codepage,11598,30,A common sword made of steel.,一般的に使用されている鉄〓の刀剣。,,duplicate
641,850,codepage,11628,63,A thin-bladed sword. Generally used to deliver thrust attacks.,細身の剣。主に刺突攻撃を想定して作られている。,,duplicate
641,851,codepage,11691,61,"A kind of saber. Its name means ""curved like a lion's tail.""",サーベルの原〓となった剣。〓子の尾という意味を持つ。,,duplicate
641,852,codepage,11752,38,Preferred sword of fearless warriors.,勇猛な戦士が好んで使っていたという刀剣。,,duplicate
641,853,codepage,11790,30,Curved sword with wide blade.,身〓の広い片刃の曲刀。,,duplicate
641,854,codepage,11820,63,"Equipped with a large hilt, it improves the wielder's defense.","ヒルトと呼ばれるナックルガードを取り付け、
利き手の防御効果を高めた刀剣。",,duplicate
641,855,codepage,11883,88,"Holy sword that disperses wicked spirits.
It is said to rip through immaterial beasts.","〓まわしき亡霊を打ち払う聖剣。
実体を持たない魔物を切り裂くと言われている。",,duplicate
641,856,codepage,11971,89,"Sword said to bury ferocious beasts in a single blow.
Fallen beasts leave but a memory.","〓暴な獣を一太刀で〓ったと言われる剣。
倒された獣は波紋の一つになると言われている。",,duplicate
641,857,codepage,12060,57,Sword that is excellent for either slashing or stabbing.,斬撃と刺突の両方の用途に優れた特性を示す刀剣。,,duplicate
641,858,codepage,12117,24,A straight-edged saber.,直刀〓のサーベル。,,duplicate
641,859,codepage,12141,37,Sword endowed with the magic of ice.,氷の魔力を付与された刀剣。,,duplicate
641,860,codepage,12178,110,"Sword with blade curved in the shape of a crescent.
Said to have decapitated a monster with snakes for hair.","〓状に曲がった刃を持つ剣。
毒蛇の頭〓を持つ魔物の首を落としたと言われている。",,duplicate
641,861,codepage,12288,76,"Blade said to have buried a monstrous spider.
Insects writhe at its touch.","邪悪な力を持つ大蜘蛛を一太刀で〓ったと言われる剣。
その刀身に〓れた虫は、ことごとく死を迎える。",,duplicate
641,862,codepage,12364,72,"A sword whose razor-sharp edge is endowed with the power of
lightning.",雷撃の力を刃に付与された刀剣。,,duplicate
641,863,codepage,12436,84,"Sword endowed with the magic power of ice.
Its victims are stung by a bitter cold.","氷の魔力を付与された刀剣。
斬られた者は極〓の冷気にさらされると言う。",,duplicate
641,864,codepage,12520,90,"Sword said to crush magic power. 
Even the greatest of sorcerers is powerless before it.","魔力を砕くと言われる剣。
この剣の前には、どんなに〓大な魔術師も無力となる。",,duplicate
641,865,codepage,12610,37,Sword imbued with the power of fire.,炎の力を秘めているという刀剣。,,duplicate
641,866,codepage,12647,78,"Blade so sharp it can cut floating lotuses.
Vegetation withers at its touch.","水面に〓かぶ蓮を断ち切る〓に鋭い切れ味を持つ剣。
その刀身に〓れた植物はたちまち枯れゆく。",,duplicate
641,867,codepage,12725,31,Sword blessed with holy power.,聖なる力で〓められた刀剣。,,duplicate
641,868,codepage,12756,89,"Blade so quick it appears as a blur. 
Not even its victim knows how many cuts are made.","あまりの攻撃の速さに、剣影が一つにしか見えないという名剣。
攻撃された者すら何度斬られたか〓握できない。",,duplicate
641,869,codepage,12845,81,"Sword once belonging to the Knight of the Lake.
Said to capture women's hearts.","かつて湖の騎士と呼ばれた英雄の剣。
数多の女性を虜にすると言われている。",,duplicate
641,870,codepage,12926,68,"Longsword forged from an unknown metal with the shine of
platinum.",白金に輝く金属で作られた長剣。材質〓詳細は不明。,,duplicate
641,871,codepage,12994,97,"A sword unmatched by any other. But it is so powerful that
the wielder will fall into darkness.","無二の名剣。だが武器の本質を純粋に追求しすぎたため、
持つ者は残らず闇に〓ちる結果になるという。",,duplicate
641,872,codepage,13091,91,"Sword of a saint known as the Dragonslayer.
Attacks with extraordinary destructive power.","竜殺しの異名を持つ聖人が所持した剣。
この剣による攻撃は通常の破壊力を上回る。",,duplicate
641,873,codepage,13182,38,Sword forged from a fallen meteorite.,〓石を鍛えて作られたという〓色の刀剣。,,duplicate
641,874,codepage,13220,123,"Divine sword imbued with the power to create worlds. Positive
power is transformed into negative power to purify enemies.","世界創世の力を秘めているという神の剣。
正の力を負に転換して敵を攻撃し、浄化するという。",,duplicate
641,875,codepage,13343,82,"Its name means god-slayer, but in fact its power lies in the
opposite direction.","神殺しの〓名をきせられた剣。
だがその本質は、魔とは正反対に位置している。",,duplicate
641,876,codepage,13425,92,"A magical black sword said to have been discovered in the
stomach of the dragon Bloodbane.",魔竜の腹中にあると言われた漆黒の魔剣。,,duplicate
641,877,codepage,13517,41,Sword said to be that of the hero Helgi.,英雄ヘルギが所有していたと言われる剣。,,duplicate
641,878,codepage,13558,101,"Sword bestowed upon a villain who slays angels. 
Even the mightiest of gods is powerless before it.","天使を殺し続けた咎人に〓られる破壊の剣。
どんな〓大な神もこの剣の前には無力となる。",,duplicate
641,879,codepage,13659,49,Sword which can be wielded in one or both hands.,片手でも両手でも扱える剣。,,duplicate
641,880,codepage,13708,51,"A two-handed greatsword, as long as a man is tall.",人の身長とほぼ同じ長さを持つ両手剣。,,duplicate
641,881,codepage,13759,33,A type of two-handed greatsword.,両手持ち大剣の類〓。,,duplicate
641,882,codepage,13792,50,Greatsword endowed with the power of the spirits.,精霊の力が付与された大剣。,,duplicate
641,883,codepage,13842,68,"Antique sword with a sharp blade. 
Even rust cannot dull its edge.","鋭い切れ味を持つ宝剣。
〓びてもその威力は〓がれないという。",,duplicate
641,884,codepage,13910,68,"Two-handed greatsword with a blade that is heavy yet 
razor-sharp.",刀身は重いが切れ味は鋭い、両手持ち大剣の類〓。,,duplicate
641,885,codepage,13978,33,A type of two-handed greatsword.,両手持ち大剣の類〓。,,duplicate
641,886,codepage,14011,84,"Greatsword with a flame-like serrated edge.
A sword as deadly as it is decorative.",火炎の意を〓する大剣。炎のように波打つ刀身を持つ。,,duplicate
641,887,codepage,14095,91,"Super-heavyweight sword longer than its wielder's height.
Crushes enemies in their armor.","人の身長よりも長く作られた超重量級の剣。
どんな巨大な敵も、防具ごと叩き潰す破壊力を持つ。",,duplicate
641,888,codepage,14186,58,Sword which cuts through flesh as well as warped spirits.,肉体と共に歪んだ精神を切り裂くという刀剣。,,duplicate
641,889,codepage,14244,100,"Sword with incredible power against dragons.
Even the strongest of dragons is powerless before it.","竜殺しとも呼ばれる大剣。
どんな強大な力を持つ竜も、この剣の前には無力となる。",,duplicate
641,890,codepage,14344,45,Beloved sword of one of Villnore's founders.,かつてヴィルノア建国の雄となった戦士が愛用していた剣。,,duplicate
641,891,codepage,14389,87,"Blue ripples occasionally appear on this greatsword's blade,
as if it were breathing.","刀身に蒼い波紋が時折〓かび上がり、
まるで息づいているかのような姿を見せる大剣。",,duplicate
641,892,codepage,14476,99,"Greatsword named after a Fairy King who led thousands of
fairies in their war against the demons.","精霊王の名を〓する大剣。
幾〓にのぼる精霊を統べる者の証と伝えられる。",,duplicate
641,893,codepage,14575,34,Imperial sword forged by fairies.,妖精により鍛えられた帝王の剣。,,duplicate
641,894,codepage,14609,116,"Sword that grants wielder supreme executive power, plucked
from a stone by a knight. Smites foes in a single blow.","王を選定するための岩から抜かれたという騎士王の剣。
一撃で相手を死に追いやると言われている。",,duplicate
641,895,codepage,14725,79,"Horn of Heimdall, guardian of Bifrost.
Assumes the form of a sword in battle.","ビフレストの番人ヘイムダルが所持する角〓。
戦いの時にはその姿を剣に変える。",,duplicate
641,896,codepage,14804,53,An unstoppable sword that will slice any foe in two.,どんな敵でも切り〓てたという不敗の剣。,,duplicate
641,897,codepage,14857,48,Magic sword that sucks the blood of its victim.,攻撃した相手の血を〓るという魔剣。,,duplicate
641,898,codepage,14905,56,Greatsword endowed with the power of a fiery explosion.,爆炎の力が付与された大剣。,,duplicate
641,899,codepage,14961,85,"Greatsword of ill repute.
Despite its dishonorable name, it holds staggering power.","悪〓なる者と名付けられた大剣。だがその不名〓な名も
あまりに強力な力を〓まれての事らしい。",,duplicate
641,900,codepage,15046,53,"Brings victory to its holder, but at quite a cost...",持ち主に勝利をもたらす剣。だがその代〓は大きい。,,duplicate
641,901,codepage,15099,95,"Lance that stabilizes Asgard, realm of the gods.
One of the Four Treasures. Property of Odin.","神界アスガルドに安定をもたらすと言われる槍。
四宝の一つで、オーディンが所有している。",,duplicate
641,902,codepage,15194,45,Pole arm carrying the blessings of the gods.,神の祝福が与えられた矛槍。,,duplicate
641,903,codepage,15239,117,"A name derived from words meaning ""little king."" The inset
basilisk's eye can turn the object of its gaze to stone.","小さな王の名を〓する槍。装飾部には、〓んだ相手を
石化させるというバシリスクの眼がはめ込まれている。",,duplicate
641,904,codepage,15356,80,"Pole arm bearing a half-moon shaped blade at its end.
Imbued with magic power.",半月状の刃先を持つ長〓の槍。魔力が込められている。,,duplicate
641,905,codepage,15436,67,"Long heavy spear with the tooth of a dinosaur affixed to its
end.","畏怖すべきこうもりの名を〓する長槍。
〓いうろこに覆われた魔物ですら、一撃で切り伏せるという。",,duplicate
641,906,codepage,15503,21,A typical small bow.,一般的に使用されている小〓の弓。,,duplicate
641,907,codepage,15524,76,"An easy-to-use mechanical bow that launches a short bolt at
high velocity.","〓単な操作で威力ある矢を射出できるよう、
特殊な射出機構を取り付けた弓。",,duplicate
641,908,codepage,15600,39,A bow designed for long range attacks.,長〓離攻撃を想定して作られた弓。,,duplicate
641,909,codepage,15639,42,A more powerful version of the short bow.,シヨートボウを強化した弓。,,duplicate
641,910,codepage,15681,70,"A crossbow made of the finest materials with the finest
workmanship.",最高の素材と最高の技術を用いて作られた弓。,,duplicate
641,911,codepage,15751,41,A more powerful version of the crossbow.,クロスボウを強化した弓。,,duplicate
641,912,codepage,15792,46,Composite bow created from several materials.,多数の素材を組み合わせた合成弓。,,duplicate
641,913,codepage,15838,76,"It is said vegetation withers from the touch of arrows shot
from this bow.","その弓から放たれた矢は、〓れる植物を
ことごとく枯らすと言われている弓。",,duplicate
641,914,codepage,15914,47,Enlarged crossbow meant for aggressive battle.,攻撃力重視により大〓化したクロスボウ。,,duplicate
641,915,codepage,15961,20,A type of crossbow.,クロスボウの類〓。,,duplicate
641,916,codepage,15981,86,"Bow that crushes magic power. Even the greatest of sorcerers
is powerless before it.","魔力を打ち砕く弓。
どんな〓大な魔術師も、この矢の前には無力となる。",,duplicate
641,917,codepage,16067,66,"Advanced technology allows the bow to launch rapid-fire
attacks.",高度な技術により、矢の連続発射を可能とした弓。,,duplicate
641,918,codepage,16133,35,Bow handed down amongst the elves.,神の器と称されるエルフ族に伝わる弓。,,duplicate
641,919,codepage,16168,77,"A bow which fires flashing arrows which carry tremendous
destructive force.","相対した者との断絶を意味する烈刃の弓。
その矢の閃きが敵をこの世から〓殺するという。",,duplicate
641,920,codepage,16245,104,"Shoots arrows with sheer gale force. Arrows shot from the bow
achieve higher destructive capabilities.","疾風の〓く矢を放つ弓。
その弓から放たれた矢は、通常の破壊力を上回る。",,duplicate
641,921,codepage,16349,81,"A bow carved from a hollowed tree that captured the spirit of
the god of light.",光の神の命を奪うとされる宿り〓で作られた弓。,,duplicate
641,922,codepage,16430,66,"A bow designed to fire arrows tipped with magical moon
crystals.","月光石と呼ばれる魔晶石の一種を改変して
作られたという矢を放つ弓。",,duplicate
641,923,codepage,16496,84,"Bow endowed with holy power. Even the most unclean monster
is powerless before it.","聖なる力を付与された弓。
どんな〓れた力を持つ魔物も、この弓の前では無力となる。",,duplicate
641,924,codepage,16580,97,"Magic stone of the sun that slayed the god of darkness.
Imbued with the magic of the light god.","暗黒神を倒した武器。太陽弾とも称される。
光の神の魔力が込められている。",,duplicate
641,925,codepage,16677,71,"Bow that crushes demons. 
Said to steal the life force of its victim.","魂を砕く力を持つとされる弓。
攻撃した相手の体力を奪うと言われている。",,duplicate
641,926,codepage,16748,114,"Named after one who can foretell impending danger. 
But the knowledge does not enable him to prevent its coming.","危機を告げる者の意を〓する弓。
だがその標的となった者が逃れる術は無い。",,duplicate
641,927,codepage,16862,105,"One of the Four Treasures. Said to stabilize the spirit world.
Attack power is proportional to wielder.","四宝の一つ。妖精界に安定をもたらすと言われている。
その攻撃力は持ち主に比例する。",,duplicate
641,928,codepage,16967,58,Weapon of a hero believed by some to have slayed a giant.,巨人を倒したとされる英雄の武器。,,duplicate
641,929,codepage,17025,96,"A staff with a ruby gem set in its tip. Inside the gem a tiny
light flickers like a heartbeat.","先端に紅玉を飾りたてた杖。紅玉の中〓には
心臓の〓動のように明滅する小さな光が見える。",,duplicate
641,930,codepage,17121,97,"A wand with a crystal set in its tip.
Pulsating with 7 different colors, it is quite beautiful.","先端に水晶を飾りたてた杖。
光の加減によって〓色に輝き、とても美しい。",,duplicate
641,931,codepage,17218,106,"Staff excavated from a barren seaside village.
Bears an inscription praising the ancient god of the sea.","ある海辺の廃村から発掘された杖。
古代の海の神を崇める文字が刻まれている。",,duplicate
641,932,codepage,17324,45,Staff decorated with the symbol of infinity.,先端に無〓大を表す飾りが付けられた杖。,,duplicate
641,933,codepage,17369,32,Wand composed of magical metal.,魔法金属を用いて作られた杖。,,duplicate
641,934,codepage,17401,82,"A wand fashioned in the image of a lotus flower.
For use in mystical ceremonies.","蓮の花を模した飾りが付けられた杖。
魔術の〓弐に使用される。",,duplicate
641,935,codepage,17483,42,A wand fashioned in the image of a fairy.,妖精を模した飾りが付けられた杖。,,duplicate
641,936,codepage,17525,46,Staff imbued with the magic power of dragons.,ドラゴンの持つ魔力を封じ込めた杖。,,duplicate
641,937,codepage,17571,38,Bejeweled rod imbued with holy power.,聖なる力を持つ宝玉がはめ込まれた杖。,,duplicate
641,938,codepage,17609,56,A scepter inscribed with the emblem of a crashing wave.,荒れ狂う大波を模した紋章が飾り付けられた杖。,,duplicate
641,939,codepage,17665,61,A unicorn horn which has been turned into a magician's wand.,ユニコーンの角を魔術師用の杖に加工したもの。,,duplicate
641,940,codepage,17726,40,Scepter imbued with the power of ether.,天界の力で作られた魔法の杖。,,duplicate
641,941,codepage,17766,43,Staff in the shape of two snakes entwined.,二匹の蛇が〓みついた姿を持つ杖。,,duplicate
641,942,codepage,17809,72,"A staff shaped like a giant snake.
Enables the Great Magic Pale Flare.","大蛇の姿を模した形状の杖。
大魔法ペイルフレアーが使用できる。",,duplicate
641,943,codepage,17881,82,"Staff imbued with infinite wisdom. 
Enables the Great Magic Phantom Destruction.","無〓の英知を封じ込めた杖。
大魔法ファントムデストラクシヨンが使用できる。",,duplicate
641,944,codepage,17963,88,"Beloved knuckle weapon of Brahms, Lord of the Undead.
Said to suck its victim's blood.","不死者の王ブラムスが愛用するナックル。
攻撃した相手の血を食らうと言われている。",,duplicate
641,945,codepage,18051,88,"Beloved knuckle weapon of Brahms, Lord of the Undead.
Said to suck its victim's blood.","不死者の王ブラムス専用の武器。
攻撃した相手の血を食らうと言われている。",,duplicate
641,946,codepage,18139,96,"A claw that enhances the power of Brahms, Lord of the Undead.
Said to suck its victim's blood.","不死者の王ブラムスの力を引き出す爪。
攻撃した相手の血を食らうと言われている。",,duplicate
641,947,codepage,18235,119,"A fearsome weapon that greatly enhances the abilities of
Brahms, Lord of the Undead. Said to suck its victim's blood.","不死者の王ブラムスの能力を更に引き出す
恐るべき武具。攻撃した相手の血を食らうと言われている。",,duplicate
641,948,codepage,18354,86,"A weapon especially for Brahms, Lord of the Undead.
Said to suck its victim's blood.","不死者の王ブラムス専用の武器。
攻撃した相手の血を食らうと言われている。",,duplicate
641,949,codepage,18440,80,"Tanned hide armor.
Helps to protect the wearer from lightning-element attacks.","なめし〓〓の鎧。
雷属性の攻撃に対し強い耐性を持つ。",,duplicate
641,950,codepage,18520,37,Armor made from linked metal chains.,金属の細い〓を編んで作られた鎧。,,duplicate
641,951,codepage,18557,21,An iron breastplate.,鉄〓の鎧。,,duplicate
641,952,codepage,18578,61,"A beautiful coat of mail, decoratively coated with crystals.",装飾に水晶があしらわれている美しい鎧。,,duplicate
641,953,codepage,18639,74,"A steel breastplate.
Possesses strong resistance to earth-based attacks.","鋼鉄〓の鎧。
土属性の攻撃に対し強い耐性を持つ。",,duplicate
641,954,codepage,18713,23,An iron suit of armor.,鉄〓の鎧。,,duplicate
641,955,codepage,18736,21,A steel breastplate.,強化された鋼鉄〓の鎧。,,duplicate
641,956,codepage,18757,89,"Armor imbued with the power of fire.
Possesses strong resistance to fire-based attacks.","炎の力を付与された鎧。
炎属性の攻撃に対し強い耐性を持つ。",,duplicate
641,957,codepage,18846,45,Beloved armor of one of Villnore's founders.,かつてヴィルノア建国の雄となった戦士が愛用していた鎧。,,duplicate
641,958,codepage,18891,65,"Armor made of silver. 
Exhibits tremendous attention to detail.",銀〓の鎧。意匠が〓らされている。,,duplicate
641,959,codepage,18956,88,"Armor imbued with the power of ice. 
Possesses strong resistance to ice-based attacks.","氷の力を付与された鎧。
氷属性の攻撃に対し強い耐性を持つ。",,duplicate
641,960,codepage,19044,31,Armor made from dragon's hide.,竜の皮で作られた鎧。,,duplicate
641,961,codepage,19075,31,Armor bestowed upon the brave.,勇〓な戦士に〓られるという鎧。,,duplicate
641,962,codepage,19106,63,"Metal full-body armor. 
Possesses strong resistance to Stone.","金属〓の全身鎧。
石化攻撃に対し強い耐性を持つ。",,duplicate
641,963,codepage,19169,92,"Armor that grants its wearer phenomenal endurance.
Possesses strong resistance to Frailty.","驚異的な耐久力を持ち主にもたらす鎧。
衰弱攻撃に対し強い耐性を持つ。",,duplicate
641,964,codepage,19261,67,"Enchanted armor made of silver. 
Surprisingly light and flexible.","魔力を帯びた銀で作られた鎧。
〓常に軽く動きやすい。",,duplicate
641,965,codepage,19328,94,"Reflective suit of armor that has lost its luster and is a
mere shadow of its original form.","反射と名付けられた鎧。だが本来の力はすでに失われ
わずかにその名残が見られる〓度。",,duplicate
641,966,codepage,19422,37,Armor made by the hands of the gods.,神々の手によって作られた鎧。,,duplicate
641,967,codepage,19459,78,"Armor believed to be that of a king who once conquered the
entire continent.",かつて大陸を制覇した王が身に着けていたとされる鎧。,,duplicate
641,968,codepage,19537,110,"Armor fabled to contain the power of the earth itself.
Possesses complete resistance to earth-based attacks.","大地の力を封じて作られたと伝えられる鎧。
土属性の攻撃をほぼ完全に封じる。",,duplicate
641,969,codepage,19647,91,"Majestic armor that charms all who look upon it.
Designed for style, strength, and speed.","見る者全てを〓〓するという至高の鎧。
装飾・強度・動き〓さなど全てを〓ね備えている。",,duplicate
641,970,codepage,19738,54,"A robe worn by Alicia.
Woven from expensive fabrics.","アリーシャが身に着けていたローブ。
高価な素材で編まれている。",,duplicate
641,971,codepage,19792,54,Typical and common protective clothing made of cloth.,一般的に流布している布〓防具。,,duplicate
641,972,codepage,19846,69,"A cloak with silver threads woven into it to increase its
strength.",銀〓を編んで作られた布〓防具。,,duplicate
641,973,codepage,19915,81,"Tanned leather garment.
Possesses strong resistance to lightning-based attacks.","〓をなめして作られた防具。
雷属性の攻撃に対し強い耐性を持つ。",,duplicate
641,974,codepage,19996,53,Cloth garment worn by the higher members of society.,身分の高い者が身に着ける布〓防具。,,duplicate
641,975,codepage,20049,83,"A cloak anointed with holy water. 
It affords powerful protection against Curses.","聖水による〓めが成された布〓防具。
呪いに対し強い耐性を持つ。",,duplicate
641,976,codepage,20132,33,Cloth garment imbued with magic.,魔力付与が成された布〓防具。,,duplicate
641,977,codepage,20165,83,"Robe that projects a phantom illusion, making it appear to
be in constant motion.","常に本体の幻影が現れ、ブレているかのような〓覚を
引き起こすローブ。",,duplicate
641,978,codepage,20248,94,"Beautiful garment decorated with crystals.
Possesses strong resistance to ice-based attacks.","水晶で彩られた美しいガーブ。
氷属性の攻撃に対し強い耐性を持つ。",,duplicate
641,979,codepage,20342,103,"Beautiful robe woven by elven hands. Possesses strong
resistance to ice- and lightning-based attacks.","エルフの手により織られた美しいローブ。
雷・土属性の攻撃に対し、強い耐性を持つ。",,duplicate
641,980,codepage,20445,96,"Garment endowed with the blessings of sprites. For women 
only. Possesses several resistances.","精霊の祝福が込められたガーブ。女性のみが装備できる。
数多の耐性を持つ。",,duplicate
641,981,codepage,20541,44,Robe with a flickering flame sealed within.,炎のゆらめきをその身に封じ込めたローブ。,,duplicate
641,982,codepage,20585,49,Garb imbued with the power of the immortal bird.,不死鳥の力を封じ込めたガーブ。,,duplicate
641,983,codepage,20634,118,"Garment bearing the name of a mighty battle maiden. Carries
the prayers of thousands of souls within its woven body.","戦乙女の名を〓する衣。装備者の無事を〓る
人々の想いが込められている。",,duplicate
641,984,codepage,20752,89,"Garment blessed by the spirits of the wind.
It bestows these blessings upon its wearer.","風の精霊の守護を受けたローブ。
装備者には精霊の祝福があると言われている。",,duplicate
641,985,codepage,20841,89,"Garment spun from flowers in bloom. Its beauty is said to
break lances and bend swords.","〓き誇る花々を集めて織られたガーブ。
その美しさに、槍は折れ刀は砕けると言われている。",,duplicate
641,986,codepage,20930,66,"Garment which shines with an otherworldly light.
For Freya only.","永遠の輝きと名付けられた衣。
フレイ専用。",,duplicate
641,987,codepage,20996,51,A helmet which leaves the nose and chin uncovered.,鼻からアゴ部分にかけて露出したタイプの〓。,,duplicate
641,988,codepage,21047,27,Sallet forged from silver.,銀〓のサレット。,,duplicate
641,989,codepage,21074,21,A helm made of iron.,鉄〓の〓。,,duplicate
641,990,codepage,21095,14,A steel helm.,鋼鉄〓の〓。,,duplicate
641,991,codepage,21109,31,A helm decorated with crystal.,水晶があしらわれた〓。,,duplicate
641,992,codepage,21140,23,A helm made of silver.,銀〓の〓。,,duplicate
641,993,codepage,21163,40,Helm made from the exterior of a golem.,素材にゴーレムの外装を使用した〓。,,duplicate
641,994,codepage,21203,75,"A helm bestowed upon the brave.
A luxury item featuring exquisite design.","勇〓な戦士に〓られるという〓。
意匠が〓らされ、豪華。",,duplicate
641,995,codepage,21278,21,A type of full helm.,フルヘルムの類〓。,,duplicate
641,996,codepage,21299,68,"A full helm with the visage of the war god engraved into one
side.","フルヘルムの類〓。
戦神のレリーフが側面に〓されている。",,duplicate
641,997,codepage,21367,34,A helm forged from magical metal.,魔法金属を用いて作られた〓。,,duplicate
641,998,codepage,21401,35,A helm formed by ether processing.,エーテル加工が〓された〓。,,duplicate
641,999,codepage,21436,18,A crown of steel.,鋼鉄〓の〓。,,duplicate
641,1000,codepage,21454,84,"A crown engraved with olive branch patterns.
Possesses strong resistance to Curse.","オリーブを〓った飾りが〓された〓。
呪いに対し強い耐性を持つ。",,duplicate
641,1001,codepage,21538,44,Decorative headwear purified by holy water.,聖水による〓めが成された〓飾り。,,duplicate
641,1002,codepage,21582,32,The preferred hat of sorcerers.,魔術師が好んで使用する〓子。,,duplicate
641,1003,codepage,21614,102,"Headwear worn by a woman worshipped as a saint.
Possesses strong resistance to holy-element attacks.","聖女と崇められた女性が身に着けていたという〓飾り。
聖属性の攻撃に対し強い耐性を持つ。",,duplicate
641,1004,codepage,21716,53,The crown of she who would be queen. For women only.,"女王となるべき人物が付ける宝〓。
女性のみ装備可能。",,duplicate
641,1005,codepage,21769,20,An enchanted crown.,魔力が込められた〓。,,duplicate
641,1006,codepage,21789,48,A crown made from the most luxuriant materials.,最高級の素材を用いて作られた〓。,,duplicate
641,1007,codepage,21837,33,A crown made from magical metal.,魔法金属を用いて作られた〓。,,duplicate
641,1008,codepage,21870,36,A crown formed by ether processing.,エーテル加工が〓された〓。,,duplicate
641,1009,codepage,21906,39,Armor that protects the wearer's arms.,腕を守る防具。手甲。,,duplicate
641,1010,codepage,21945,26,Hand guard made of steel.,鋼鉄〓の手甲。,,duplicate
641,1011,codepage,21971,51,Hand guard bestowed upon the warriors of the gods.,神の戦士に〓られるという手甲。,,duplicate
641,1012,codepage,22022,27,Hand guard made of silver.,銀〓の手甲。,,duplicate
641,1013,codepage,22049,28,Gauntlet forged from steel.,鋼鉄〓の手甲。,,duplicate
641,1014,codepage,22077,80,"Hand guard bestowed upon the brave. 
A luxury item featuring exquisite design.","勇〓な戦士に〓られるという手甲。
意匠が〓らされ、豪華。",,duplicate
641,1015,codepage,22157,35,Hand guard imbued with holy power.,聖なる力が込められた手甲。,,duplicate
641,1016,codepage,22192,63,"Hand guard forged from magical metal. 
Extremely lightweight.",魔法金属を用いて作られた手甲。〓常に軽い。,,duplicate
641,1017,codepage,22255,35,Shield formed by ether processing.,エーテル加工が〓された盾。,,duplicate
641,1018,codepage,22290,45,Gauntlets with dancing flames sealed within.,炎の揺らめきを封じ込めたという手甲。,,duplicate
641,1019,codepage,22335,66,"Gauntlets studded with jewels containing the power of the
stars.",星の煌きを宿した手甲。,,duplicate
641,1020,codepage,22401,30,Gloves made from tanned hide.,なめし〓〓のグローブ。,,duplicate
641,1021,codepage,22431,32,Gloves imbued with magic power.,魔力が込められたグローブ。,,duplicate
641,1022,codepage,22463,62,Gloves that enable their wearer to move at the speed of wind.,身に着ける者に風の速さをもたらすグローブ。,,duplicate
641,1023,codepage,22525,78,"Legwear with detoxification qualities.
Provides strong resistance to Poison.","解毒の法をかけられた具足。
毒攻撃に対し強い耐性を持つ。",,duplicate
641,1024,codepage,22603,60,Leg armor confers remarkable explosive power to the wearer.,驚異的な瞬発力を持ち主にもたらす具足。,,duplicate
641,1025,codepage,22663,75,"Legwear imbued with magic power. 
Possesses strong resistance to Silence.","魔力が込められた具足。
沈黙攻撃に対し強い耐性を持つ。",,duplicate
641,1026,codepage,22738,33,Greaves made from magical metal.,魔法金属を用いて作られた具足。,,duplicate
641,1027,codepage,22771,36,Legwear formed by ether processing.,エーテル加工が〓された具足。,,duplicate
641,1028,codepage,22807,14,Iron legwear.,鉄〓の具足。,,duplicate
641,1029,codepage,22821,17,Steel leg armor.,鋼鉄〓の具足。,,duplicate
641,1030,codepage,22838,18,Silver leg armor.,銀〓の具足。,,duplicate
641,1031,codepage,22856,78,"Leg armor bestowed upon the brave.
A luxury item featuring exquisite design.","勇〓な戦士に〓られるという具足。
意匠が〓らされ、豪華。",,duplicate
641,1032,codepage,22934,49,"Soft, comfortable boots made of brushed leather.",動物の裏〓を毛羽立たせた素材を用いたブーツ。,,duplicate
641,1033,codepage,22983,63,Lightweight boots that make their wearers quick on their feet.,素早く軽やかに行動できるようになるというブーツ。,,duplicate
641,1034,codepage,23046,72,"Once slipped on, these red shoes make their wearer dance to
the death.","一度身に着けた者はその最期の時まで〓り続けると
言われる赤いブーツ。",,duplicate
641,1035,codepage,23118,6,DUMMY,,,duplicate
641,1036,codepage,23124,6,DUMMY,,,duplicate
641,1037,codepage,23130,6,DUMMY,,,duplicate
641,1038,codepage,23136,6,DUMMY,,,duplicate
641,1039,codepage,23142,6,DUMMY,,,duplicate
641,1040,codepage,23148,6,DUMMY,,,duplicate
641,1041,codepage,23154,6,DUMMY,,,duplicate
641,1042,codepage,23160,6,DUMMY,,,duplicate
641,1043,codepage,23166,6,DUMMY,,,duplicate
641,1044,codepage,23172,6,DUMMY,,,duplicate
641,1045,codepage,23178,6,DUMMY,,,duplicate
641,1046,codepage,23184,6,DUMMY,,,duplicate
641,1047,codepage,23190,6,DUMMY,,,duplicate
641,1048,codepage,23196,6,DUMMY,,,duplicate
641,1049,codepage,23202,65,"Pendant decorated with the Battle Maiden's image.
Just for men.","戦乙女のレリーフが〓されたペンダント。
男性専用。",,duplicate
641,1050,codepage,23267,58,Emblem featuring the mark of three overlapping triangles.,三角が三つ重なった紋章が〓かれたエンブレム。,,duplicate
641,1051,codepage,23325,43,This crystal releases an area fire attack.,炎属性の範囲攻撃を行う魔水晶。,,duplicate
641,1052,codepage,23368,42,This crystal releases an area ice attack.,氷属性の範囲攻撃を行う魔水晶。,,duplicate
641,1053,codepage,23410,44,This crystal releases an area earth attack.,土属性の範囲攻撃を行う魔水晶。,,duplicate
641,1054,codepage,23454,48,This crystal releases an area lightning attack.,雷属性の範囲攻撃を行う魔水晶。,,duplicate
641,1055,codepage,23502,43,This crystal releases an area holy attack.,聖属性の範囲攻撃を行う魔水晶。,,duplicate
641,1056,codepage,23545,43,This crystal releases an area dark attack.,闇属性の範囲攻撃を行う魔水晶。,,duplicate
641,1057,codepage,23588,48,This crystal randomly targets part of an enemy.,敵の部位をランダムで攻撃する魔水晶。,,duplicate
641,1058,codepage,23636,39,This gem releases a magic fire attack.,炎属性の攻撃を行う宝玉。,,duplicate
641,1059,codepage,23675,73,"This gem releases a magic ice attack. 
May inflict Freeze on the enemy.","氷属性の攻撃を行う宝玉。
一定確率で敵を状態異常（凍結）にする。",,duplicate
641,1060,codepage,23748,82,"This gem releases a magic lightning attack. 
May inflict Paralysis on the enemy.","雷属性の攻撃を行う宝玉。
一定確率で敵を状態異常（麻痺）にする。",,duplicate
641,1061,codepage,23830,75,"This gem releases a magic earth attack. 
May inflict Poison on the enemy.","土属性の攻撃を行う宝玉。
一定確率で敵を状態異常（毒）にする。",,duplicate
641,1062,codepage,23905,75,"This gem releases a magic holy attack. 
May inflict Silence on the enemy.","聖属性の攻撃を行う宝玉。
一定確率で敵を状態異常（沈黙）にする。",,duplicate
641,1063,codepage,23980,75,"This gem releases a magic dark attack. 
May inflict Confuse on the enemy.","闇属性の攻撃を行う宝玉。
一定確率で敵を状態異常（混乱）にする。",,duplicate
641,1064,codepage,24055,44,This gem randomly targets part of an enemy.,敵の部位をランダムで攻撃する宝玉。,,duplicate
641,1065,codepage,24099,75,"Specially purified water. 
Inflicts 10,000 points of damage on a monster.","特別に〓められた水。
魔物にのダメージを与える。",,duplicate
641,1067,codepage,24175,35,May inflict Confuse upon an enemy.,一定確率で敵を状態異常（混乱）にする。,,duplicate
641,1068,codepage,24210,45,Converts enemies in range to magic crystals.,範囲内の敵を魔晶石に変換する。,,duplicate
641,1069,codepage,24255,69,"A secret elixir that cures the wounds of warriors.
Restores 300 HP.","戦士が傷を癒すために用いる回復の秘薬。
HPを回復する。",,duplicate
641,1070,codepage,24324,65,"A secret elixir formulated by an apothecary. 
Restores 1500 HP.","薬士が調合した回復の秘薬。
HPを回復する。",,duplicate
641,1071,codepage,24389,58,"A secret elixir concocted by a witch. 
Restores 5000 HP.","魔女が調合した回復の秘薬。
HPを回復する。",,duplicate
641,1072,codepage,24447,56,"A secret elixir conceived by a sage. 
Restores all HP.","賢者が調合した回復の秘薬。
HPを完全に回復する。",,duplicate
641,1073,codepage,24503,85,"A magic tincture said to be brewed by dwarves.
Restores 300 HP to the entire party.","小人が生成したと言われる回復の霊薬。
パーティー全体のHPを回復する。",,duplicate
641,1074,codepage,24588,85,"A magic tincture said to be mixed by fairies.
Restores 1500 HP to the entire party.","妖精が生成したと言われる回復の霊薬。
パーティー全体のHPを回復する。",,duplicate
641,1075,codepage,24673,88,"A magic tincture said to be blended by spirits. 
Restores 5000 HP to the entire party.","精霊が生成したと言われる回復の霊薬。
パーティー全体のHPを回復する。",,duplicate
641,1076,codepage,24761,88,"A magic tincture said to be created by a goddess.
Restores all HP to the entire party.","女神が生成したと言われる回復の霊薬。
パーティー全体のHPを完全に回復する。",,duplicate
641,1077,codepage,24849,87,"A potion that can cure Poison, Confuse, Silence, Freeze,
Paralysis, Stone, and Faint.","状態異常（毒、混乱、沈黙、凍結、麻痺、石化、気絶）
を回復する。",,duplicate
641,1078,codepage,24936,112,"A potion that can cure Poison, Confuse, Silence, Freeze,
Paralysis, Stone, and Faint. Also restores 50% of HP.","状態異常（毒、混乱、沈黙、凍結、麻痺、石化、気絶）
及びHPを回復する。",,duplicate
641,1079,codepage,25048,122,"A potion that cures the party of Poison, Confuse, Silence,
Freeze, Paralysis, Stone, and Faint. Also restores 99% of HP.","パーティー全体の状態異常（毒、混乱、沈黙、凍結、
麻痺、石化、気絶）及びHPを回復する。",,duplicate
641,1080,codepage,25170,89,"A catalyst imbued with sacred miracles. 
Can revitalize one who has fallen Unconscious.","神の奇跡が込められた〓媒。
（戦闘不能）状態からの復活を行う。",,duplicate
641,1081,codepage,25259,55,"Water purified by prayer. 
Can cure someone of Curse.","〓りにより〓められた水。
状態異常（呪い）を回復する。",,duplicate
641,1082,codepage,25314,82,"A holy artifact that cures Curse. 
Unlike Holy Water, it can be used many times.","状態異常（呪い）を回復する。
聖水とは異なり、何度でも使用できる。",,duplicate
641,1083,codepage,25396,58,"Apples said to provide eternal youth. 
Can cure Frailty.","若さを保つと言われる林檎。
状態異常（衰弱）を回復する。",,duplicate
641,1084,codepage,25454,91,"A mysterious mineral that cures Frailty.
Unlike Idun's Apples, it can be used many times.","状態異常（衰弱）を回復する。
イズンの林檎とは異なり、何度でも使用できる。",,duplicate
641,1085,codepage,25545,89,"A stone that knows the way home.
Cures the entire party of the Transfer status ailment.","方角を読み取る石。
パーティー全体の状態異常（転送）を回復する。",,duplicate
641,1086,codepage,25634,108,"Cures the entire party of the Transfer status ailment. 
Unlike an Aspect Stone, it can be used many times.","パーティー全体の状態異常（転送）を回復する。
方位石とは異なり、何度でも使用できる。",,duplicate
641,1087,codepage,25742,56,Temporarily increases resistance to fire-element magic.,一定時間、炎属性に対する耐性を上昇させる。,,duplicate
641,1088,codepage,25798,55,Temporarily increases resistance to ice-element magic.,一定時間、氷属性に対する耐性を上昇させる。,,duplicate
641,1089,codepage,25853,57,Temporarily increases resistance to earth-element magic.,一定時間、土属性に対する耐性を上昇させる。,,duplicate
641,1090,codepage,25910,61,Temporarily increases resistance to lightning-element magic.,一定時間、雷属性に対する耐性を上昇させる。,,duplicate
641,1091,codepage,25971,47,Protects wearer from any attack one time only.,あらゆる攻撃から一度だけ身を守る。,,duplicate
641,1092,codepage,26018,65,"Temporarily increases party's resistance to fire-element
magic.",一定時間、パーティー全体の炎属性に対する耐性を上昇させる。,,duplicate
641,1093,codepage,26083,64,"Temporarily increases party's resistance to ice-element
magic.",一定時間、パーティー全体の氷属性に対する耐性を上昇させる。,,duplicate
641,1094,codepage,26147,66,"Temporarily increases party's resistance to earth-element
magic.",一定時間、パーティー全体の土属性に対する耐性を上昇させる。,,duplicate
641,1095,codepage,26213,70,"Temporarily increases party's resistance to lightning-element
magic.",一定時間、パーティー全体の雷属性に対する耐性を上昇させる。,,duplicate
641,1096,codepage,26283,58,Protects each party member from any attack one time only.,パーティー全体をあらゆる攻撃から一度だけ身を守る。,,duplicate
641,1097,codepage,26341,75,"A potion that temporarily protects the entire party from
status ailments.",一定時間、パーティー全体を状態異常から守る。,,duplicate
641,1098,codepage,26416,38,Restore AP at the cost of party's HP.,パーティー全体のHPと引き換えにAPを回復する。,,duplicate
641,1099,codepage,26454,27,Temporarily increases ATK.,一定時間、ATKが上昇する。,,duplicate
641,1100,codepage,26481,35,Temporarily increases RDM and RST.,一定時間、RDM・RSTが上昇する。,,duplicate
641,1101,codepage,26516,27,Temporarily increases MAG.,一定時間、MAGが上昇する。,,duplicate
641,1102,codepage,26543,43,Temporarily reduces AP consumption by 20%.,一定時間、APの消費が減少する。,,duplicate
641,1105,codepage,26588,80,"Stone imbued with the power of a freed einherjar.
Increases STR and DEX by 20.","解放したエインフェリアの力が込められた石。
STR・D〓〓が上昇する。",,duplicate
641,1106,codepage,26668,80,"Stone imbued with the power of a freed einherjar.
Increases INT and CON by 20.","解放したエインフェリアの力が込められた石。
I〓T・〓〓〓が上昇する。",,duplicate
641,1107,codepage,26748,86,"Stone imbued with the power of a freed einherjar.
Increases HP by 200 and AGL by 20.","解放したエインフェリアの力が込められた石。
HPが、AG〓が上昇する。",,duplicate
641,1108,codepage,26834,70,"Ancient wisdom that has been crystallized.
Increases EXP by 300,000.","先人の知識の結晶体。
経験値が上昇する。",,duplicate
641,1109,codepage,26904,25,Increases max HP by 100.,HPの最大値が上昇する。,,duplicate
641,1110,codepage,26929,50,"Crystallized ancient wisdom.
Increases STR by 5.",先人の知識の結晶体。STRが上昇する。,,duplicate
641,1111,codepage,26979,50,"Crystallized ancient wisdom.
Increases INT by 5.",先人の知識の結晶体。I〓Tが上昇する。,,duplicate
641,1112,codepage,27029,50,"Crystallized ancient wisdom.
Increases DEX by 5.",先人の知識の結晶体。D〓〓が上昇する。,,duplicate
641,1113,codepage,27079,50,"Crystallized ancient wisdom.
Increases AGL by 5.",先人の知識の結晶体。AG〓が上昇する。,,duplicate
641,1114,codepage,27129,50,"Crystallized ancient wisdom.
Increases CON by 5.",先人の知識の結晶体。〓〓〓が上昇する。,,duplicate
641,1115,codepage,27179,58,"Randomly raises STR, INT, DEX, and AGL by 1 to 10 points.","STR・I〓T・D〓〓・AG〓がランダムで
〓上昇する。",,duplicate
641,1117,codepage,27238,63,Doubles experience and OTH acquired when used during a battle.,"戦闘中に使用すると、経験値とオースの入手量が
倍になる。",,duplicate
641,1118,codepage,27301,67,"Allows the wearer to discern the foe's abilities and weak
points.",敵の能力及び弱点を調べる事ができる。,,duplicate
641,1119,codepage,27368,113,"Allows the wearer to discern enemy abilities and weak points.
Unlike the Spectacles, it can be used many times.","敵の能力及び弱点を調べる事ができる。
スペクタクルズとは異なり、何度でも使用できる。",,duplicate
641,1120,codepage,27481,30,Extricates party from battle.,戦闘から逃走する。,,duplicate
641,1121,codepage,27511,40,Front tooth sharp and strong as an axe.,斧のように鋭く〓丈な前歯。,,duplicate
641,1122,codepage,27551,38,Back tooth hard and strong as a rock.,岩のように硬く〓丈な奥歯。,,duplicate
641,1123,codepage,27589,39,A fang sharp and pointed like a stake.,〓のように長く尖った牙。,,duplicate
641,1124,codepage,27628,52,The clay that primarily constitutes a troll's body.,トロルの身体の大部分を構成する粘土。,,duplicate
641,1125,codepage,27680,73,"Fragment of what was a tree trunk swung by monstrously
powerful trolls.","トロルがその〓力にものを言わせて振るう丸太。
その欠片。",,duplicate
641,1126,codepage,27753,58,"A skull that serves as a container, with its top cut off.",器のように上部が欠けたドクロ。,,duplicate
641,1127,codepage,27811,57,A cranium with the top neatly removed to resemble a cup.,杯のように上部に〓麗な〓が開いた頭〓骨。,,duplicate
641,1128,codepage,27868,48,A skull that shines a beautiful obsidian shade.,黒曜石のような美しい光〓を放つドクロ。,,duplicate
641,1129,codepage,27916,85,"A transient life, released from its corporal prison.
Turns black when crystallized.","命無き者に宿された仮初めの生命。
結晶化の際に黒く変色している。",,duplicate
641,1130,codepage,28001,58,Crystalline remains of weathered and worn bone fragments.,風化してボロボロの骨の欠片の結晶。,,duplicate
641,1131,codepage,28059,56,Magical red jewel with the power of fire sealed within.,炎の力が封じ込められた真紅の魔法の宝石。,,duplicate
641,1132,codepage,28115,57,Magical blue jewel with the power of fire sealed within.,炎の力が封じ込められた青い魔法の宝石。,,duplicate
641,1133,codepage,28172,58,Magical green jewel with the power of fire sealed within.,炎の力が封じ込められた緑の魔法の宝石。,,duplicate
641,1134,codepage,28230,45,Red metal containing the power of lightning.,雷の力が封じ込められた赤い珠。,,duplicate
641,1135,codepage,28275,46,Blue metal containing the power of lightning.,雷の力が封じ込められた青い珠。,,duplicate
641,1136,codepage,28321,47,Green metal containing the power of lightning.,雷の力が封じ込められた緑の珠。,,duplicate
641,1137,codepage,28368,45,Red ore possessing concentrated earth power.,土の力が〓縮された赤い鉱物。,,duplicate
641,1138,codepage,28413,46,Blue ore possessing concentrated earth power.,土の力が〓縮された青い鉱物。,,duplicate
641,1139,codepage,28459,47,Green ore possessing concentrated earth power.,土の力が〓縮された緑の鉱物。,,duplicate
641,1140,codepage,28506,26,Red crystal of ice power.,氷の力の結晶と言われる赤い宝石。,,duplicate
641,1141,codepage,28532,27,Blue crystal of ice power.,氷の力の結晶と言われる青い宝石。,,duplicate
641,1142,codepage,28559,28,Green crystal of ice power.,氷の力の結晶と言われる緑の宝石。,,duplicate
641,1143,codepage,28587,31,Tip of a blade broken in half.,半ばから折れた刀身の先。,,duplicate
641,1144,codepage,28618,40,A sword with half its blade broken off.,先端から半ばが折れてしまっている剣。,,duplicate
641,1145,codepage,28658,61,"Crystal made from a dragon's horn, red as a funnel of flame.",燃え〓る炎のように赤いドラゴンの角から作られた結晶。,,duplicate
641,1146,codepage,28719,68,"Crystal of a dragon's horn. Recognized as a testament to
strength.",ドラゴンの角の結晶。強者の証と言われる。,,duplicate
641,1147,codepage,28787,31,"A beast's tooth, red as blood.",血のように赤い獣の牙。,,duplicate
641,1148,codepage,28818,52,"A dragon's tooth. 
A symbol of the bearer's might.",ドラゴンの牙。強者の証と言われる。,,duplicate
641,1149,codepage,28870,53,Giant sapphire formed by a dying dragon's lifeforce.,"ドラゴンが死んだ際にその命の源が
大粒のサファイアへと変化したもの。",,duplicate
641,1150,codepage,28923,52,Giant emerald formed by a dying dragon's lifeforce.,"ドラゴンが死んだ際にその命の源が
大粒のエメラルドへと変化したもの。",,duplicate
641,1151,codepage,28975,49,Giant ruby formed by a dying dragon's lifeforce.,"ドラゴンが死んだ際にその命の源が
大粒のルビーへと変化したもの。",,duplicate
641,1152,codepage,29024,58,Crystal of the strong bone that supports a dragon's wing.,ドラゴンの翼を支える〓丈な骨の結晶。,,duplicate
641,1153,codepage,29082,55,The beautiful horn of a particularly beautiful dragon.,〓常に美しいドラゴンの美しい角。,,duplicate
641,1154,codepage,29137,56,"Crystal of a dragon's talon, which is sharp as a blade.",刃のように鋭いドラゴンの爪の結晶。,,duplicate
641,1155,codepage,29193,112,"Beautiful scales said to incite the anger of the god of
dragons. The dragon went wild when people got on them.","神竜と呼ばれるドラゴンの〓りの源と言われる美しいうろこ。
〓れられただけでその竜は〓り狂うという。",,duplicate
641,1157,codepage,29306,101,"Scales of a dragon. A symbol of the bearer's might.
Many carry these in place of a good luck charm.","ドラゴンのうろこ。強者の証と言われる。
これをお守り代わりに身に着ける者も多い。",,duplicate
641,1158,codepage,29407,58,"Scales of a monster.
They possess great defensive power.",魔物のうろこ。高い防御力を持つ。,,duplicate
641,1159,codepage,29465,69,"Scales of a crocodile. 
They are as green as the heart of a forest.",〓のうろこ。深い森のように深い緑色を帯びる。,,duplicate
641,1160,codepage,29534,59,Beautiful scales that shine all the colors of the rainbow.,虹色に輝く美しいうろこ。,,duplicate
641,1161,codepage,29593,91,"An old shield that bears the marks of countless blows.
Still offers a modicum of defense.","幾度も攻撃を受け、その役目を終えるに至った盾。
若〓の防御力を帯びる。",,duplicate
641,1162,codepage,29684,57,"Crown worn by the king of monsters.
Excessively ornate.","魔物の王〓。
過〓な装飾が〓されている。",,duplicate
641,1163,codepage,29741,62,"Skin of an amphibious beast.
Prized as a material for boots.","は虫類の皮。
〓などの材〓として重宝される。",,duplicate
641,1164,codepage,29803,65,"Tip of a broken spear.
It has no trace of its former sharpness.",壊れた槍の先。かつての鋭さが見る影も無い。,,duplicate
641,1165,codepage,29868,25,The wing of a giant bat.,巨大なこうもりの羽。,,duplicate
641,1166,codepage,29893,67,"Skin membrane of a bat's wing.
Lightweight, strong, and flexible.",こうもりの羽の飛膜。軽くて〓丈でよく伸びる。,,duplicate
641,1167,codepage,29960,59,Giant bat wing fashioned to provide shelter from the rain.,"傘の語源ともなった伝説の巨大こうもりの羽。
敬意を込めてこう呼ばれる。",,duplicate
641,1168,codepage,30019,42,Ear of a giant bat. Shaped like a funnel.,"巨大こうもりの耳。
じ〓うごのような形をしている。",,duplicate
641,1169,codepage,30061,59,A crystal holding the intense lifeforce of a bird of prey.,猛禽類の猛々しい命の力が宿る結晶。,,duplicate
641,1170,codepage,30120,45,Special wing feather that assists in flight.,飛ぶために必要とされる特別な羽根。,,duplicate
641,1171,codepage,30165,72,"Tail feather of a giant bird. 
Said to contain the power of lightning.","雷の力をその身に宿すと言われる
巨鳥の尾にある羽根。",,duplicate
641,1172,codepage,30237,111,"Tail feather of a giant bird. Said to contain the power of
all lightning that descends from the storm clouds.","嵐に鳴り響く全ての雷の力を宿すと言われる
巨鳥の尾にある羽根。",,duplicate
641,1173,codepage,30348,90,"The talon from some type of predatory bird.
It is hooked so that the prey cannot escape.","猛禽類の鋭い爪。
〓のようにねじれて獲物を逃さない。",,duplicate
641,1174,codepage,30438,31,The razor fang of a carnivore.,肉食獣の鋭い牙。,,duplicate
641,1175,codepage,30469,67,"Sharp tooth of a carnivorous beast. 
A cure for several ailments.",肉食獣の鋭い牙。〓病に効く薬になる。,,duplicate
641,1176,codepage,30536,87,"Red crystal containing the fire-making power of the organ
responsible for firebreath.","ファイアブレスを作り出す器官。
その器官が持つ炎の力を内に秘めた真紅の結晶。",,duplicate
641,1177,codepage,30623,88,"Blue crystal containing the fire-making power of the organ
responsible for firebreath.","ファイアブレスを作り出す器官。
その器官が持つ炎の力を内に秘めた青い結晶。",,duplicate
641,1178,codepage,30711,89,"Green crystal containing the fire-making power of the organ
responsible for firebreath.","ファイアブレスを作り出す器官。
その器官が持つ炎の力を内に秘めた緑色の結晶。",,duplicate
641,1179,codepage,30800,85,"Red crystal containing the ice-making power of the organ
responsible for icebreath.","アイスブレスを作り出す器官。
その器官が持つ氷の力を内に秘めた真紅の結晶。",,duplicate
641,1182,codepage,30887,91,"Red crystal containing the poison-making power of the organ
responsible for poisonbreath.","ポイズンブレスを作り出す器官。
その器官が持つ土の力を内に秘めた真紅の結晶。",,duplicate
641,1183,codepage,30978,92,"Blue crystal containing the poison-making power of the organ
responsible for poisonbreath.","ポイズンブレスを作り出す器官。
その器官が持つ土の力を内に秘めた青い結晶。",,duplicate
641,1184,codepage,31070,93,"Green crystal containing the poison-making power of the organ
responsible for poisonbreath.","ポイズンブレスを作り出す器官。
その器官が持つ土の力を内に秘めた緑色の結晶。",,duplicate
641,1185,codepage,31163,110,"Even in crystal form, this breath core shines with the colors
of the rainbow. Who knows what might come out?","虹色に煌めくブレスコア。何が発射されるのかは不明。
結晶となってもその虹色の煌めきは〓在。",,duplicate
641,1186,codepage,31273,101,"A beast's pelt with various uses. Its heat retention
properties make it effective against the cold.","様々な用途に使われる獣の毛皮。
保〓性に優れ、寒さに強くなる。",,duplicate
641,1187,codepage,31374,34,Bits of meat dripping with blood.,血の〓る肉。その欠片。,,duplicate
641,1188,codepage,31408,30,Parts for a kobold slingshot.,コボルトの投石器のパーツ。,,duplicate
641,1189,codepage,31438,26,Parts for a kobold lance.,コボルトの槍のパーツ。,,duplicate
641,1190,codepage,31464,27,Parts for a kobold hammer.,コボルトの槌のパーツ。,,duplicate
641,1191,codepage,31491,56,"An old copper coin. 
On it is depicted a young kobold.","古びた銅〓。
若いコボルトの〓刻が〓されている。",,duplicate
641,1192,codepage,31547,62,"An old silver coin. 
On it is depicted a middle-aged kobold.","古びた銀〓。
中年のコボルトの〓刻が〓されている。",,duplicate
641,1193,codepage,31609,107,"An old gold coin. On it is depicted an elderly kobold. 
He has a long, thick beard and kindly expression.","古びた金〓。
口〓を〓えた〓コボルトの〓愛に満ちた表情が〓られている。",,duplicate
641,1194,codepage,31716,125,"An old coin. Its touch sends shockwaves through the body. The
kobold who carved the lightning rune is depicted on the edge.","古びた〓〓。持つとピリピリする。
〓に稲妻のルーンが刻まれたコボルトの〓が〓られている。",,duplicate
641,1195,codepage,31841,22,A nugget of iron ore.,鉄。その原石。,,duplicate
641,1196,codepage,31863,55,The joint that powers an enormous flying beast's wing.,巨大な鳥類の手羽。,,duplicate
641,1197,codepage,31918,34,Wing of an enormous flying beast.,巨大な鳥類の翼。,,duplicate
641,1198,codepage,31952,21,A griffon's feather.,グリフォンの羽根。,,duplicate
641,1199,codepage,31973,37,A beautiful green griffon's feather.,美しい緑色のグリフォンの羽根。,,duplicate
641,1200,codepage,32010,38,A beautiful white decorative feather.,真っ白な美しい羽根。,,duplicate
641,1201,codepage,32048,37,A beautiful blue decorative feather.,藍色の美しい羽根。,,duplicate
641,1202,codepage,32085,105,"A gigantic beak with a sharp cutting tip. On rare occasions,
may instantly stop an enemy in its tracks.","切っ先のように鋭く尖った巨大なくちばし。
〓に一撃で敵を仕留める効果を有する。",,duplicate
641,1203,codepage,32190,118,"The down feather of an unknown bird. If you have enough of
them, they can provide great protection against the cold.","鳥類の体毛。
集まると抜〓の保〓性を発揮する。",,duplicate
641,1204,codepage,32308,70,"Extremely durable golden mineral. 
Makes the blood rush to the head.","とても硬い金色の鉱石。
頭に血が上りやすくなる。",,duplicate
641,1205,codepage,32378,39,Petal from a magnificent white flower.,純白の巨大な花の花びら。,,duplicate
641,1206,codepage,32417,43,Petal from a magnificent blood-red flower.,血のように赤い巨大な花の花びら。,,duplicate
641,1207,codepage,32460,31,Seed possessing potent poison.,強力な毒を持つ種。,,duplicate
641,1208,codepage,32491,91,"Seed with the ability to absorb poisons. 
It possesses an extremely potent poison itself.","毒を吸収してしまう特性を持つ種。
自身も猛毒を持つ。",,duplicate
641,1209,codepage,32582,75,"Herb which causes illusions. 
Apparently, it is used in magic ceremonies.","〓に幻覚作用を持つ多年草。
魔術師の〓弐などに使用される。",,duplicate
641,1210,codepage,32657,32,A sharp stinger from an insect.,〓虫類の鋭いトゲ。,,duplicate
641,1211,codepage,32689,61,"A metal disc with the ability to seal in heat.
Always warm.","〓を封じ込める特性を持つ金属性の〓。
いつもほのかに〓かい。",,duplicate
641,1212,codepage,32750,28,Prominent horn of a beetle.,甲虫の立派な角。,,duplicate
641,1213,codepage,32778,56,"A fragment of an insect's strong, lightweight carapace.",軽くて〓丈な〓虫の殻。その欠片。,,duplicate
641,1214,codepage,32834,78,"An organ that releases bubbles for a bubble attack.
An absurd shade of blue.","〓攻撃の〓の材〓を作り出す器官。
澄んだ青い色をしている。",,duplicate
641,1215,codepage,32912,77,"An organ that releases bubbles for a bubble attack.
Shines like an emerald.","〓攻撃の〓の材〓を作り出す器官。
エメラルドのような光〓がある。",,duplicate
641,1216,codepage,32989,49,Marine animal's horn. Hard and sharp as a sword.,魚類の角。剣のように硬く鋭い。,,duplicate
641,1217,codepage,33038,61,"Marine animal's horn. Strong, thick, and sharp like a stake.",魚類の角。〓のように鋭く〓丈で太い。,,duplicate
641,1218,codepage,33099,52,Fresh seafood. It's not clear what creature it was.,新鮮な海の幸。何の肉かは不明。,,duplicate
641,1219,codepage,33151,88,"The organ with which shellfish fire stones using pressurized
gas. Widens like a bugle.","体内生成された弾を圧縮空気で飛ばす貝類の器官。
ラッパのように末広がりになっている。",,duplicate
641,1220,codepage,33239,74,"The organ with which shellfish fire coarse gravel using
pressurized gas.",圧縮空気でツブテを飛ばす貝類の器官。,,duplicate
641,1221,codepage,33313,75,"Shellfish organ, as red as blood, which shoots small pebbles
like arrows.","血のように赤い貝類の器官。
小さなツブテを矢のようにここから放つ。",,duplicate
641,1222,codepage,33388,55,A projectile made from the stones formed in shellfish.,貝類の体内で硬い石を材〓にして生成された弾丸。,,duplicate
641,1223,codepage,33443,109,"Projectile made from the same material as a seashell.
The spiral pattern on the surface increases accuracy.","殻と同じ原〓で生成された弾丸。表面の〓旋状の模様が、
命中率を上昇させると言われている。",,duplicate
641,1224,codepage,33552,88,"Projectile formed in monsters' bodies. 
Named for its ability to penetrate iron armor.","魔物の身体で生成された弾丸。
鋼鉄の鎧をも〓々と貫く事からこう呼ばれる。",,duplicate
641,1225,codepage,33640,38,A pearl with an alluring black sheen.,漆黒のなまめかしい色合いを持つ真珠。,,duplicate
641,1226,codepage,33678,26,A mass of shellfish glue.,貝類の粘液が〓まった塊。,,duplicate
641,1228,codepage,33705,50,Root of a plant that walks around like an animal.,動物のように歩き回る植物の根。,,duplicate
641,1229,codepage,33755,49,The supple and pliant arm of the walking flower.,しなやかで〓丈な歩行花の〓手。,,duplicate
641,1230,codepage,33804,66,"Supple arm of the walking flower with tips as sharp as a
swords.",先端が剣のように鋭く〓丈な歩行花の〓手。,,duplicate
641,1231,codepage,33870,21,A large mass of wax.,〓の大きな塊。,,duplicate
641,1232,codepage,33891,71,"A curiously shaped seed. 
The species to which it belongs is unclear.",奇〓な形の種。どんな植物のものなのかは不明。,,duplicate
641,1233,codepage,33962,36,Part of a mask shaped like a skull.,ドクロを模した仮面の一部。,,duplicate
641,1234,codepage,33998,28,A mask shaped like a skull.,ドクロを模した仮面。,,duplicate
641,1235,codepage,34026,78,"A crystal with dark power sealed within.
Unsuppressed power seeps out of it.","闇の力が封じ込められている結晶。
〓え切れない強大な力が、外に〓れ出している。",,duplicate
641,1236,codepage,34104,80,"A crystal recognized as a sliver of chaos.
A sense of foreboding surrounds it.","混〓の欠片と呼ばれる結晶。
瘴気が漂っている。",,duplicate
641,1237,codepage,34184,54,A gemstone imbued with darkness said to devour souls.,魂を〓らうと言われる闇を秘めた宝玉。,,duplicate
641,1238,codepage,34238,90,"Crystal that projects a beam in one direction after
concentrating and amplifying energy.","エネルギーを集束させて増〓した後、
一定方向へ放射するという特性を持った結晶。",,duplicate
641,1239,codepage,34328,39,A tasteless relief carved into a bone.,〓骨をあしらった〓味の悪いレリーフ。,,duplicate
641,1240,codepage,34367,62,Said to be written by the undead. Its true nature is unknown.,不死者が記したとされる書物。真相は不明。,,duplicate
641,1241,codepage,34429,36,Eyeball of an artificial life form.,〓似生命体の目玉。,,duplicate
641,1244,codepage,34467,121,"Crystal that holds the fire of life when an artificial life is
transferred into a doll. A crystal of paramount alchemy.","偽りの生命を人形に移す際に、その命の炎を収める結晶。
錬金術の英知の結晶でもある。",,duplicate
641,1245,codepage,34588,95,"The first letter has been erased from this seal, turning its
meaning from ""truth"" to ""death.""",真理が欠けて死となった刻印が〓り込まれた破片。,,duplicate
641,1246,codepage,34683,50,Some type of metal which rusts easily in the air.,空気中で容〓に〓化する金属。,,duplicate
641,1247,codepage,34733,43,The red flame of a soul not of this world.,この世にあらざる魂が赤い炎になったもの。,,duplicate
641,1248,codepage,34776,44,The blue flame of a soul not of this world.,この世にあらざる魂が青い炎になったもの。,,duplicate
641,1249,codepage,34820,37,A broken doll with its head missing.,頭部が失われ、完全に壊れてしまった人形。,,duplicate
641,1251,codepage,34858,49,Gemstone that holds extremely intense ice power.,極めて強力な氷の力を宿す宝珠。,,duplicate
641,1253,codepage,34908,59,"Fragment with a rune inscription that reads ""pierces all.""",あらゆるものを貫く、とルーンで書かれた〓文の欠片。,,duplicate
641,1254,codepage,34967,99,"From a mirror used in the Pleiades War to deflect the spells
of witches. This is just a fragment.","〓魔の戦いで魔女の術法を跳ね返したとされる鏡。
その欠片。",,duplicate
641,1255,codepage,35066,68,"Demon's mirror which shows one's future when peered into at
night.","夜中に〓き込むと自分の未来が見えると言われる
悪魔の鏡。",,duplicate
641,1256,codepage,35134,68,"Accessory consisting of a holy imprint engraved on a copper
plate.",銅〓の金属〓に聖なる刻印が刻まれたアクセサリー。,,duplicate
641,1257,codepage,35202,85,"Vessel to hold the blood of a sacrifice. 
A livid substance is stuck to the inside.","生〓の血を受ける器。
内側にはどす黒い〓れがこびりついている。",,duplicate
641,1258,codepage,35287,62,A magic chain that binds evil spirits to those without souls.,魂のない者に悪霊を〓依させて縛り付ける魔法の鎖。,,duplicate
641,1259,codepage,35349,51,Horn believed to be the source of a demon's power.,悪魔の力の源とされる角。,,duplicate
641,1260,codepage,35400,114,"Horn believed to be the source of a demon's power. 
It strikes terror into the hearts of those who look upon it.","悪魔の力の源とされる角。
見る者を不安にさせる〓々しい〓囲気を漂わせている。",,duplicate
641,1261,codepage,35514,96,"The soul of a sacrifice crystallized by a demon.
It trembles and whispers a curse every night.","犠牲者の魂を悪魔が結晶化したもの。
夜な夜な〓えて呪詛をささやく。",,duplicate
641,1262,codepage,35610,88,"A gem called to this world by some rite. 
It is said to bring plagues upon its holder.","ある〓弐でこの世界に呼び出された宝珠。
持つ者に様々な〓〓をもたらすとされる。",,duplicate
641,1263,codepage,35698,66,"Demon wing so black it appears to be a piece of darkness
itself.","闇の一部がそのまま形になったかのような
深い黒色を持つ悪魔の翼。",,duplicate
641,1264,codepage,35764,91,"Demon wing a shade so deep and beautiful that one feels as
though one might fall into it.","その中に落ち込んでしまいそうなくらい深く美しい
闇の色を〓えた悪魔の翼。",,duplicate
641,1265,codepage,35855,94,"Crystal allegedly left behind by dying demons.
The fire of life appears to be sealed inside.","悪魔が死ぬ時に残すという結晶。
命の炎を封じ込めているらしい。",,duplicate
641,1266,codepage,35949,93,"Glows a beautiful shade of blood red.
Said to be a heart from the famous species of undead.","血のように赤く美しい色をした珠。
不滅を〓〓する不死の一族の心臓と言われる。",,duplicate
641,1267,codepage,36042,55,Magical fire which purportedly cannot be extinguished.,決して絶える事がないと言われる魔法の炎。,,duplicate
641,1268,codepage,36097,105,"Fang which supposedly holds all of a vampire's power.
Even apart from its body, it still absorbs blood.","ヴァンパイアの力の全てが宿ると言われる牙。
本体から離れた今でも、血を吸収する。",,duplicate
641,1269,codepage,36202,53,"Fang of a vampire.
Still holds intense magic power.",ヴァンパイアの牙。未だ強い魔力を持つ。,,duplicate
641,1270,codepage,36255,90,"Vampire claws hard and sharp as razor blades.
The marks of these claws tend not to heal.","〓刀のように鋭利で〓強なヴァンパイアの爪。
この爪で生じた切り傷は、なかなか治らないという。",,duplicate
641,1271,codepage,36345,69,"Heart of a Sharp Scissor. 
Said to drive those who touch it insane.","シャープシザーの心臓。
〓れた者はその狂気に〓み込まれてしまうという。",,duplicate
641,1272,codepage,36414,35,Part of a wing of a Sharp Scissor.,"シャープシザーの翼。
その欠片。",,duplicate
641,1273,codepage,36449,59,"Claws of a Sharp Scissor. 
Sharper than even a vampire's.","シャープシザーの爪。
ヴァンパイアのものよりも更に鋭利。",,duplicate
641,1274,codepage,36508,35,A crystal magically turned yellow.,魔力の影響で黄色く色づいた水晶。,,duplicate
641,1275,codepage,36543,60,Fragment of something engraved with an intricate wild rose.,精〓な野バラの花の〓刻が〓された何かの欠片。,,duplicate
641,1276,codepage,36603,21,A massive crab claw.,巨大な〓のはさみ。,,duplicate
641,1277,codepage,36624,45,Sharp crab claws that can cut through stone.,岩をも両断する鋭い〓のはさみ。,,duplicate
641,1278,codepage,36669,124,"Alchemy-derived crystal deemed necessary to activate a golem.
This one contains an evil spirit instead of the usual fairy.","錬金術により創られた、ゴーレムの起動に必〓とされる結晶。
通常は妖精だがこれには悪霊が宿る。",,duplicate
641,1279,codepage,36793,77,"Crystal that holds a mischievous gremlin. 
It is the lifesource of a golem.","悪戯好きの妖精が封じ込められた結晶。
ゴーレムの動力源、言わば命になる。",,duplicate
641,1280,codepage,36870,102,"When charging an opponent, the ram lowers its head and drives
this powerful horn into its adversary.",体当たり攻撃の際に、真っ先に相手に突き刺さる〓丈な角。,,duplicate
641,1281,codepage,36972,74,"Sturdy horn for devastating body attacks.
Points directly at the target.","体当たり攻撃の破壊力を高める〓丈な角。
真っ先に対〓へ〓れる部分に生える。",,duplicate
641,1282,codepage,37046,98,"Section of armor that protects the tail. 
Its twisty, snake-like shape makes it look like a toy.","尻尾を護っていた鎧の一部。
蛇のようにうねる機構はまるで〓具のように見える。",,duplicate
641,1283,codepage,37144,56,"Long, narrow armor that reminds one of a snake's belly.",蛇の腹を連想させる細長い鎧の一部。,,duplicate
641,1284,codepage,37200,66,"A container for holding transient souls.
Currently, it is empty.","仮初めの魂を収めるケース。
現在その魂は失われている。",,duplicate
641,1285,codepage,37266,93,"A container for holding transient souls. 
It holds no souls, but great magic whirls within.","仮初めの魂を収めるケース。
魂は失われているが、強い魔力が渦巻いている。",,duplicate
641,1286,codepage,37359,73,"A twisted arrowhead. 
Its shape helps it pierce deeper into the victim.","渦を巻いた矢じり。
この形状で貫通力を高めるという。",,duplicate
641,1287,codepage,37432,19,A giant horseshoe.,巨大な蹄鉄。,,duplicate
641,1288,codepage,37451,98,"The evil eye that can kill with a mere glance.
Though its owner is dead, the wickedness lingers.","目線で殺せるという悪しき存在の眼〓。
主が死んだ今でも〓々しさは〓在。",,duplicate
641,1289,codepage,37549,39,"A monsters eyeball, pretty as a jewel.",宝石のように美しい魔物の目玉。,,duplicate
641,1290,codepage,37588,72,"The heart of a monster.
Varies greatly from that of a living creature.","魔物の心臓部。
生き物のそれとは〓遠い形をしている。",,duplicate
641,1291,codepage,37660,74,"The heart of a monster. 
Radiates brilliant green light like an emerald.","魔物の心臓部。
エメラルドのように美しい緑の光を放つ。",,duplicate
641,1292,codepage,37734,40,Monster bone hard and sturdy as a rock.,岩のように硬く〓丈な魔物の骨。,,duplicate
641,1293,codepage,37774,88,"Bone from a monster's arm shaped like a mace.
One strike of this bone can crush stone.","メイスのような形をした魔物の腕の先にある骨。
この骨の一撃は岩をも砕く。",,duplicate
641,1294,codepage,37862,65,"Part of a monster's arm bone from which came devastating
blows.","強力な一撃を生み出す魔物の腕の先にある骨。
その欠片。",,duplicate
641,1295,codepage,37927,67,"Arms of a monster. 
Some sticky substance remains on the suckers.",魔物の〓手。吸〓にはまだ粘着力が残っている。,,duplicate
641,1296,codepage,37994,46,The charming little canine tooth of a goblin.,ゴブリンの犬歯。小さくて可愛らしい。,,duplicate
641,1297,codepage,38040,84,"Probably the fang of some fearsome monster, but it's so little
it's actually cute.",ある悪魔の牙らしいが、とても小ぶりでむしろ可愛らしい。,,duplicate
641,1298,codepage,38124,50,Part of a monster's wing said to drain lifeforce.,"生命力を吸い取ると言われる悪魔の翼。
その一部。",,duplicate
641,1299,codepage,38174,90,"Monster's wing said to drain lifeforce. Still
sucks life even without its original body.","生命力を吸い取ると言われる悪魔の翼。
主亡き今も他の生命の息吹を吸収する。",,duplicate
641,1300,codepage,38264,55,"Fragment of a stone with the inscription ""Be naughty.""",〓石の一部。悪戯せよ、と書かれている。,,duplicate
641,1301,codepage,38319,92,"The pebble from a goblin's heart, said to be where its soul
resides. Suppresses confusion.","ゴブリンの魂と言われる心臓部の石ころ。
混乱を〓える効果がある。",,duplicate
641,1302,codepage,38411,60,"A fortified wine. 
It appears to be of a superior vintage.",酒精強化ワイン。良い作〓年のもののようだ。,,duplicate
641,1303,codepage,38471,120,"Flying insect with a rigid exoskeleton. Not to be swatted
lightly. Named ""Legion"" for binding with others of its kind.","〓だらけの硬い殻で覆われた羽虫。うっかり叩くと痛い
目にあう。徒〓を組むところからレギオンと呼ばれる。",,duplicate
641,1304,codepage,38591,67,"Red wasp to lead all others. 
Moves three times the normal speed.","ワスプたちを統べると言われる赤い〓。
その動きは通常の倍速いと言われている。",,duplicate
641,1305,codepage,38658,55,A compound insect eye with a brilliant platinum shine.,プラチナのように美しく輝く〓虫の複眼。,,duplicate
641,1306,codepage,38713,29,A large compound insect eye.,大きな〓虫の複眼。,,duplicate
641,1307,codepage,38742,29,A full-sized clump of amber.,こぶし大の琥珀の塊。,,duplicate
641,1308,codepage,38771,86,"The organ that condenses liquids in the body.
As beautiful as the amber it produces.","体内に〓〓した体液の一部を〓縮して〓める器官。
これ自体も琥珀のように美しい。",,duplicate
641,1309,codepage,38857,36,Very long and sharp insect stinger.,とてつもなく長くて鋭い虫の針。,,duplicate
641,1310,codepage,38893,40,Insect spine long and sharp as a spear.,槍のように長く鋭い虫の〓。,,duplicate
641,1311,codepage,38933,63,Part of the wing of a flying insect known as the king of bugs.,王と呼ばれる羽虫の羽。その欠片。,,duplicate
641,1312,codepage,38996,58,Part of a large insect wing colored a deep shade of blue.,"深い青の色をした大きな虫の羽。
その欠片。",,duplicate
641,1313,codepage,39054,74,"The main food source for queen bees.
Some say it's good for people, too.","王と呼ばれる〓の主食。
人間の身体にも良いらしい。",,duplicate
641,1314,codepage,39128,49,"Red cartilage from a mollusk.
Constantly moist.","真紅の軟体類の頭〓骨。
常に水気を帯びている。",,duplicate
641,1315,codepage,39177,51,"Green cartilage from a mollusk.
Constantly moist.","緑色の軟体類の頭〓骨。
常に水気を帯びている。",,duplicate
641,1316,codepage,39228,52,Bone shaped like a mallet at the end of a tentacle.,〓手の先にある槌のような形状の骨。,,duplicate
641,1317,codepage,39280,49,Large horn of a sheep twisted around and around.,幾重にも渦を巻いた大きな羊の角。,,duplicate
641,1318,codepage,39329,67,"Large horn twisted in a spiral. 
It has a sinister, warped shape.","〓旋状にねじれた大きな角。
歪んで気持ち悪い形をしている。",,duplicate
641,1319,codepage,39396,92,"Piece of some light armor. 
It slightly raises defense as if some weak magic enchanted it.","軽装の鎧の欠片。弱い魔力を帯びていたようで
装備すると若〓の防御力の向上を得られる。",,duplicate
641,1320,codepage,39488,107,"Piece of some light armor reinforced by powerful magic.
The fragment maintains the benefits of the magic.","軽装の鎧の欠片。強力な魔力で強度を上げている。
欠片となってもその恩〓を受ける事が可能。",,duplicate
641,1321,codepage,39595,91,"Piece of stone with runes engraved. 
Bears the inscription ""Keep your eyes on the prize.""","ルーンが刻まれた〓石の一部。
鷹のように標的を外さない、と刻まれている。",,duplicate
641,1322,codepage,39686,88,"Piece of stone with runes engraved. 
Bears the inscription ""One strike fells the foe.""","ルーンが刻まれた〓石の一部。
この一撃は標的を一撃で倒す、と刻まれている。",,duplicate
641,1323,codepage,39774,64,"Front tooth of a herbivore. 
A shape suited for cutting grass.","草食動物の前歯。
草を断ち切るのに〓した形をしている。",,duplicate
641,1324,codepage,39838,79,"Front teeth that appear to have belonged to a herbivore.
Disgustingly warped.",草食動物のものらしき前歯。みにくく歪んでいる。,,duplicate
641,1325,codepage,39917,48,Silver mirror handle featuring a lovely design.,銀〓の手鏡の取っ手。美しい装飾が〓されている。,,duplicate
641,1326,codepage,39965,68,"From the wings of a flying dragon.
Special bone needed for flight.",ワイバーンの翼にあるという、飛ぶのに必要な特別な骨。,,duplicate
641,1327,codepage,40033,70,"Stones that form in amphibians' livers.
A cure for several ailments.","は虫類の肝に宿る石。
〓病に効くとされる。",,duplicate
641,1328,codepage,40103,84,"Red stones that form in amphibians' livers.
Has a healing effect on living bodies.","は虫類の肝に宿る赤い石。
生き物の身体を癒す効果がある。",,duplicate
641,1330,codepage,40188,96,"Claw that grows on a monster's tail.
Tail is whipped around and plunges the claw into the foe.","魔物の尻尾に生えている爪。
尻尾による打撃の際、対〓に突き刺さる。",,duplicate
641,1331,codepage,40284,69,"Internal organ from a large amphibian.
Alleviates several ailments.",巨大なは虫類の内臓。〓病を癒すと言われる。,,duplicate
641,1332,codepage,40353,46,Gallstone from the pancreas of a rare wyvern.,ある希少なワイバーンの肝に宿る胆石。,,duplicate
641,1333,codepage,40399,65,"A staff held by a sack mimic.
A name is carved into the design.","〓ミミックが持っていた杖。
〓に名前が〓ってある。",,duplicate
641,1334,codepage,40464,73,"Mysterious card carried by a gentleman.
It has illegible writing on it.","ジェントルメンが持っていた〓のカード。
何か書いてあるが読めない。",,duplicate
641,1335,codepage,40537,47,Abnormal molding concealed by the sacred sack.,セイクリッド・サックが隠し持っていた不思議な造形物。,,duplicate
641,1336,codepage,40584,46,Precious gem that was concealed by a monster.,魔物が隠し持っていた美しい宝石。,,duplicate
641,1337,codepage,40630,52,Old strings made of hemp. Durable and still of use.,古びた麻の紐。〓丈でまだ十分に使える。,,duplicate
641,1338,codepage,40682,101,"The most rudimentary seed of virtual life produced in alchemy.
It takes the form of a dazzling gem.","錬金術によって生み出される最も初歩的な仮想生命核。
これ自体は立派な宝石である。",,duplicate
641,1339,codepage,40783,56,A piece of copper that appears to be part of some tool.,何かの器具の一部と思われる銅の欠片。,,duplicate
641,1340,codepage,40839,88,"A sizeable emerald with a high degree of purity.
A virtual life dwells faintly within.","純度の高い大粒のエメラルド。
内側に薄らと仮想生命が宿っている。",,duplicate
641,1341,codepage,40927,85,"A sizeable ruby with a high degree of purity.
A virtual life dwells faintly within.","純度の高い大粒のルビー。
内側に薄らと仮想生命が宿っている。",,duplicate
641,1342,codepage,41012,42,A silver sconce with an elaborate design.,美しい装飾が〓された銀〓の燭台。,,duplicate
641,1343,codepage,41054,55,Organ that converts the power of darkness into breath.,闇の力をブレスに変換する器官。,,duplicate
641,1344,codepage,41109,70,"Organ that converts and amplifies the power of darkness into
breath.",闇の力をブレスに変換増〓させる器官。,,duplicate
641,1345,codepage,41179,37,Scales that shine a brilliant green.,緑に輝く美しいうろこ。,,duplicate
641,1346,codepage,41216,75,"Red crystal of the organ that produces thunderbreath.
Prevents paralysis.","サンダーブレスを作り出す器官が赤く結晶化したもの。
麻痺を防ぐ。",,duplicate
641,1347,codepage,41291,72,"Blue crystal of the organ that produces thunderbreath.
Prevents Faint.","サンダーブレスを作り出す器官が青く結晶化したもの。
気絶を防ぐ。",,duplicate
641,1348,codepage,41363,92,"Green crystal of the organ that produces thunderbreath.
Possesses immense lightning power.","サンダーブレスを作り出す器官が緑の結晶化したもの。
強力な雷の力を有する。",,duplicate
641,1350,codepage,41456,48,Scales with the red glare of a blazing inferno.,燃え〓る炎のように紅く輝くうろこ。,,duplicate
641,1351,codepage,41504,52,Breath core that generates high-density firebreath.,高密度の炎のブレスを作り出すブレスコア。,,duplicate
641,1352,codepage,41556,59,Beautiful scales with five colors rippling on the surface.,表面に五色の波紋が広がる美しいうろこ。,,duplicate
641,1353,codepage,41615,90,"Dangerous ore that releases flares when exposed to air.
Crystallized by materialization.","大気に〓れると火を〓く危険な鉱石。
マテリアライズにより結晶化されている。",,duplicate
641,1354,codepage,41705,101,"Ore that spews intensely hot flames. Crystallized by
materialization, but still prone to flare-ups.","極めて高〓の火を〓く鉱石。マテリアライズによって
結晶化されているが、それでも〓に火を〓く。",,duplicate
641,1355,codepage,41806,44,Raw material of a steel said to never rust.,"決して〓びないと言われる特殊な鋼。
その原石。",,duplicate
641,1356,codepage,41850,54,Raw material of a flexible yet durable magical metal.,"柔軟性と耐久性を〓ね備えた魔法金属。
その原石。",,duplicate
641,1357,codepage,41904,97,"Large jewel believed to contain the power of the orb in the
sky. Somehow not too hot to handle.","空に輝く太陽の力を秘めているとされる大粒の宝珠。
〓くて持てないという事はない。",,duplicate
641,1358,codepage,42001,63,A strange mineral that contains within it the mystery of life.,生命の神秘が秘められている不思議な鉱石。,,duplicate
641,1359,codepage,42064,39,Mystical ore only heard of in legends.,伝説にのみ語り継がれる神秘の鉱石。,,duplicate
641,1360,codepage,42103,63,Anthracite-like ore with golden light seeping from the inside.,内側から金色の光が〓れる石〓のような鉱石。,,duplicate
641,1361,codepage,42166,33,The prominent skull of a dragon.,ドラゴンの立派な頭〓骨。,,duplicate
641,1362,codepage,42199,60,Cursed bone fragment of a dragon that died torn by regrets.,未〓を残して死んだドラゴンの呪いが宿った骨片。,,duplicate
641,1363,codepage,42259,64,"Maggots that breed only in Zombie Dragons.
Tough and alluring.","ドラゴンゾンビにだけ〓くと言われる蛆。
とても硬く美しい。",,duplicate
641,1365,codepage,42324,43,Dragon's scales that have become corroded.,腐食したドラゴンのうろこ。,,duplicate
641,1366,codepage,42367,44,Dragon's scales turned a thick black color.,どす黒く変色したドラゴンのうろこ。,,duplicate
641,1367,codepage,42411,76,"Dragon's wing that reflects seven colors of light, depending
on the angle.",光の具合で〓色の光〓を放つ透明なドラゴンの翼。,,duplicate
641,1368,codepage,42487,24,Clear wing of a dragon.,透明なドラゴンの翼。,,duplicate
641,1369,codepage,42511,77,"Gallstone with the concentrated power of a dragon that has
conquered death.",死を〓〓したドラゴンの力が圧縮された胆石。,,duplicate
641,1370,codepage,42588,45,Dark scales blacker than the blackest night.,"暗黒のうろこ。
その黒は夜の闇よりなお深い。",,duplicate
641,1371,codepage,42633,44,Protective shell that is darker than night.,夜の闇よりも深い暗黒の甲殻。,,duplicate
641,1372,codepage,42677,67,"Talon imbued with the power of a dragon that has conquered
death.",死を〓〓したドラゴンの力の断片が宿る爪。,,duplicate
641,1373,codepage,42744,56,Elegant platinum insect resembling a refined sculpture.,精〓な〓刻のように美しい銀色の蝿。,,duplicate
641,1374,codepage,42800,83,"Phosphor held in Arectaris's hand.
It continues to shine even without its master.","アレクタリスの〓手がまとっていた燐光。
主を失った今でもその輝きを失わない。",,duplicate
641,1375,codepage,42883,43,Phosphor that adhered to Arectaris's hand.,アレクタリスの〓手に付着していた燐光。,,duplicate
641,1376,codepage,42926,63,"Arectaris's source of life.
An alluring figure floats within.","アレクタリスの命の源。
内側にその美しい姿が〓かんでいる。",,duplicate
641,1377,codepage,42989,80,"Relief of Arectaris's lovely visage.
It has the beautiful lucidity of crystal.","アレクタリスの美しい顔のレリーフ。
水晶のように美しく透き通っている。",,duplicate
641,1378,codepage,43069,98,"A crystal of life resembling a beautiful giant pearl.
Crystallized by a relatively higher deity.","大粒の真珠のように美しい命の結晶。
より高位な神の手で結晶化されている。",,duplicate
641,1379,codepage,43167,44,Monster claws that are as sharp as daggers.,刃物のように鋭利な魔物の爪。,,duplicate
641,1382,codepage,43213,78,"Bright white undergarment. The white appeals to a man's heart.
For men only.","輝く白のアンダーウェア。白は男の心の色らしい。
男以外は装備を拒〓する。",,duplicate
641,1383,codepage,43291,100,"A jewel containing Odin's wisdom. There is a theory the musky
smell comes from too much deodorant.","オーディンの英知が秘められた宝珠。
宝珠なのに加齢臭がするのは〓底大根の理〓か。",,duplicate
641,1384,codepage,43391,82,"Weapon of Freya. Doesn't appear to be much until you touch it.
Not for children.","フレイの武器。一見何もないように見えるが手〓りで感じる。
本人はいつもちやんと持っているらしい。",,duplicate
641,1385,codepage,43473,104,"Figurine in a cute pose the original would never strike.
Painstakingly painted in charming full-color.","モデル本人は絶対しないような〓々なポーズを
とったフィギュア。精〓な塗りが〓しいフルカラー。",,duplicate
641,1386,codepage,43577,71,"Portable game in which you raise a cute fairy creature wearing
a bag.","ズタ〓をかぶった可愛らしい妖精（？）を育てる
〓帯ゲーム機。",,duplicate
641,1387,codepage,43648,119,"Symbol of creation gods who couldn't possibly exist. The rune
inside the crystal appears the same from any direction.","存在しないはずの創造の神々の〓〓。
結晶の内側のルーンはどこからみても正面を向く。",,duplicate
641,1388,codepage,43767,104,"Symbol of creation gods who couldn't possibly exist. Part of
a pair, but nothing happens when matched.","存在しないはずの創造の神々の〓〓。
対になっているらしいが二つ〓っても特に何もない。",,duplicate
641,1389,codepage,43871,48,Charm which renders user invulnerable to Curse.,呪いを無効化するお守り。,,duplicate
641,1390,codepage,43919,49,Charm which renders user invulnerable to Freeze.,凍結を無効化するお守り。,,duplicate
641,1391,codepage,43968,48,Charm which renders user invulnerable to Faint.,気絶を無効化するお守り。,,duplicate
641,1392,codepage,44016,50,Charm which renders user invulnerable to Petrify.,石化を無効化するお守り。,,duplicate
641,1393,codepage,44066,52,Charm which renders user invulnerable to Paralysis.,麻痺を無効化するお守り。,,duplicate
641,1394,codepage,44118,49,Charm which renders user invulnerable to Poison.,毒を無効化するお守り。,,duplicate
641,1395,codepage,44167,50,Charm which renders user invulnerable to Silence.,沈黙を無効化するお守り。,,duplicate
641,1396,codepage,44217,50,Charm which renders user invulnerable to Confuse.,混乱を無効化するお守り。,,duplicate
641,1397,codepage,44267,50,Charm which renders user invulnerable to Frailty.,衰弱を無効化するお守り。,,duplicate
641,1398,codepage,44317,47,Charm which renders user invulnerable to Fear.,恐怖を無効化するお守り。,,duplicate
641,1399,codepage,44364,38,Armband which raises physical attack.,装備者の力を高める腕輪。,,duplicate
641,1400,codepage,44402,35,Armband which raises magic attack.,装備者の魔力を高める腕輪。,,duplicate
641,1401,codepage,44437,61,Ring that improves the recuperative abilities of the wearer.,装備者の自己治癒力を高める指輪。,,duplicate
641,1402,codepage,44498,60,"Contains a pungent, fermented brew. 
Not too watered down.","〓〓な〓りを放つ発〓酒。
口当たりが良く、一樽は軽く〓める。",,duplicate
641,1403,codepage,44558,59,"Foul, green water.
Not something you would want to drink.","青緑色に〓った水。
〓底人が〓める代物ではない。",,duplicate
641,1404,codepage,44617,73,"A broken amulet, perhaps suffused with the prayers of its
former owner.","壊れたアミュレット。
誰かの願いが込められていたのだろうか。",,duplicate
641,1405,codepage,44690,106,"Said to precipitate death, these ashes can also cure poison when
boiled. Cannot be used during a battle.","死を与えると言われる灰。だが、〓じれば解毒薬になる。
戦闘中は使用できない。",,duplicate
641,1406,codepage,44796,76,"Mask used by an ancient king. 
It is said that he never revealed his face.","古代の王が使用した仮面。
これで常に素顔を隠していたと言われている。",,duplicate
641,1407,codepage,44872,62,"Ceremonial tome handed down since antiquity.
Unintelligible.",太古の祭祀を伝える〓弐書。解読不可能。,,duplicate
641,1408,codepage,44934,99,"Some kind of meat. Tastes good. Restores just a little bit of HP.
Cannot be used during a battle.","何かの肉。味は良い。HPがほんの少し回復する。
戦闘中は使用できない。",,duplicate
641,1409,codepage,45033,83,"Somewhat chilled, translucent fish scales.
They have a slight resistance to cold.","ほんのり冷たい透き通った魚のうろこ。
若〓の氷属性耐性がある。",,duplicate
641,1410,codepage,45116,116,"Vegetable seed of destiny. G stands for ""great."" It is said
that when the seed breaks, a hidden power is released.","運命の名を持つ植物の種。GはグレイトのG。
この種が〓れる時、隠された力が解放されると言ふ。",,duplicate
641,1411,codepage,45232,119,"A box holding a meddling fairy who lives in traveler's boots.
Comes to the rescue when the boot's owner is in danger.","旅人の〓に住み着くお〓介な妖精が入った小箱。
〓の主に危機が迫ると勝手に助けてくれる。",,duplicate
641,1412,codepage,45351,102,"When charging an opponent, the ram lowers its head and drills
this powerful horn into its adversary.",体当たり攻撃の際に真っ先に相手に突き刺さる〓丈な角。,,duplicate
641,1413,codepage,45453,62,"Fossil of an ash tree. 
As a fossil, it has a soul of stone.","化石になったトネリコ。
化石なだけに岩の塊である。",,duplicate
641,1414,codepage,45515,24,A spear that is broken.,壊れてしまった槍。,,duplicate
641,1415,codepage,45539,24,A sword that is broken.,壊れてしまった剣。,,duplicate
641,1416,codepage,45563,22,A bow that is broken.,壊れてしまった弓。,,duplicate
641,1417,codepage,45585,29,A greatsword that is broken.,壊れてしまった大剣。,,duplicate
641,1418,codepage,45614,24,A staff that is broken.,壊れてしまった杖。,,duplicate
641,1419,codepage,45638,25,A hammer that is broken.,壊れてしまった槌。,,duplicate
641,1420,codepage,45663,80,"A plant that blooms in a profusion of white and gold flowers.
Can cure Poison.","白と黄色の花が入り乱れて〓く事から名付けられた花。
状態異常（毒）を回復する。",,duplicate
641,1422,codepage,45744,103,"A document that is said to guide the reader to the one true
path. Can cure Confusion during a battle.","使用者に正しき道を指し示すと言われる書。
戦闘中の状態異常（混乱）を回復する。",,duplicate
641,1423,codepage,45847,76,"A poem written by Bragi, god of poetry. 
Can cure Silence during a battle.","詩神ブラギが書いたとされる詩の一篇。
戦闘中の状態異常（沈黙）を回復する。",,duplicate
641,1424,codepage,45923,81,"Water collected from the mountains of Midgard.
Can cure Freeze during a battle.","ミッドガルドの山岳地帯から流れ出した水。
戦闘中の状態異常（凍結）を回復する。",,duplicate
641,1425,codepage,46004,75,"An herb with white, pearl-like fruit.
Can cure Paralysis during a battle.","真珠のような白い実をつける〓。
戦闘中の状態異常（麻痺）を回復する。",,duplicate
641,1426,codepage,46079,67,"A bird's egg incubated by a toad.
Can cure Stone during a battle.","〓の卵をヒキガエルが〓めたもの。
戦闘中の状態異常（石化）を回復する。",,duplicate
641,1428,codepage,46147,70,"Cloth embroidered with a night view of Dipan.
A souvenir from Dipan.","ディパンの美しい夜〓が刺〓された布〓の物体。
ディパンのおみやげらしい。",,duplicate
641,1429,codepage,46217,79,"Monster's internal organ that produces holybreath.
For some reason, it glows.","ホーリィブレスを作り出す魔物の体内器官。
何故か光っている。",,duplicate
641,1430,codepage,46296,61,"Organ that produces holybreath.
It radiates light even now.","ホーリィブレスを作り出す器官。
今もなお光り輝いている。",,duplicate
641,1431,codepage,46357,65,"Completely spoiled liver of a dragon.
It emits an awful stench.",〓まじい腐臭を放つ腐りきった竜の肝。,,duplicate
641,1432,codepage,46422,26,Tooth edged like a sword.,剣のように鋭い牙。,,duplicate
641,1433,codepage,46448,29,The sharp claw of an insect.,虫の鋭いカギ爪。,,duplicate
641,1434,codepage,46477,71,"Extremely keen insect claw. 
It has an edge that rivals metal swords.","虫の鋭利なカギ爪。
金属〓の刃物にも負けない切れ味を誇る。",,duplicate
641,1435,codepage,46548,97,"Outer shell of an enormous insect. 
The eerie face of wailing woman can be seen on the surface.","巨大な虫の外殻。
表面に不気味な女性の泣き顔が〓き出ている。",,duplicate
641,1436,codepage,46645,94,"Insect wing used to produce a loud call.
A hard, thin design runs through it like glasswork.","大きな鳴き〓を出すための〓虫の羽。
ガラス細工のように硬く細かい意匠が〓されている。",,duplicate
641,1437,codepage,46739,95,"Slim longsword specialized for lunging attacks.
The royal crest of Dipan is engraved upon it.","刺突攻撃に特化した細身の刀剣。
ディパン王族の紋章が刻まれている。",,duplicate
641,1438,codepage,46834,57,"A stunning drop of amber.
Its value lies in its beauty.","美しい琥珀の粒。
それなりの価格で取引される。",,duplicate
641,1439,codepage,46891,45,Hard and lightweight aquatic creature's fin.,硬くて軽い魚介類のヒレ。,,duplicate
641,1440,codepage,46936,102,"Crystal that harnesses energy and projects it in one
direction. Low purity prevents it from working.","エネルギーを集束させて一定方向へ放射するという
特性を持つ結晶。純度が低く、放射はできないようだ。",,duplicate
641,1441,codepage,47038,33,Part of a monster's broken claw.,折れた魔物の爪の一部。,,duplicate
641,1442,codepage,47071,63,"Part of an aquatic creature's fin, strong and sharp as an axe.",斧のように硬くて〓丈な魚介類のヒレの一部。,,duplicate
641,1443,codepage,47134,81,"Stone that serves as the eye of an entity that is animated by
a transient soul.",仮初めの魂で動く存在の目になる石。,,duplicate
641,1444,codepage,47215,79,"Orb that serves as the eye of an entity that is animated by a
transient soul.",仮初めの魂で動く存在の目になる宝珠。,,duplicate
641,1445,codepage,47294,71,"Piece of monster clothing stained blood red.
It longs for more blood.","血で真っ赤に〓まった魔物の衣〓の一部。
更なる血を欲している。",,duplicate
641,1446,codepage,47365,72,"Imbued with magic power. 
Grows sensitive when confronted with enmity.","魔力が込められたピアス。
敵意に対して〓感になる作用がある。",,duplicate
641,1447,codepage,47437,31,Steel shoe for a horse's hoof.,鋼鉄〓の馬のひづめ。,,duplicate
641,1448,codepage,47468,43,Talisman that conjures strength when worn.,身に着けると力がわいてくる護符。,,duplicate
641,1449,codepage,47511,96,"A talisman said to bear the blessings of the wind.
Enables one to hit one's mark without fail.","風の加護を〓かるとされる護符。
狙い違わず目標を射抜けるようになると言われている。",,duplicate
641,1450,codepage,47607,72,"Extremely sharp talons. 
Once they sink into you, it's hard to escape.","とても鋭い魔物の爪。
一度食い込むとなかなか離れない。",,duplicate
641,1451,codepage,47679,54,Monster's claw that is as sturdy and keen as a lance.,槍のように鋭利で〓丈な魔物の爪。,,duplicate
641,1452,codepage,47733,39,Sharp claw that is bent like a sickle.,〓のように歪んだ鋭い爪。,,duplicate
641,1453,codepage,47772,68,"Extremely sharp monster's claw. 
Possesses the luster of obsidian.",〓常に鋭い魔物の爪。黒曜石のような光〓を持つ。,,duplicate
641,1454,codepage,47840,18,Knife-edged claw.,鋭いナイフのような鋭利な爪。,,duplicate
641,1455,codepage,47858,55,Bone from a dragon's ribcage that comes to a fine tip.,鋭く尖ったドラゴンの〓骨。,,duplicate
641,1456,codepage,47913,28,Glop of rotten dragon meat.,腐ってドロドロになったドラゴンの肉。,,duplicate
641,1457,codepage,47941,54,A gorgeous dragon's wing with a name meaning rainbow.,虹の名を〓する美しい竜の翼。,,duplicate
641,1458,codepage,47995,97,"The eye of Bahamut. It has magic power so fearsome, it
terminates any living thing in its view.","バハムートの眼〓。視界に入っただけで、
生き物の生命を奪うほど〓々しい魔力を持つ。",,duplicate
641,1459,codepage,48092,90,"Colossal horn said to be the source of Bahamut's power.
Fatal to the touch for the weak.","バハムートの力の源ともいえる巨大な角。か弱い者であれば
〓れるだけで命を落す魔力を持つ。",,duplicate
641,1460,codepage,48182,78,"Scales used by a wyvern to guide its flight.
Surprisingly delicate and fine.","ワイバーンが飛行中に正確な風向きを知るためのうろこ。
〓常に薄く、デリケート。",,duplicate
641,1461,codepage,48260,82,"Scales that cling to their target. 
They fly at the target like diving swallows.","ターゲットに吸い付くように飛んでくるうろこ。
舞い飛ぶツバメのように標的を強襲する。",,duplicate
641,1462,codepage,48342,78,"These scales fly at blinding speeds, and puncture and stick
to their target.","ターゲットに吸い付くように飛んでくるうろこ。
高速で飛来し、標的に突き刺さる。",,duplicate
641,1463,codepage,48420,113,"Bright red scales possessing a high temperature.
Said to retain their heat even if a hundred years should pass.","高い〓を持った真っ赤なうろこ。
この〓は年を経ても失われないという。",,duplicate
641,1464,codepage,48533,92,"Special scales from a wyvern.
They bear the name of a hot wind blowing in from the desert.","ワイバーン種が持つ特殊なうろこ。
砂漠から吹く〓風の名を〓する。",,duplicate
641,1465,codepage,48625,94,"Special scales from a wyvern. 
They bear the name of a cold winter wind from a faraway land.","ワイバーン種が持つ特殊なうろこ。
ある地方の〓に吹く強い風の名を〓する。",,duplicate
641,1466,codepage,48719,85,"Special scales from a wyvern.
They bear the name of a hot wind from a faraway land.","ワイバーン種が持つ特殊なうろこ。
ある地方の〓風の名を〓する。",,duplicate
641,1467,codepage,48804,99,"Magic ore said to be a tear shed by the frost giant Ymir.
Cold enough to freeze a flowing stream.","氷の巨人ユミルが流した涙と伝えられる魔法の鉱物。
〓の流れすら凍てつかせる冷気を放出する。",,duplicate
641,1468,codepage,48903,103,"Magic ore named after the rage of the thunder god.
Releases lightning powerful enough to crush stone.","雷神の〓りの名を〓する魔法の鉱石。
岩をも砕く雷撃を放つとされる。",,duplicate
641,1469,codepage,49006,107,"Magic ore with a name that invokes nightmares.
A venom with the toxicity to destroy all can be extracted.","最も深き悪夢という名を持った魔法の鉱石。
〓物を死滅させるほどの〓密な毒が〓出できるらしい。",,duplicate
641,1470,codepage,49113,80,"A warm, blood-red stone the size of a human heart.
It seems to pulsate gently.","心臓ほどの大きさの血のように赤い宝石。
ほのかに〓かく、脈打っている。",,duplicate
641,1471,codepage,49193,103,"A tiny magic flame. It flickers but never dies out.
Believed to bring luck to those who look upon it.","小さい魔法の炎。消える事なく揺らめいている。
その光を見た者にささやかな幸運を与えると言う。",,duplicate
641,1472,codepage,49296,69,"Crystal holding the frozen curse of a monster's sacrificial
victim.",魔物に殺された犠牲者の怨念が〓り〓まった結晶。,,duplicate
641,1473,codepage,49365,27,An unidentified dark soul.,得体の知れない黒い塊。,,duplicate
641,1474,codepage,49392,83,"Piece of a pitch black cloak.
It still holds a trace of its master's magic power.","真っ黒いマントの切れ端。
未だ主の魔力の一部を受け継いでいる。",,duplicate
641,1475,codepage,49475,61,"Foreboding right arm of a demon.
Wrapped in powerful magic.",〓々しい悪魔の右腕。強力な魔力を帯びている。,,duplicate
641,1476,codepage,49536,60,"Foreboding left arm of a demon.
Wrapped in powerful magic.",〓々しい悪魔の左腕。強力な魔力を帯びている。,,duplicate
641,1477,codepage,49596,112,"Hoof of a demon. Though it scarcely differs from that of an
ordinary animal, it is filled with fearsome magic.","悪魔のひづめ。だが普通の動物のものと
何ら変わらない形をしているが〓々しき魔力を〓む。",,duplicate
641,1478,codepage,49708,47,A mysterious liquid with the luster of silver.,銀のような光〓を持った不思議な液体。,,duplicate
641,1479,codepage,49755,99,"A mysterious ore often called the metal of the gods.
Requires the heat of a volcano to be forged.","神々の金属と言われる不思議な鉱物。
加工には火山のような高〓が必要と言われている。",,duplicate
641,1480,codepage,49854,42,Mysterious bone charged with electricity.,電気を帯びた不思議な骨。,,duplicate
641,1481,codepage,49896,28,Ore said to summon thunder.,落雷を呼ぶと言われる鉱物。,,duplicate
641,1482,codepage,49924,41,Crystal overflowing with electric power.,強力な電力を帯びた結晶。,,duplicate
641,1483,codepage,49965,50,"Large, round pearl. 
Fetches quite a fair price.",大きな真珠の粒。大変高値で取引される。,,duplicate
641,1484,codepage,50015,66,"Teeth covering the limbs that grow out of the mouth of a
Kraken.","クラーケンの口の両側に生えた特殊な〓手に
びっしり生える牙。",,duplicate
641,1485,codepage,50081,83,"Liquid from a monster with great powers of recovery.
Said to increase metabolism.","回復力が高い魔物の体液。
新〓代〓機能を向上させる効果がある。",,duplicate
641,1486,codepage,50164,54,Monster's projectiles that will penetrate their mark.,狙ったものを確実に射抜くと言われる魔物の弾丸。,,duplicate
641,1487,codepage,50218,57,Large pearl that is round and luminescent like the moon.,月のように丸く美しい真珠の大粒。,,duplicate
641,1488,codepage,50275,43,Hammer-shaped bone from the end of an arm.,〓手の先にある槌のような形状の骨。,,duplicate
641,1489,codepage,50318,82,"Projectile designed more for detonation than piercing.
Looks like a large arrow.","射抜くよりも破壊する事を目的とした飛び道具。
見た目は大きな矢である。",,duplicate
641,1490,codepage,50400,58,Magic arrowhead that slices through wind without slowing.,"向かい風の中でも減速しない魔物の矢。
その矢じり。",,duplicate
641,1491,codepage,50458,79,"A good luck charm.
The benefits change according to what animal's tail it is.","幸運のお守り。
ご利〓はどんな動物のしっぱなのかで変わるらしい。",,duplicate
641,1492,codepage,50537,64,"A small box with nothing in it.
Unclear what it may have held.",空っぱの小さい箱。何が入っていたのかは不明。,,duplicate
641,1493,codepage,50601,35,Mysterious inflammable animal fur.,決して燃えない不思議な獣の毛皮。,,duplicate
641,1494,codepage,50636,30,A particularly large bat ear.,〓常に大きなこうもりの耳。,,duplicate
641,1495,codepage,50666,60,"A particularly large bat wing.
The shape resembles a cape.","〓常に大きなこうもりの翼。
その形状はマントのようにも見える。",,duplicate
641,1496,codepage,50726,70,"A sharp talon protruding from the end of the violent griffon's
wing.",〓暴なグリフォンの翼の先端についた鋭い爪。,,duplicate
641,1497,codepage,50796,80,"Sharp beak of a giant bird of prey.
One attack will open holes in metal armor.","巨大な猛禽類の鋭いくちばし。
これの一撃は金属〓の鎧にも風〓を開ける。",,duplicate
641,1498,codepage,50876,73,"Entwined vines etched in silver. 
There's no hint as to what it framed.","複〓に〓み合ったカズラの銀細工。
何かの枠だったのだろうか。",,duplicate
641,1499,codepage,50949,102,"A mirror reminiscent of a serene lake surface.
So clear it appears you could plunge your fingers in.","波立たぬ静かな湖面を思わせる美しい鏡。
〓ると〓み込まれてしまいそうなほど〓りひとつない。",,duplicate
641,1500,codepage,51051,48,Metal part shaped like newly formed plant buds.,発〓したばかりの植物のような形状の金属パーツ。,,duplicate
641,1501,codepage,51099,42,Vegetable seed containing a potent venom.,〓厚な毒を含んだ植物の種。,,duplicate
641,1502,codepage,51141,65,"A delicate little flower.
Just looking at it soothes the heart.","可〓な小さな花。
見ているだけで心がなごむ。",,duplicate
641,1503,codepage,51206,72,"Perennial with a bugle-shaped flower.
The flower symbolizes innocence.","ラッパ状の大きな花をつける多年草。
花言〓は「純潔」。",,duplicate
641,1504,codepage,51278,73,"Countless flowers bloom on this mountain flower.
It symbolizes fortune.","山地などに自生し、白い小さな花を無数につける。
「幸福」が花言〓。",,duplicate
641,1505,codepage,51351,102,"This flower symbolizes persistence. An attractive flower known
for its sword-shaped leaves and stem.","花言〓は「たゆまぬ〓力」。
剣先のような草と〓なりにつく美しい花が特〓。",,duplicate
641,1506,codepage,51453,115,"Figurine in a cute pose the original would never strike.
The amber version is the ultra-rare collector's edition.","モデル本人は絶対しないような〓々なポーズを
とったフィギュア。アンバーカラーはシークレットの証。",,duplicate
641,1507,codepage,51568,92,"Figurine in a cute pose the original would never strike.
The most common metallic version.","モデル本人は絶対しないような〓々なポーズを
とったフィギュア。一番数の多いメタリックバージヨン。",,duplicate
641,1508,codepage,51660,113,"Figurine in a cute pose the original would never strike.
Crystal version which doesn't require a base to stand.","モデル本人は絶対しないような〓々なポーズを
とったフィギュア。心底いらないクリスタルバージヨン。",,duplicate
641,1509,codepage,51773,83,"A strange accessory with the inscription:
""Wear this to reveal the hidden truth.""","「装備すると隠された真実が姿を現す」
と書かれたヘンなアクセサリー。",,duplicate
641,1510,codepage,51856,79,"High-quality, scented wood. 
Its soothing effects are said to relieve stress.","上質の〓〓。
ストレスを解消するヒーリング効果があるらしい。",,duplicate
641,1511,codepage,51935,30,Seldom seen palm of a dragon.,〓常に〓しいドラゴンの手のひら。,,duplicate
641,1512,codepage,51965,65,"A bronze statuette that depicts a lively, prancing young
horse.",元気に跳ね回る子馬の姿を模した小さい銅像。,,duplicate
641,1513,codepage,52030,75,"An earthenware baby chick. 
A must-buy souvenir from the west of Midgard.","〓〓のひよこ。
ミッドガルドの西部ではメジャーなお土産らしい。",,duplicate
641,1514,codepage,52105,73,"A delicate bee, finely wrought in silver.
Rubies are used for the eyes.","〓の形の精〓な銀細工。
眼の部分にルビーがはめ込まれている。",,duplicate
641,1515,codepage,52178,41,A stunning bracelet with inset emeralds.,小さなエメラルドがはめ込まれた〓麗な腕輪。,,duplicate
641,1516,codepage,52219,31,An antique copper hand mirror.,銅〓のアンティークな手鏡。,,duplicate
641,1517,codepage,52250,38,An inexpensive-looking bronze mirror.,青銅〓の安っぱい手鏡。,,duplicate
641,1518,codepage,52288,102,"A small blue doll that fits in the palm of your hand.
Its microscopic level of detail is disturbing.","手のひらに乗りそうな小さい青い人形。
異様に精〓な作りは少し不気味。",,duplicate
641,1519,codepage,52390,46,A small jade figurine of two kittens playing.,"二匹の子猫がじやれあっている姿を模した小さい人形。
翡翠〓。",,duplicate
641,1520,codepage,52436,36,Ruby earring shaped like the fruit.,ルビー〓の〓の実が飾られたピアス。,,duplicate
641,1521,codepage,52472,65,"A hairpin decorated with a blue stone cut to resemble an
apple.",青い宝石で出来た〓の実が飾られたヘアピン。,,duplicate
641,1522,codepage,52537,66,"A worn antique. 
Appears to be some sort of festival receptacle.",古ぼけた骨〓品の器。何かの祭器らしい。,,duplicate
641,1523,codepage,52603,89,"Description should not appear in Camp Menu.
If you see this, please report it as a BUG!","キャンプ画面では説明は表示されません。
これが表示されたらバグですのでご報告お願いします。",,duplicate
641,1524,codepage,52692,89,"Description should not appear in Camp Menu.
If you see this, please report it as a BUG!","キャンプ画面では説明は表示されません。
これが表示されたらバグですのでご報告お願いします。",,duplicate
641,1525,codepage,52781,89,"Description should not appear in Camp Menu.
If you see this, please report it as a BUG!","キャンプ画面では説明は表示されません。
これが表示されたらバグですのでご報告お願いします。",,duplicate
641,1526,codepage,52870,96,"A map of the north featuring Dipan and Solde in the center.
Enables shortcuts to destinations.","ディパンやゾルデを中心としたミッドガルド北部の地図。
地域間の移動を〓略化できる。",,duplicate
641,1527,codepage,52966,88,"A map of the west featuring Villnore in the center.
Enables shortcuts to destinations.","ヴィルノアを中心としたミッドガルド西部の地図。
地域間の移動を〓略化できる。",,duplicate
641,1528,codepage,53054,97,"A map of the east featuring Crell Monferaigne in the center.
Enables shortcuts to destinations.","クレルモンフェランを中心としたミッドガルド東部の地図。
地域間の移動を〓略化できる。",,duplicate
641,1529,codepage,53151,101,"Sword used by the current valkyrie, Hrist. 
Hunts the souls of heroes and carries them to Valhalla.","現在の戦乙女であるアーリィが使用していた剣。
英雄の魂を狩り、ヴァルハラに運ぶと言われている。",,duplicate
641,1530,codepage,53252,122,"The sword's name means ""high and pure."" It was given only to
the very best of the knights who swore loyalty to the king.","「気高く〓らか」という意味を持つ剣。
王に忠誠を誓った騎士の中でも、最上級の者に与えられた。",,duplicate
641,1531,codepage,53374,51,"Common, widely used protective wear made of cloth.",一般に広く流布している布〓の具足。,,duplicate
641,1532,codepage,53425,45,Leg protection used by high-ranking knights.,上級の騎士が使用している具足。,,duplicate
641,1533,codepage,53470,19,Tanned hide boots.,〓をなめして作られたブーツ。,,duplicate
641,1534,codepage,53489,31,Boots filled with magic power.,魔力が込められたブーツ。,,duplicate
641,1535,codepage,53520,69,"Preferred boots of laborers.
Offer durability and ease of movement.","労〓者が好んで〓くブーツ。
動きやすく、耐久性に優れている。",,duplicate
641,1536,codepage,53589,102,"Charm picked up in Surts Caverns. Blood obscures the original
color, but it appears to be hand-made.","スルス火山洞窟で拾ったお守り。
血で〓れており元の色はわからないが、手〓らしい。",,duplicate
641,1537,codepage,53691,88,"Glove preferred by loyal knights.
Limits movement, but significantly improves defense.","忠誠ある騎士が好んで使用するグローブ。
動きは制〓されるが、防御力は高い。",,duplicate
641,1538,codepage,53779,89,"Description should not appear in Camp Menu.
If you see this, please report it as a BUG!","キャンプ画面では説明は表示されません。
これが表示されたらバグですのでご報告お願いします。",,duplicate
641,1539,codepage,53868,39,Bow given to a brave warrior by a god.,神が勇者に与えたとされる強弓。,,duplicate
641,1540,codepage,53907,72,"Staff made from a legendary metal.
Gives enormous power to its holder.","幻の金属と呼ばれる物質で出来た杖。
持ち主に強大な力を与える。",,duplicate
641,1541,codepage,53979,93,"Gauntlet bearing the name of a mighty warrior.
Possesses strong resistance to dark attacks.","強き者の意を持つ手甲。
闇属性の攻撃に対し強い耐性を持つ。",,duplicate
641,1542,codepage,54072,76,"Blade named after she of the shield truce.
One swing dispels all darkness.","平和の守護者の意を〓する剣。
この剣の一振りで、全ての闇は崩れ去る。",,duplicate
641,1543,codepage,54148,90,"Armor containing all wisdom. 
This shining suit protects its wearer against all attacks.","全ての英知を宿した鎧。光を纏ったその装甲は
あらゆる攻撃から装備者の身を守る。",,duplicate
641,1544,codepage,54238,60,"Cosplay shirt for kobolds, based on Odin's apparel.
Small.","オーディンの上着のデザインがインスパイアされた
コボルト用のコスプレ衣装。小さい。",,duplicate
641,1545,codepage,54298,76,"Tape with adhesive on both sides, no doubt used to keep a
toupee in place.",恐らくヅラをとめていたのに使っていた両面テープ。,,duplicate
641,1546,codepage,54374,84,"This dapper wi--umm, hairpiece guarantees wisdom and happiness
to he who wears it.","身に着けた者に英知と明るい人生を
約束する精〓なヅ・・・いやウィッグ。",,duplicate
641,1547,codepage,54458,82,"Lance-shaped thing made out of plywood.
A ripoff Gungnir, but good for throwing.","ベニヤ〓で出来た槍っぱいの。グングニルらしい。
〓常に投げ槍な出来だ。",,duplicate
641,1548,codepage,54540,58,"An everyday, run-of-the-mill bamboo pole.
Not very cool.",何の変〓も無い竹の竿。青臭い。,,duplicate
641,1549,codepage,54598,44,A push-up thingy for the full-figured look.,寄せてあげて大きく見せる例のアレ。,,duplicate
641,1550,codepage,54642,59,"Freya's felt cap. 
It's neatly sewn, but covered in hair.","フェルト〓のフレイの〓子。
なかなか〓〓に裁縫してあるが毛まみれだ。",,duplicate
641,1551,codepage,54701,90,"An oversized ball of glass. 
""Villnore Chamber of Commerce"" is written on a star inside.","やたらとでかいガラス玉。
内側の星にヴィルノア商工会と書いてある。",,duplicate
641,1552,codepage,54791,60,"Cosplay shirt for kobolds, based on valkyrie armor.
Small.","ヴァルキリーたちの鎧のデザインがインスパイアされた
コボルト用のコスプレ衣装。小さい。",,duplicate
641,1553,codepage,54851,90,"Insanely heavy lance made of die-cast metal.
A creepy obsession with detail is apparent.","ダイキャスト〓のド重い模造槍。
その〓常に精〓な出来は変質的な情〓を感じる。",,duplicate
641,1554,codepage,54941,53,"A quarterstaff carved from cypress.
Or so they say.",ひのきをけずって作った〓の棒。らしい。,,duplicate
641,1555,codepage,54994,93,"Manual for self-improvement with tons of sticky-notes.
Entitled ""How to lead and be loved.""","大量の付〓が〓まれた実用書。
タイトルは「好かれる上〓になる〓」。",,duplicate
641,1556,codepage,55087,48,"A boring old pipe made of iron... Wait, a pipe?","何の変〓もない鉄で出来たパイプ。
・・・パイプ？",,duplicate
641,1557,codepage,55135,90,"Five-pointed pendant that is proof of having slayed the
mightiest rodent in the heavens.","神界最強の小動物を撃破した
証明となる星〓のペンダント。",,duplicate
641,1558,codepage,55225,61,"Extraordinarily ordinary sunflower seed.
A delicious treat.","至極普通のヒマワリの種。
大好きなものらしい。",,duplicate
641,1559,codepage,55286,104,"Gauntlet with the symbol of fortune engraved. But really
tacky. Brings about miracles, or so they say.","幸運のシンボルが刻まれた手甲。でも格好悪い。
奇跡を呼ぶ・・・らしい。",,duplicate
641,1560,codepage,55390,126,"Helm with the symbol magic evasion carved into it. Though weak
physically, it possesses remarkable resistance against magic.","魔〓けの刻印が刻まれた〓。
防御力は低いが、魔法への耐性が〓常に高い。",,duplicate
641,1561,codepage,55516,81,"Silverwork of a snake biting its own tail.
Rubies are set into the eye sockets.","自分の尾を〓んだ蛇の銀細工。
眼〓にルビーがはめ込まれている。",,duplicate
641,1562,codepage,55597,60,A curious kobold wig. Said to contain another kind of soul.,"〓なコボルトのウィッグ。このカリフラワーのような
物体にはソウルなるものが宿るらしい。",,duplicate
641,1563,codepage,55657,50,A pendant engraved with the royal crest of Dipan.,ディパン王家の紋章が刻まれたペンダント。,,duplicate
641,1564,codepage,55707,44,A representative bulb crop. White and long.,代表的な根野菜。白くてスラッとしている。,,duplicate
641,1565,codepage,55751,51,A heavy steel hairband. Looks a lot like Alicia's.,"鉄〓の重たいヘアーバンド。
アリーシャのものに良く似ている。",,duplicate
641,1566,codepage,55802,93,"White grungy shirt with an image of Rufus's clothes drawn on
it. Probably some inside joke.","白地にルーファスの衣装の〓が〓いてある
〓レ〓レのシャツ。他意を感じる。",,duplicate
641,1567,codepage,55895,81,"Weird medal, handmade by pasting silver paper on cardboard.
What is this thing?","ボール紙に銀紙が〓り付けてある変な手作りメダル。
なんだこれ。",,duplicate
641,1568,codepage,55976,101,"Red bandanna that says ""Run like the winded"" for some reason.
Resembles one Rufus lost a while ago.","な〓か疾風と書かれた赤いバンダナ。
ルーファスが〓、失くしたものに良く似ているらしい。",,duplicate
641,1569,codepage,56077,101,"Latest edition of the Valhalla Guide.
The cover features ""10 Items no einherjar should be without.""","ヴァルハラガイドと書かれた分厚い本。帯に
「エインフェリア必〓の究極ガイド〓」と書いてある。",,duplicate
641,1570,codepage,56178,43,Wig sporting a conic-spike punk hairstyle.,ツンツンに硬く尖ったヘアスタイルを再現したヅラ。,,duplicate
641,1571,codepage,56221,97,"A purple-colored mirror? No, a Brahms-colored mirror.
Peer into it and see an ominous shadow...","紫色、というかブラムス色に〓まった鏡。
〓き込むと背後に不〓な影が見えるらしい。",,duplicate
641,1572,codepage,56318,71,"Cute, tiny bloodsucking bugs. 
They bounce around so alive and happy!","ちっちやくて可愛い吸血〓虫。
〓気に今日も〓〓ん〓〓ん飛び跳ねる。",,duplicate
641,1573,codepage,56389,58,For those who have earned the favor of the battle-maiden.,戦乙女の〓愛を〓かる者の名を〓する剣。,,duplicate
641,1574,codepage,56447,36,A sword that makes goodbyes simple.,別れの意を〓する切り裂きの剣。,,duplicate
641,1575,codepage,56483,58,Greatsword whose name refers to its power to defeat evil.,邪竜を引き裂く者の意を〓する大剣。,,duplicate
641,1576,codepage,56541,114,"The sword known for slaying dragons, now new and improved!
Even the strongest of dragons is powerless before it.","竜殺しとも呼ばれる大剣。その改良版。
どんな強大な力を持つ竜も、この剣の前には無力となる。",,duplicate
641,1577,codepage,56655,90,"Sword carrying the curse of the undead. 
Said to suck the blood of the enemy it attacks.","不死者の呪いが込められた剣。
攻撃した相手の血を食らうと言われている。",,duplicate
641,1578,codepage,56745,63,A chip off of the stone that bears all knowledge in the world.,"世界のあらゆる知識が〓め込まれた石。
その破片。",,duplicate
641,1579,codepage,56808,58,"The seed for forming a homunculus.
It's green and plump.","ホムンクルスを作る核となるもの。
なんか緑色でぶよぶよしている。",,duplicate
641,1580,codepage,56866,104,"A magic tome addressed to all monsters.
Contains forbidden treatises on tricks for animating the dead.","あらゆる魔術について〓べられた魔導書。
外法とも言われる屍霊術にも詳しい。",,duplicate
641,1581,codepage,56970,66,"Pitch black robes that seem to have come out of darkness
itself.",闇から抜け出たような漆黒のローブ。,,duplicate
641,1582,codepage,57036,46,Sword fueled by the angst of the downtrodden.,虐げられてきた者達の怨念がこもった剣。,,duplicate
641,1583,codepage,57082,30,"A rat, hunted and toyed with.",〓ばれて狩られたネズミ。,,duplicate
641,1584,codepage,57112,36,"An abused lizard, its tail cut off.",〓ばれて尻尾が切れたトカゲ。,,duplicate
641,1585,codepage,57148,42,"An unlucky blue bird, cruelly mistreated.",〓ばれた不幸な青い鳥。,,duplicate
641,1586,codepage,57190,82,"Excreted after nutrients have been absorbed.
Occasionally has furballs mixed in.","栄〓分を消化吸収した後のかす。
時折毛玉が混じる。",,duplicate
641,1587,codepage,57272,33,A bone that has been sucked dry.,しやぶりつくされた骨。,,duplicate
641,1588,codepage,57305,41,Battered shoes that something chewed on.,かじられ、ぼろぼろになった靴。,,duplicate
641,1589,codepage,57346,40,An unkempt cloth with holes everywhere.,所々に〓が開いたぼろぼろの布。,,duplicate
641,1590,codepage,57386,71,"Excreted after nutrients have been absorbed.
Indicates health status.","栄〓分を消化吸収した後のかす。
〓〓状態がわかる。",,duplicate
641,1591,codepage,57457,27,Feed given to baby chicks.,ひよこのえさ。,,duplicate
641,1592,codepage,57484,35,Old veggies. They're good for you.,野菜のくず。栄〓価は高い。,,duplicate
641,1593,codepage,57519,52,"Feed with clamshells mixed in. 
It's good for you.",貝殻を砕いて混〓たえさ。栄〓価は高い。,,duplicate
641,1594,codepage,57571,79,"Excreted after nutrients have been absorbed.
Occasionally falls from the sky.","栄〓分を消化吸収した後のかす。
時折空から降ってくる。",,duplicate
641,1595,codepage,57650,41,A ring engraved with the image of a cat.,猫のレリーフが〓りこまれた指輪。,,duplicate
641,1596,codepage,57691,41,A ring engraved with the image of a dog.,犬のレリーフが〓りこまれた指輪。,,duplicate
641,1597,codepage,57732,42,A ring engraved with the image of a bird.,鳥のレリーフが〓りこまれた指輪。,,duplicate
641,1598,codepage,57774,42,A ring that lets one talk to the animals.,持つ者は、動物と会話できると言われる指輪。,,duplicate
641,1600,codepage,57817,117,"In battle, HP recovery spells and items work on the entire party,
but the amount of HP restored is greatly reduced.","戦闘中、アイテムや魔法によるHPの回復が
全体に影響するようになる。ただし回復量は大〓に下がる。",,duplicate
641,1601,codepage,57934,74,"May break foe's guard.
Equipping more will not have a cumulative effect.","一定確率で敵のガードを破壊する。
これは複数装備しても効果は重複しない。",,duplicate
641,1602,codepage,58008,41,May launch a counterattack when evading.,回避時、一定確率でカウンター攻撃が発動する。,,duplicate
641,1603,codepage,58049,45,10% of attack damage is transformed into HP.,攻撃ダメージのをHPに変換する。,,duplicate
641,1604,codepage,58094,40,May transform inflicted damage into HP.,一定確率で与えたダメージをHPに変換する。,,duplicate
641,1605,codepage,58134,61,May restore half of the damage inflicted by an enemy attack.,"敵の攻撃を受けダメージを負った際、一定確率で
受けたダメージの半分を回復する。",,duplicate
641,1606,codepage,58195,94,"In battle, time needed to recover from status ailments is halved.
The Cure Condition effect.","戦闘中、状態異常になっている時間が通常の
半分になる。キュアコンディシヨンの効果。",,duplicate
641,1607,codepage,58289,39,Improves chance of performing a guard.,ガード率を上昇させる。,,duplicate
641,1608,codepage,58328,25,May negate magic damage.,一定確率で魔法ダメージを無効化する。,,duplicate
641,1609,codepage,58353,19,May reflect magic.,一定確率で魔法を反射する。,,duplicate
641,1610,codepage,58372,27,Doubles HIT during battle.,戦闘中のHITが倍になる。,,duplicate
641,1611,codepage,58399,72,"ATK increases with each miss.
Effect ceases when the attack mode ends.","ミスするたびにATKがアップする。
上昇したダメージは攻撃モードを解〓すると戻る。",,duplicate
641,1612,codepage,58471,97,"Chance of a critical attack increases with each miss.
Effect ceases when the attack mode ends. ","ミスするたびにクリティカルの発生確率を上昇させる。
上昇した発生率は攻撃モード解〓時にリセット。",,duplicate
641,1613,codepage,58568,99,"Causes normal attacks to miss, but critical attacks and certain
special attacks will strike home.","通常攻撃をミスするようになる。
ただし、クリティカルと一部の特殊攻撃は命中する。",,duplicate
641,1614,codepage,58667,83,"Damage inflicted on enemy increases, but each attack reduces
HP by 5% of maximum.","敵に与えるダメージが上昇する。
ただし攻撃の度に最大HPのを消費してしまう。",,duplicate
641,1615,codepage,58750,67,"Part of the damage inflicted on the enemy is transformed into
HP.",敵に与えたダメージの一部をHPに還元させ回復する。,,duplicate
641,1616,codepage,58817,100,"Increased damage inflicted on the enemy as long as HP is at
maximum. Once hurt, the effect ceases.","HP満タン状態の間、敵に与えるダメージがアップ。
ダメージを負うと元に戻る。",,duplicate
641,1618,codepage,58918,118,"In battle, fortune smiles upon you when all digits in your HP
value are the same. The higher the digit, the luckier.","戦闘中、HPがゾロ目になると幸運な事が起こる。
その時のケタが高いほど大きな幸運になる。",,duplicate
641,1619,codepage,59036,59,"During a battle, character parameters improve as HP falls.",戦闘中、HPが減るとパラメータが上昇する。,,duplicate
641,1620,codepage,59095,60,"During a battle, Special Attack power improves as HP falls.",戦闘中、HPが減ると決め技の威力が上昇する。,,duplicate
641,1622,codepage,59156,61,"Poison damage actually heals the victim, but only in battle.",戦闘中のみ毒のダメージで回復するようになる。,,duplicate
641,1623,codepage,59217,84,"When suffering from Poison in a battle, MAG goes up.
Critical Rank also increases.","戦闘中、状態異常（毒）になるとMAGがアップする。
更にクリティカルランクも上昇する。",,duplicate
641,1624,codepage,59301,116,"When suffering from Frailty in a battle, attack damage against
foes increases. Critical attack odds also increase.","戦闘中、状態異常（衰弱）になると敵に与えるダメージが
大〓にアップ。更にクリティカルの発生率も上昇する。",,duplicate
641,1628,codepage,59420,80,"ATK increases when inflicted with Silence.
Critical attack odds also increase.","状態異常（沈黙）時、ATKがアップ。
更にクリティカルの発生率も上昇する。",,duplicate
641,1632,codepage,59503,119,"When character is on the verge of dying, entire party is given
first aid, except for the dying character him/herself.","自分が〓死になるとパーティー全体にファーストエイドが
発生する。ただし自分自身には発生しない。",,duplicate
641,1633,codepage,59622,87,"All status levels go up when stricken by any ailment.
Effect only occurs in a battle.","状態異常中、すべてのステータスが上昇する。
効果は戦闘時のみ発生する。",,duplicate
641,1634,codepage,59709,118,"Critical attack power doubles. However, if attack fails to defeat
enemy, damage is inflicted upon character as well.","クリティカルの威力を倍にする。ただしその一撃で
相手が倒せなかった場合そのダメージを自分も負う",,duplicate
641,1635,codepage,59827,35,Increases maximum HP value by 10%.,HPの最大値が上昇する。,,duplicate
641,1636,codepage,59862,55,"Increases maximum HP value by 3%.
Enhance by linking.","HPの最大値が上昇する。
リンクで強化できる。",,duplicate
641,1637,codepage,59917,55,"Increases maximum HP value by 5%.
Enhance by linking.","HPの最大値が上昇する。
リンクで強化できる。",,duplicate
641,1638,codepage,59972,22,Increases ATK by 15%.,ATKが上昇する。,,duplicate
641,1639,codepage,59994,42,"Increases ATK by 3%.
Enhance by linking.","ATKが上昇する。
リンクで強化できる。",,duplicate
641,1640,codepage,60036,42,"Increases ATK by 5%.
Enhance by linking.","ATKが上昇する。
リンクで強化できる。",,duplicate
641,1641,codepage,60078,22,Increases MAG by 15%.,MAGが上昇する。,,duplicate
641,1642,codepage,60100,42,"Increases MAG by 3%.
Enhance by linking.","MAGが上昇する。
リンクで強化できる。",,duplicate
641,1643,codepage,60142,42,"Increases MAG by 5%.
Enhance by linking.","MAGが上昇する。
リンクで強化できる。",,duplicate
641,1644,codepage,60184,22,Increases HIT by 15%.,HITが上昇する。,,duplicate
641,1645,codepage,60206,42,"Increases HIT by 3%.
Enhance by linking.","HITが上昇する。
リンクで強化できる。",,duplicate
641,1646,codepage,60248,42,"Increases HIT by 5%.
Enhance by linking.","HITが上昇する。
リンクで強化できる。",,duplicate
641,1647,codepage,60290,22,Increases AVD by 20%.,AVDが上昇する。,,duplicate
641,1648,codepage,60312,42,"Increases AVD by 3%.
Enhance by linking.","AVDが上昇する。
リンクで強化できる。",,duplicate
641,1649,codepage,60354,42,"Increases AVD by 5%.
Enhance by linking.","AVDが上昇する。
リンクで強化できる。",,duplicate
641,1650,codepage,60396,22,Increases RDM by 15%.,RDMが上昇する。,,duplicate
641,1651,codepage,60418,42,"Increases RDM by 3%.
Enhance by linking.","RDMが上昇する。
リンクで強化できる。",,duplicate
641,1652,codepage,60460,42,"Increases RDM by 5%.
Enhance by linking.","RDMが上昇する。
リンクで強化できる。",,duplicate
641,1653,codepage,60502,22,Increases RST by 20%.,RSTが上昇する。,,duplicate
641,1654,codepage,60524,42,"Increases RST by 3%.
Enhance by linking.","RSTが上昇する。
リンクで強化できる。",,duplicate
641,1655,codepage,60566,42,"Increases RST by 5%.
Enhance by linking.","RSTが上昇する。
リンクで強化できる。",,duplicate
641,1656,codepage,60608,37,Boosts Special Attack damage by 20%.,決め技ダメージが上昇する。,,duplicate
641,1657,codepage,60645,37,Boosts Special Attack damage by 30%.,決め技ダメージが上昇する。,,duplicate
641,1658,codepage,60682,57,"Boosts Special Attack damage by 5%.
Enhance by linking.","決め技ダメージが上昇する。
リンクで強化できる。",,duplicate
641,1659,codepage,60739,86,"Increases chance of a critical attack.
Equipping more will have a cumulative effect.","クリティカルの発生率が上昇する。
複数装備するとその分効果は重複する。",,duplicate
641,1660,codepage,60825,28,Guaranteed critical attack.,必ずクリティカルになる。,,duplicate
641,1666,codepage,60858,34,May inflict Poison on the target.,一定確率で攻撃対〓を状態異常（毒）にする。,,duplicate
641,1667,codepage,60892,74,"Has a 40% chance of negating Poison during a battle.
Enhance by linking.","戦闘中、状態異常（毒）をの確率で無効化する。
リンクで強化できる。",,duplicate
641,1668,codepage,60966,36,Provides protection against Poison.,状態異常（毒）を完全に防ぐ。,,duplicate
641,1671,codepage,61004,37,May inflict Paralysis on the target.,一定確率で攻撃対〓を状態異常（麻痺）にする。,,duplicate
641,1672,codepage,61041,77,"Has a 40% chance of negating Paralysis during a battle.
Enhance by linking.","戦闘中、状態異常（麻痺）をの確率で無効化する。
リンクで強化できる。",,duplicate
641,1673,codepage,61118,30,Completely negates Paralysis.,状態異常（麻痺）を完全に防ぐ。,,duplicate
641,1674,codepage,61148,53,"On very rare occasions, will inflict Doom on target.",ごく〓に攻撃対〓を即死させる。,,duplicate
641,1675,codepage,61201,32,May inflict Doom on the target.,一定確率で攻撃対〓を即死させる。,,duplicate
641,1676,codepage,61233,81,"Has a 40% chance of negating Doom caused by a foe's attack.
Enhance by linking.","敵の攻撃の即死効果をの確率で無効化する。
リンクで強化できる。",,duplicate
641,1677,codepage,61314,50,Completely negates Doom caused by a foe's attack.,敵の攻撃の即死効果を完全に防ぐ。,,duplicate
641,1680,codepage,61366,35,May inflict Silence on the target.,一定確率で攻撃対〓を状態異常（沈黙）にする。,,duplicate
641,1681,codepage,61401,75,"Has a 40% chance of negating Silence during a battle.
Enhance by linking.","戦闘中、状態異常（沈黙）をの確率で無効化する。
リンクで強化できる。",,duplicate
641,1682,codepage,61476,28,Completely negates Silence.,状態異常（沈黙）を完全に防ぐ。,,duplicate
641,1686,codepage,61507,73,"Has a 40% chance of negating Curse during a battle.
Enhance by linking.","戦闘中、状態異常（呪い）をの確率で無効化する。
リンクで強化できる。",,duplicate
641,1687,codepage,61580,26,Completely negates Curse.,状態異常（呪い）を完全に防ぐ。,,duplicate
641,1690,codepage,61608,37,May inflict Confusion on the target.,一定確率で攻撃対〓を状態異常（混乱）にする。,,duplicate
641,1691,codepage,61645,77,"Has a 40% chance of negating Confusion during a battle.
Enhance by linking.","戦闘中、状態異常（混乱）をの確率で無効化する。
リンクで強化できる。",,duplicate
641,1692,codepage,61722,30,Completely negates Confusion.,状態異常（混乱）を完全に防ぐ。,,duplicate
641,1700,codepage,61759,33,May inflict Stone on the target.,一定確率で攻撃対〓を状態異常（石化）にする。,,duplicate
641,1701,codepage,61792,73,"Has a 40% chance of negating Stone during a battle.
Enhance by linking.","戦闘中、状態異常（石化）をの確率で無効化する。
リンクで強化できる。",,duplicate
641,1702,codepage,61865,26,Completely negates Stone.,状態異常（石化）を完全に防ぐ。,,duplicate
641,1705,codepage,61893,33,May inflict Faint on the target.,一定確率で攻撃対〓を状態異常（気絶）にする。,,duplicate
641,1706,codepage,61926,73,"Has a 40% chance of negating Faint during a battle.
Enhance by linking.","戦闘中、状態異常（気絶）をの確率で無効化する。
リンクで強化できる。",,duplicate
641,1707,codepage,61999,26,Completely negates Faint.,状態異常（気絶）を完全に防ぐ。,,duplicate
641,1710,codepage,62027,34,May inflict Freeze on the target.,一定確率で攻撃対〓を状態異常（凍結）にする。,,duplicate
641,1711,codepage,62061,74,"Has a 40% chance of negating Freeze during a battle.
Enhance by linking.","戦闘中、状態異常（凍結）をの確率で無効化する。
リンクで強化できる。",,duplicate
641,1712,codepage,62135,27,Completely negates Freeze.,状態異常（凍結）を完全に防ぐ。,,duplicate
641,1720,codepage,62169,35,May inflict Frailty on the target.,一定確率で攻撃対〓を状態異常（衰弱）にする。,,duplicate
641,1721,codepage,62204,75,"Has a 40% chance of negating Frailty during a battle.
Enhance by linking.","戦闘中、状態異常（衰弱）をの確率で無効化する。
リンクで強化できる。",,duplicate
641,1722,codepage,62279,28,Completely negates Frailty.,状態異常（衰弱）を完全に防ぐ。,,duplicate
641,1725,codepage,62309,91,"May inflict Poison, Confusion, Silence, Freeze, Paralysis,
Faint, or Stone on the target.","一定確率で攻撃対〓を毒、混乱、沈黙、凍結、麻痺、
石化、気絶のいずれかにする。",,duplicate
641,1726,codepage,62400,119,"40% chance of negating Poison, Confusion, Silence, Freeze,
Paralysis, Faint or Stone in a battle. Enhance by linking.","戦闘中、毒、混乱、沈黙、凍結、麻痺、石化、気絶を
の確率で無効化する。リンクで強化できる。",,duplicate
641,1728,codepage,62520,59,Chance of teleporting enemy target out of the battlefield.,一定確率で攻撃対〓を戦場外へ転送する。,,duplicate
641,1730,codepage,62580,74,"Extra 3% of fire damage is inflicted when attacking.
Enhance by linking.","攻撃時、の炎属性ダメージが加算される。
リンクで強化できる。",,duplicate
641,1731,codepage,62654,74,"Extra 5% of fire damage is inflicted when attacking.
Enhance by linking.","攻撃時、の炎属性ダメージが加算される。
リンクで強化できる。",,duplicate
641,1732,codepage,62728,51,"Fire damage is reduced by 3%.
Enhance by linking.","炎属性ダメージを減少させる。
リンクで強化できる。",,duplicate
641,1733,codepage,62779,51,"Fire damage is reduced by 5%.
Enhance by linking.","炎属性ダメージを減少させる。
リンクで強化できる。",,duplicate
641,1734,codepage,62830,98,"3% chance of draining foe's health with fire damage and adding
it to own HP. Enhance by linking.","炎属性ダメージをの確率で吸収する。
リンクで強化できる。",,duplicate
641,1735,codepage,62928,98,"5% chance of draining foe's health with fire damage and adding
it to own HP. Enhance by linking.","炎属性ダメージをの確率で吸収する。
リンクで強化できる。",,duplicate
641,1736,codepage,63026,76,"Extra 3% of freeze damage is inflicted when attacking.
Enhance by linking.","攻撃時、の氷属性ダメージが加算される。
リンクで強化できる。",,duplicate
641,1737,codepage,63102,76,"Extra 5% of freeze damage is inflicted when attacking.
Enhance by linking.","攻撃時、の氷属性ダメージが加算される。
リンクで強化できる。",,duplicate
641,1738,codepage,63178,53,"Freeze damage is reduced by 3%.
Enhance by linking.","氷属性ダメージを減少させる。
リンクで強化できる。",,duplicate
641,1739,codepage,63231,53,"Freeze damage is reduced by 5%.
Enhance by linking.","氷属性ダメージを減少させる。
リンクで強化できる。",,duplicate
641,1740,codepage,63284,100,"3% chance of draining foe's health with freeze damage and
adding it to own HP. Enhance by linking.","氷属性ダメージをの確率で吸収する。
リンクで強化できる。",,duplicate
641,1741,codepage,63384,100,"5% chance of draining foe's health with freeze damage and
adding it to own HP. Enhance by linking.","氷属性ダメージをの確率で吸収する。
リンクで強化できる。",,duplicate
641,1742,codepage,63484,79,"Extra 3% of lightning damage is inflicted when attacking.
Enhance by linking.","攻撃時、の雷属性ダメージが加算される。
リンクで強化できる。",,duplicate
641,1743,codepage,63563,79,"Extra 5% of lightning damage is inflicted when attacking.
Enhance by linking.","攻撃時、の雷属性ダメージが加算される。
リンクで強化できる。",,duplicate
641,1744,codepage,63642,56,"Lightning damage is reduced by 3%.
Enhance by linking.","雷属性ダメージを減少させる。
リンクで強化できる。",,duplicate
641,1745,codepage,63698,56,"Lightning damage is reduced by 5%.
Enhance by linking.","雷属性ダメージを減少させる。
リンクで強化できる。",,duplicate
641,1746,codepage,63754,103,"3% chance of draining foe's health with lightning damage and
adding it to own HP. Enhance by linking.","雷属性ダメージをの確率で吸収する。
リンクで強化できる。",,duplicate
641,1747,codepage,63857,103,"5% chance of draining foe's health with lightning damage and
adding it to own HP. Enhance by linking.","雷属性ダメージをの確率で吸収する。
リンクで強化できる。",,duplicate
641,1748,codepage,63960,75,"Extra 3% of earth damage is inflicted when attacking.
Enhance by linking.","攻撃時、の土属性ダメージが加算される。
リンクで強化できる。",,duplicate
641,1749,codepage,64035,75,"Extra 5% of earth damage is inflicted when attacking.
Enhance by linking.","攻撃時、の土属性ダメージが加算される。
リンクで強化できる。",,duplicate
641,1750,codepage,64110,52,"Earth damage is reduced by 3%.
Enhance by linking.","土属性ダメージを減少させる。
リンクで強化できる。",,duplicate
641,1751,codepage,64162,52,"Earth damage is reduced by 5%.
Enhance by linking.","土属性ダメージを減少させる。
リンクで強化できる。",,duplicate
641,1752,codepage,64214,99,"3% chance of draining foe's health with earth damage and
adding it to own HP. Enhance by linking.","土属性ダメージをの確率で吸収する。
リンクで強化できる。",,duplicate
641,1753,codepage,64313,99,"5% chance of draining foe's health with earth damage and
adding it to own HP. Enhance by linking.","土属性ダメージをの確率で吸収する。
リンクで強化できる。",,duplicate
641,1754,codepage,64412,74,"Extra 3% of holy damage is inflicted when attacking.
Enhance by linking.","攻撃時、の聖属性ダメージが加算される。
リンクで強化できる。",,duplicate
641,1755,codepage,64486,74,"Extra 5% of holy damage is inflicted when attacking.
Enhance by linking.","攻撃時、の聖属性ダメージが加算される。
リンクで強化できる。",,duplicate
641,1756,codepage,64560,51,"Holy damage is reduced by 3%.
Enhance by linking.","聖属性ダメージを減少させる。
リンクで強化できる。",,duplicate
641,1757,codepage,64611,51,"Holy damage is reduced by 5%.
Enhance by linking.","聖属性ダメージを減少させる。
リンクで強化できる。",,duplicate
641,1758,codepage,64662,78,"Extra 3% of darkness damage is inflicted when attacking.
Enhance by linking.","攻撃時、の闇属性ダメージが加算される。
リンクで強化できる。",,duplicate
641,1759,codepage,64740,78,"Extra 5% of darkness damage is inflicted when attacking.
Enhance by linking.","攻撃時、の闇属性ダメージが加算される。
リンクで強化できる。",,duplicate
641,1760,codepage,64818,55,"Darkness damage is reduced by 3%.
Enhance by linking.","闇属性ダメージを減少させる。
リンクで強化できる。",,duplicate
641,1761,codepage,64873,55,"Darkness damage is reduced by 5%.
Enhance by linking.","闇属性ダメージを減少させる。
リンクで強化できる。",,duplicate
641,1762,codepage,64928,88,"Inflicts heavy damage against Beast enemies.
A critical skill effect (Beast Bludgeon).","獣系の敵に対して高いダメージを与える。
クリティカルスキル（ビーストスレイヤー）の効果。",,duplicate
641,1763,codepage,65016,86,"Inflicts heavy damage against Plant enemies.
A critical skill effect (Weed Whacker).","植物系の敵に対して高いダメージを与える。
クリティカルスキル（プラントスレイヤー）の効果。",,duplicate
641,1764,codepage,65102,86,"Inflicts heavy damage against Insect enemies.
A critical skill effect (Bug Swatter).","虫系の敵に対して高いダメージを与える。
クリティカルスキル（インセクトスレイヤー）の効果。",,duplicate
641,1765,codepage,65188,89,"Inflicts heavy damage against Magic enemies.
A critical skill effect (Magician Slayer).","魔術師系の敵に対して高いダメージを与える。
クリティカルスキル（マジックスレイヤー）の効果。",,duplicate
641,1766,codepage,65277,90,"Inflicts heavy damage against Unholy enemies.
A critical skill effect (Unholy Purifier).","不浄な敵に対して高いダメージを与える。
クリティカルスキル（アンホーリースレイヤー）の効果。",,duplicate
641,1767,codepage,65367,90,"Inflicts heavy damage against Scaled enemies.
A critical skill effect (Descaling Might).","鱗に覆われた敵に対して高いダメージを与える。
クリティカルスキル（スケイルスラッシャー）の効果。",,duplicate
641,1768,codepage,65457,92,"Inflicts heavy damage against Incorporeal enemies.
A critical skill effect (Ghost Buster).","実体を持たない敵に対して高いダメージを与える。
クリティカルスキル（ゴーストバスター）の効果。",,duplicate
641,1769,codepage,65549,86,"Inflicts heavy damage against Giant enemies.
A critical skill effect (Giant Killer).","巨大な敵に対して高いダメージを与える。
クリティカルスキル（ジャイアントキラー）の効果。",,duplicate
641,1770,codepage,65635,88,"Inflicts heavy damage against Dragon enemies.
A critical skill effect (Dragon Slayer).","竜系の敵に対して高いダメージを与える。
クリティカルスキル（ドラゴンスレイヤー）の効果。",,duplicate
641,1771,codepage,65723,89,"Inflicts heavy damage against Demon enemies.
A critical skill effect (Demon Destroyer).","悪魔族の敵に対して高いダメージを与える。
クリティカルスキル（デーモンスレイヤー）の効果。",,duplicate
641,1772,codepage,65812,88,"Inflicts heavy damage against Divine enemies.
A critical skill effect (God Destroyer).","神族の敵に対して高いダメージを与える。
クリティカルスキル（ゴッドスレイヤー）の効果。",,duplicate
641,1773,codepage,65900,64,A 10% chance of inflicting Confusion on the foe when attacking.,攻撃時、の確率で攻撃対〓を状態異常（混乱）にする。,,duplicate
641,1774,codepage,65964,73,"Causes attack damage to vary greatly.
Doubly so against Divine enemies.","ダメージが大きくぶれるようになる。
神族系の場合、さらに倍になる。",,duplicate
641,1775,codepage,66037,58,"When equipped, Frailty is inflicted when a battle begins.",装備すると、戦闘開始時に状態異常（衰弱）が発生する。,,duplicate
641,1777,codepage,66096,60,Causes Frailty for all attacks in which damage is received.,"攻撃を受けると、その〓てに状態異常（衰弱）が
発生する。",,duplicate
641,1778,codepage,66156,57,Attack damage equal to character level multiplied by 20.,攻撃ダメージが現レベルの倍の値に〓定される。,,duplicate
641,1781,codepage,66215,59,All element tolerance and ailment resistance is nullified.,全ての属性と状態異常耐性を無にする。,,duplicate
641,1782,codepage,66274,47,Wounds are healed by the blessing of the gods.,神の祝福により傷が癒える。,,duplicate
641,1783,codepage,66321,5,None,なし,,duplicate
641,1784,codepage,66326,5,None,なし,,duplicate
641,1785,codepage,66331,5,None,なし,,duplicate
641,1786,codepage,66336,5,None,なし,,duplicate
641,1787,codepage,66341,5,None,なし,,duplicate
641,1788,codepage,66346,5,None,なし,,duplicate
641,1789,codepage,66351,5,None,なし,,duplicate
641,1790,codepage,66356,5,None,なし,,duplicate
641,1791,codepage,66361,5,None,なし,,duplicate
641,1792,codepage,66366,5,None,なし,,duplicate
641,1793,codepage,66371,5,None,なし,,duplicate
641,1794,codepage,66376,49,Inflicts heavy damage against female characters.,女性に対して高いダメージを与える。,,duplicate
641,1795,codepage,66425,29,The official figures are in!,これが真実の公弐設定らしい。,,duplicate
641,1796,codepage,66454,49,Combo Gauge increase is set to 1.5 times normal.,コンボゲージ増加量が通常の.倍になる。,,duplicate
641,1797,codepage,66503,31,Strike twice with each attack.,攻撃が度ヒットするようになる。,,duplicate
641,1799,codepage,66535,9,Silmeria,シルメリア,,duplicate
641,1800,codepage,66544,7,Brahms,ブラムス,,duplicate
641,1801,codepage,66551,6,Rufus,ルーファス,,duplicate
641,1802,codepage,66557,7,Lezard,レザード,,duplicate
641,1803,codepage,66564,8,Arngrim,アリューゼ,,duplicate
641,1804,codepage,66572,6,Dylan,ディラン,,duplicate
641,1805,codepage,66578,6,Leone,レオーネ,,duplicate
641,1806,codepage,66584,6,Hrist,アーリィ,,duplicate
641,1807,codepage,66590,8,Lenneth,レナス,,duplicate
641,1808,codepage,66598,9,Valkyrie,ヴァルキリー,,duplicate
641,1809,codepage,66607,7,Alicia,アリーシャ,,duplicate
641,1810,codepage,66614,15,Alicia (after),アリーシャ後半,,duplicate
641,1811,codepage,66629,6,Freya,フレイ,,duplicate
641,1812,codepage,66635,4,Ull,ウル,,duplicate
641,1813,codepage,66639,9,Heimdall,ヘイムダル,,duplicate
641,1815,codepage,66649,5,Lwyn,ルイン,,duplicate
641,1816,codepage,66654,8,Jessica,ジェシカ,,duplicate
641,1817,codepage,66662,9,Richelle,リシェル,,duplicate
641,1818,codepage,66671,8,Fraudir,フローディア,,duplicate
641,1819,codepage,66679,6,Celes,セレス,,duplicate
641,1820,codepage,66685,9,Crescent,クレセント,,duplicate
641,1821,codepage,66694,9,Sylphide,シルフィード,,duplicate
641,1822,codepage,66703,7,Tyrith,ティリス,,duplicate
641,1823,codepage,66710,6,Circe,キルケ,,duplicate
641,1824,codepage,66716,9,Rasheeka,ラシーカ,,duplicate
641,1825,codepage,66725,5,Falx,ファルクス,,duplicate
641,1826,codepage,66730,7,Gerald,ジェラルド,,duplicate
641,1827,codepage,66737,6,Guilm,ギルム,,duplicate
641,1828,codepage,66743,7,Roland,ローランド,,duplicate
641,1829,codepage,66750,6,Ehlen,エーレン,,duplicate
641,1830,codepage,66756,7,Adonis,アドニス,,duplicate
641,1831,codepage,66763,6,Aaron,アーロン,,duplicate
641,1832,codepage,66769,4,Dyn,ディーン,,duplicate
641,1833,codepage,66773,6,Kraad,クラッド,,duplicate
641,1834,codepage,66779,6,Zunde,ザンデ,,duplicate
641,1835,codepage,66785,8,Atrasia,アトレイシア,,duplicate
641,1836,codepage,66793,8,Phyress,フィレス,,duplicate
641,1837,codepage,66801,9,Chrystie,クリスティ,,duplicate
641,1838,codepage,66810,8,Sha-kon,紗紺,,duplicate
641,1839,codepage,66818,6,Lylia,リリア,,duplicate
641,1840,codepage,66824,6,Lydia,リディア,,duplicate
641,1841,codepage,66830,9,Sophalla,ソファラ,,duplicate
641,1842,codepage,66839,9,Millidia,ミリティア,,duplicate
641,1843,codepage,66848,7,Arcana,アルカナ,,duplicate
641,1844,codepage,66855,6,Ehrde,エルド,,duplicate
641,1845,codepage,66861,7,Mithra,ミトラ,,duplicate
641,1846,codepage,66868,6,Aegis,イージス,,duplicate
641,1847,codepage,66874,7,Psoron,ソロン,,duplicate
641,1848,codepage,66881,7,Khanon,カノン,,duplicate
641,1849,codepage,66888,7,Farant,ファーラント,,duplicate
641,1850,codepage,66895,7,Xehnon,ゼノン,,duplicate
641,1851,codepage,66902,4,Alm,アルム,,duplicate
641,1852,codepage,66906,8,Seluvia,セルヴィア,,duplicate
641,1853,codepage,66914,7,Masato,魔智,,duplicate
641,1854,codepage,66921,7,Woltar,ウォルター,,duplicate
