scene,scene_line,resource,message_id,script_offset,voice_scene,voice_slot,audio_id,speaker,original_en,original_jp,translated,details,copy_status
1,1,1159,6,3968,,,,Adventurer,"Monsters lurk beyond here. If you don't
want to fight, you'd best avoid contact. <PART>
---
There are several ways to do this, but each
monster type has its own trick. <PART>
---
For instance, time a jump correctly to leap
over monsters that crawl on the ground. <PART>
---
The flying spirit-type monsters close in by
disappearing and reappearing, so look out! <PART>
---
You can't jump over the ones with wings,
so you'll need to sneak underneath them. <PART>
---
Of course, the best thing to do is
stop them in their tracks...",貴方 この先に進む気？ 敵が結構いるわよ戦いたくなければ 〓〓を〓けた方が良いわね <PART> 〓〓の〓け方は色々あるけど〓〓によってはちょっとコツがいるの <PART> 例えば 地面を〓っているヤツはタイミングを合わせて〓び〓えれば大丈夫 <PART> 空を〓んでいる亡霊のようなヤツは 消えたり現れたりしながら近付いて来るから要注意ね <PART> 〓の生えたヤツは〓び〓えられないから上手く下を潜るしかないわ <PART> どうにかして動きを止められるならそれが一番なんだけど…,"Há monstros além daqui. Se não quiser lutar, melhor evitar o contato. <PART>
---
Há várias formas de fazer isso, mas cada tipo de monstro tem seu truque. <PART>
---
Por exemplo, cronometre um salto para passar por cima dos monstros que rastejam no chão. <PART>
---
Os monstros espirituais voadores vêm chegando ao sumir e reaparecer, então fique atento! <PART>
---
Você não pode saltar sobre os que têm asas, então terá que se esgueirar por baixo deles. <PART>
---
Claro, o melhor a fazer é pará-los onde estiverem...",,
1,2,1159,7,4060,,,,Adventurer,"There's nothing wrong with fighting <PART> ---- <PART> it's
just better to save your energy sometimes.",戦うのも良いけど 体力〓存を考えれば〓けた方が得な事もあるわよ,"Lutar não tem nada de errado<PART> ---- <PART>
é que às vezes é melhor poupar suas energias.",,
1,3,1159,8,8320,,,,,ERRORv,ERROR！！（v190）,,,primary
1,4,1159,10,8456,,,,,ERRORv,ERROR！！（v191）,,,duplicate
1,5,1159,13,41820,,,,,ERRORv,ERROR！！（v191）,,,duplicate
1,6,1159,14,49936,,,,Lwyn,"Are you having some rough times? <PART>
---
Life is full of ups and downs.
Keep your chin up.",もしかして結構辛い目にあってたりする？ <PART> まあ ほら 人生山有り〓有りだしさあんまり思い詰めちゃダメよ,"Está passando por momentos difíceis?<PART>
---
A vida é cheia de altos e baixos.
Não desanime.",,duplicate
1,7,1159,15,50044,,,,Jessica,"This village is very restful.
It has helped me find peace within myself. <PART>
---
Never had I thought I would be
granted another life.",この村は平和ですね荒んだ心が洗われていくようです <PART> まさか こうして再び生を得る事になろうとは思いもよりませんでしたが…,"Esta vila é muito sossegada.
Ajudou-me a encontrar paz interior.<PART>
---
Jamais pensei que me seria concedida outra vida.",,duplicate
1,8,1159,16,50152,,,,Richelle,"It is strange to be alive, when my life
has already ended once.",不思議ですね… こうしてまた息をしている私の生は 一度終えたはずですのに,"É estranho estar viva, quando minha vida já terminou uma vez.",,duplicate
1,9,1159,17,50260,,,,Fraudir,"I am honored to have been chosen
by Lady Silmeria, <PART>
---
and to have been granted the chance
to fight beside you.",私は シルメリア様に選定していただけた事を <PART> アリーシャ王女と 共に戦えた事を〓りに思っています,"Sinto-me honrado por ter sido escolhido por Lady Silmeria,<PART>
---
e por ter recebido a chance de lutar ao seu lado.",,duplicate
1,10,1159,18,50368,,,,Celes,"You are the only one who can choose your
own fate. That is what you must do now.",今を生きる貴方の手で 運命を切り開きなさい貴方にしか それはできない,Só você pode escolher seu próprio destino. É o que deve fazer agora.,,duplicate
1,11,1159,19,50476,,,,Crescent,"You again?
Don't you have anything to do? <PART>
---
Did you come in hopes of a gift?
...Let me think about it.",何よ また来たの？アンタも結構暇ね～ <PART> もしかして 何か貫えるかもって期待してる？う～ん… どうしよっかな～,"Você de novo?
Não tem nada pra fazer?<PART>
---
Veio na esperança de ganhar um presentinho?
...Vou pensar a respeito.",,duplicate
1,12,1159,20,50584,,,,Sylphide,"My days are quiet and peaceful. <PART>
---
I never thought that I would have
the chance to live like this. <PART>
---
",今は穏やかな暮らしを送っております <PART> この私が このような安らかな日々を迎えられるとは思いませんでした,"Meus dias são calmos e pacíficos.<PART>
---
Nunca pensei que teria a chance de viver assim.<PART>
---
",,duplicate
1,13,1159,21,50692,,,,Tyrith,"I've been away for so long, I'm having
a rough time getting used to everything.",エライ長い事現世から離れとったせいで今の感じを掴むの 苦労しとるんよ,"Fiquei tanto tempo fora, estou tendo dificuldade para me acostumar com as coisas.",,duplicate
1,14,1159,22,50800,,,,Circe,"You shouldn't sell yourself short.
Others are the ones who determine your worth.",自分を過小〓〓する必要は無いわ人の〓値は他人が決めるものなんだから,"Você não deve se subestimar.
São os outros que determinam o seu valor.",,duplicate
1,15,1159,23,50908,,,,Rasheeka,"This town has changed considerably, but
I can see traces of what it used to be like.",この街もずいぶんと 変わったわけど… 少しだけれど あの頃の面影は残っている,"Esta cidade mudou bastante, mas consigo ver vestígios de como era.",,duplicate
1,16,1159,24,51016,,,,Falx,"Hey, come on, now. You should be
training during your free time! <PART>
---
Since I can't help you out anymore, you
yourself have to grow stronger.",おいおい…暇があるなら 少しでも腕を磨くんだ <PART> もう俺は手助けできないいざという時 助けてやれねえんだからさ,"Ei, vamos lá. Você devia treinar no seu tempo livre!<PART>
---
Já que não posso mais te ajudar, você vai ter que ficar mais forte sozinho.",,duplicate
1,17,1159,25,51124,,,,Gerald,"It seems I am destined to be a fighter. <PART>
---
I put my skills to use by ridding
the area of monsters.",どうやら私には 剣を手放す事はできそうもない <PART> ならば せめて人のためにとこうして魔物退治を 繰り返しているのですよ,"Aparentemente, estou destinado a ser um lutador.<PART>
---
Ponho minhas habilidades em uso livrando a região dos monstros.",,duplicate
1,18,1159,26,51232,,,,Guilm,"I am saddened to have lost my strength
as an einherjar. <PART>
---
Please remember, I will always be
praying for your safety.",このぎルム すでにエインフェリアとしての力はございませんが <PART> 何時いかなる時も王女殿下の無事を願っております,"Me entristece ter perdido minha força como einherjar.<PART>
---
Por favor, lembre-se: sempre rezarei pela sua segurança.",,duplicate
1,19,1159,27,51340,,,,Roland,"When it is all over, please allow me to
become a vassal and serve you.",全てが終わった〓には この私が王女に仕え臣下の未〓に加わる事を お許しください,"Quando tudo acabar, permita-me tornar-me seu vassalo e servi-la.",,duplicate
1,20,1159,28,51448,,,,Ehlen,"With my current strength, I would only
be a burden to you. <PART>
---
However, please remember that I will always
be with you in spirit.",もはや今の私の力ではアリーシャ王女の足手まといにしかならないだろう <PART> だが 〓だけは常に王女と共にあると思っていて欲しい,"Com minha força atual, só seria um peso para você.<PART>
---
Porém, lembre-se de que sempre estarei com você em espírito.",,duplicate
1,21,1159,29,51556,,,,Adonis,"What do you want?
Get your sorry face outta here!",この俺の前に そのウゼェ顔を二度と見せるな！,"O que você quer?
Tira essa cara lamentável daqui!",,duplicate
1,22,1159,30,51664,,,,Aaron,"After being together for so long,
it is an odd feeling to be alone. <PART>
---
How are the others?",あまりに長く魂を共にしていたので一人で居るというのは 何やら不思議な気分だ <PART> あ～ と…共に戦った仲間達は 今どうしている？,"Depois de ficarmos tanto tempo juntos, é estranho estar sozinho.<PART>
---
Como vão os outros?",,duplicate
1,23,1159,31,51772,,,,Dyn,"When it comes to gods and humans,
neither is good nor evil. <PART>
---
There is good and evil among humans,
as there is among the gods.",神と人 どちらが〓でどちらが悪と言うわけではありません <PART> 人に〓悪居るように 神もまたそうであるとただそれだけです,"Quando se trata de deuses e humanos, nem uns nem outros são bons nem maus.<PART>
---
Há o bem e o mal entre os humanos, assim como há entre os deuses.",,duplicate
1,24,1159,32,51880,,,,Kraad,"How would you feel if you gave someone
a special gift and they gave it away? <PART>
---
That's...never happened to me, though.
Obviously, I was speaking hypothetically.",せっかく〓んだ手〓みのセーターを他人にあげられたら どう思うものなんだ？ <PART> いや 仮にの話なんだあくまでも仮にだぞ,"Como se sentiria se desse um presente especial a alguém e essa pessoa o desse a outra pessoa?<PART>
---
Isso... nunca aconteceu comigo, claro.
Obviamente, eu estava falando hipoteticamente.",,duplicate
1,25,1159,33,51988,,,,Zunde,"I'm doing just fine, as you can see!
Feels like this is my home now. <PART>
---
Everyone in the village adores me!
I'm always the topic of conversation!",俺は見た通り パーフェクトに元気だ！すっかりこの村にも〓〓んでるぜ <PART> 老人から子どもまで つまりは老若男女関係なく村人全〓の話題を独占中さ！,"Estou muito bem, como pode ver!
Parece que esta é minha casa agora.<PART>
---
Todo mundo na vila me adora!
Sou sempre o assunto da conversa!",,duplicate
1,26,1159,34,52096,,,,Atrasia,"It was beneficial for the gods to be
the protectors of humans. <PART>
---
This is why gods and humans
were able to coexist. <PART>
---
Not many people are aware of this.",私達人間を守る事に利があった存在… それが神々 <PART> 神と人間は これまで ある意味で共存をしていたのよ <PART> 人の側に その自覚は無かったとしてもね,"Era vantajoso para os deuses serem os protetores dos humanos.<PART>
---
Por isso deuses e humanos conseguiam coexistir.<PART>
---
Muita gente não sabe disso.",,duplicate
1,27,1159,35,52204,,,,Phyress,"What are your future plans? What do you want
to do? Only you can decide this, you know.",貴方はこれからどうするの？ どうしたいの？決めるのは他の誰でもない 貴方なのよ,"Quais são seus planos para o futuro? O que você quer fazer? Só você pode decidir, sabia?",,duplicate
1,28,1159,36,52312,,,,Chrystie,"A lot of bad people are letting monsters
roam free. What should I do? <PART>
---
I know! I'll help out by shooting every
bad person I see! <PART>
---
What? Why not?",魔物を解放してる人がいるっぱいんだけどたぶん悪いヤツよね… <PART> うん！ 決まり！！ 〓解の余地無し発見次第 〓殺決定！ <PART> え～っ？ 何でダメなのよお,"Muita gente ruim está deixando monstros à solta. O que devo fazer?<PART>
---
Já sei! Vou ajudar matando todo mau que eu ver!<PART>
---
Hã? Por que não?",,duplicate
1,29,1159,37,52420,,,,Sha-kon,"I can't believe so much has changed.
I'll have to work twice as hard to keep up!",死んでた間に こんなに変化してるなんてねちょっと本気出して頑張っちゃうわよ,"Não acredito que tanta coisa mudou.
Vou ter que me esforçar o dobro para acompanhar!",,duplicate
1,30,1159,38,52528,,,,Lylia,"My wish is to live a full life and
rest for eternity in this town. <PART>
---
I do not have the courage to start
over in a new land.",私はこの街で生活し この街で死にたいと思っています <PART> 誰も知らない 思い出すらない土地で生きていけるほど 私は強くありませんから,"Meu desejo é viver uma vida plena e descansar por toda a eternidade nesta cidade.<PART>
---
Não tenho coragem de recomeçar em uma terra nova.",,duplicate
1,31,1159,39,52636,,,,Lydia,"What has the world come to, leaving
intact a country such as this? <PART>
---
This is a mere gathering place for superficial
fools lacking refinement.",この国が滅びずに まだ残ってただなんて世も未ね <PART> ここは立場だけを気にする 品の無い〓〓野郎達の集まりでしかないのにさ,"A que ponto chegou o mundo, mantendo intacto um país como este?<PART>
---
Este não passa de um ponto de encontro para tolos superficiais sem refinamento.",,duplicate
1,32,1159,40,52744,,,,Sophalla,"I've never lived a normal life before.
My past life was full of extremes.",普通の生活というのは 初めてかも極端な人生しか歩んでこなかったから,"Jamais vivi uma vida normal antes.
Minha vida passada foi cheia de extremos.",,duplicate
1,33,1159,41,52852,,,,Millidia,"I will not trust anyone in this life.
I am fed up with being used and deceived. <PART>
---
I want to be able to look my dear sister
in the face, if I ever get to see her again.",今度の生では もう誰も信じませんもう騙されて 利用されるのはごめんですから <PART> もし もう一度姉さんに会えるとしたらその時には きちんと顔を上げて話せるように…,"Não confio em ninguém nesta vida.
Estou farta de ser usada e enganada.<PART>
---
Quero ser capaz de encarar minha querida irmã, se algum dia voltar a vê-la.",,duplicate
1,34,1159,42,52960,,,,Arcana,"This town won't be here much longer,
and neither will our history...",この街も もうすぐ無くなってしまうわね私達の歴史も 砂にまみれて消えていく…か…,"Esta cidade não vai estar aqui por muito mais tempo, e nossa história também não...",,duplicate
1,35,1159,43,53068,,,,Ehrde,"I have nothing to say to you.
I will never allow you to use me again. <PART>
---
If you know what's good for you,
you'll get out of here. Now!",こっちは 貴様には用は無いまた いいように使おうってのか？ <PART> あまり人をナメるな消えろっ！,"Não tenho nada a dizer a você.
Nunca mais permitirei que me use.<PART>
---
Se sabe o que é bom para você, saia daqui. Agora!",,duplicate
1,36,1159,44,53176,,,,Mithra,"I found myself here when I came to.
My materialized body is fine and well, thank you.",気がつけば ここへ戻ってきておりましたマテリアライズして頂いた身体は順調ですよ,"Acordei e me vi aqui.
Meu corpo materializado está bem, obrigado.",,duplicate
1,37,1159,45,53284,,,,Aegis,"I should make the most of my life.
I think I'll learn how to swim.",せっかく再び命を得たんだ今度は〓ぎの練習をしようかと思ってるんだ,"Devo aproveitar ao máximo minha vida.
Acho que vou aprender a nadar.",,duplicate
1,38,1159,46,53392,,,,Psoron,"The art of magic cannot advance with
the involvement of ethics! <PART>
---
Even the art of healing betrays providence.",〓理なんぞを気にしていて魔術の進歩があるものかっ！ <PART> 〓しの術の存在 それそのものが摂理に背いたものだろうに,"A arte da magia não pode avançar com a interferência da ética!<PART>
---
Até a arte de curar trai a providência.",,duplicate
1,39,1159,47,53500,,,,Khanon,"You lack the strength to take on the gods, but
you make it easier for us to act. <PART>
---
Take your cute little sword and
go face the gods.",貴様の剣ごときでは 天界は揺らぐまいだが天に騒乱あれば 我も動きやすいというもの <PART> せいぜい神々のノド元に そのか弱い〓を突き立てる事だ,"Não tem força para enfrentar os deuses, mas facilita nossa atuação.<PART>
---
Toma sua espada bonitinha e vai encarar os deuses.",,duplicate
1,40,1159,48,53608,,,,Farant,"A dream. Reality. A vision. Solidity.
A dream is a dream; a vision is a vision. <PART>
---
At times, a dream becomes real; a vision solidifies.
Hence, this new life is also a fraction of a dream.",夢か現か〓か実か所詮夢は夢であり 〓はまた〓 <PART> だが夢は時に実となり 〓はまた現となる…つまり この新たな生も夢の欠〓って事さ,"Um sonho. Realidade. Uma visão. Solidez.
Um sonho é um sonho: uma visão é uma visão.<PART>
---
Às vezes o sonho se torna real e a visão se solidifica.
Logo, esta vida nova é fração de um sonho.",,duplicate
1,41,1159,49,53716,,,,Xehnon,"Although I was reborn, my sins
are still with me. <PART>
---
As long as I am alive, I will atone
for them.",例え生まれ変わったとしても俺の罪が消えて無くなりはしない <PART> この命が存在する限り 〓の罪を償い続けよう,"Embora eu tenha renascido, meus pecados ainda estão comigo.<PART>
---
Enquanto eu estiver vivo, vou expiá-los.",,duplicate
1,42,1159,50,53824,,,,Alm,"Paltierre was destroyed, while Dipan still stands.
I guess Paltierre needed me after all. <PART>
---
The old lady of Dipan is a crafty one,
isn't she?",我がパルティアが滅び ディパンが残るか…この俺がなくては さもありなん <PART> ディパンの〓〓めは 代々〓息な手管に長けているからな,"Paltierre foi destruída, Dipan resiste.<PART>
---
A velha senhora de Dipan é bem astuta, não é?",,duplicate
1,43,1159,51,53932,,,,Seluvia,"Monsters still exist as they did in the past. <PART>
---
I thought I had sealed many of
the more dangerous monsters...",今も昔も魔物の数は変わりませんね <PART> 大〓の魔物の大半は 封印したと思っていたんですが…,"Monsters ainda existem como no passado.<PART>
---
Pensei ter selado muitos dos monstros mais perigosos...",,duplicate
1,44,1159,52,54040,,,,Masato,"I was driven out of my country. I have no home.
There is no one to see, no place to go. <PART>
---
I just wander the lands looking for a place
to lead a quiet life.",国を追われた俺に 帰るところなどありはしない〓かしい人も 場所も無い <PART> 最後の時まで静かに暮らせる場所を求めて〓〓うだけさ,"Fui expulso do meu país. Não tenho casa.
Não há ninguém para ver, nem lugar para ir.<PART>
---
Ando pelas terras procurando um lugar para viver em paz.",,duplicate
1,45,1159,53,54148,,,,Woltar,"I am but a mere investigator. I have come to
realize I lack the strength of a fighter.",俺は所詮 一介の探求者〓度の戦いでは 〓の力不足を痛感したさ,Sou apenas um investigador comum. Percebi que me falta a força de um lutador.,,duplicate
1,46,1159,54,54260,,,,Lwyn,"Life is full of ups and downs.
Keep your chin up.",人生山有り〓有りだしさあんまり思い詰めちゃダメよ,"A vida é cheia de altos e baixos.
Não desanime.",,duplicate
1,47,1159,55,54368,,,,Jessica,"I have been granted another chance.
I must live life proudly.",せっかく頂いた命ですもの無駄にしないよう 懸命に生きてゆきますわ,"Me foi concedida outra chance.
Devo viver a vida com orgulho.",,duplicate
1,48,1159,56,54476,,,,Richelle,"It pains me to say this, but I lack
the strength to serve you now.",申し訳ありませんが 今の私の力ではお役には立てないでしょう,"Dói dizer isto, mas não tenho força para te servir agora.",,duplicate
1,49,1159,57,54584,,,,Fraudir,"I am honored to have been granted
the chance to fight beside you.",私は あなた方と共に戦えた事を〓りに思っています,Sinto-me honrado por ter recebido a chance de lutar ao seu lado.,,duplicate
1,50,1159,58,54692,,,,Celes,"There are things only you can do.
You must have the courage to face them.",貴方にしか できない事がある…ならば覚悟を決めなさい,"Há coisas que só você pode fazer.
Deve ter a coragem de encará-las.",,duplicate
1,51,1159,59,54800,,,,Crescent,"You should take whatever you're offered.
It's rude not to!",貫える物は 素直に受け取ればいいのよお供え物みたいなモンなんだから！,"Aceita o que te oferecerem.
É falta de educação recusar!",,duplicate
1,52,1159,60,54908,,,,Sylphide,"If I could have one wish, it would be to spend
these peaceful days with that special someone...",願わくば この安らかな日々をあの方と共にあれたなら…,"Se eu pudesse fazer um pedido, seria passar estes dias pacíficos com aquela pessoa especial...",,duplicate
1,53,1159,61,55016,,,,Tyrith,"I can't keep up with the ideas of the people
of this time. I feel ancient!",未来モンの考えるコトは難しすぎて オバちゃんには分かれへんねん,Não consigo acompanhar as ideias das pessoas desta época. Me sinto uma anciã!,,duplicate
1,54,1159,62,55124,,,,Circe,"Ultimately, it's up to you whether or not
to take the opinion of others seriously.",もっとも… そんな他人からの〓〓に意味を感じるかは 自分で決める事だけどさ,"Em última análise, depende de você levar a sério ou não a opinião dos outros.",,duplicate
1,55,1159,63,55232,,,,Rasheeka,"Many water holes have disappeared
but the town still has traces of its past. <PART>
---
That's enough for me.",〓つもの水場が無くなって だいぶ寂れてるけどまだ面影は残っているわ <PART> 私にはそれで十分,"Muitas fontes de água secaram, mas a cidade ainda guarda traços do passado.<PART>
---
Para mim, isso basta.",,duplicate
1,56,1159,64,55340,,,,Falx,"If you have time, you should train.
Every little bit helps.",暇があるなら 少しでも腕を磨くんだ流した〓は いざという時の心の支えになる,"Se tiver tempo, treine. Cada pouquinho ajuda.",,duplicate
1,57,1159,65,55448,,,,Gerald,"I lack the strength to fight beside you,
but I will continue to fight for mankind.",共に戦うには力及ばずともせめて人の世のために戦い続けましょう,"Não tenho força para lutar ao seu lado, mas vou continuar lutando pela humanidade.",,duplicate
1,58,1159,66,55556,,,,Guilm,"There are few who have fought beside
the three queens of a nation.",しかし… 一国の王女〓人に仕え共に戦ったという者も そうは居りますまいな,São poucos os que lutaram ao lado das três rainhas de uma nação.,,duplicate
1,59,1159,67,55664,,,,Roland,"Chaos in the heavens, and
turmoil in the mortal lands... <PART>
---
The disturbance has to stop in order
for Midgard to acquire peace.",天の騒乱と 地の動乱 <PART> この2つを〓めねば ミッドガルドの地に平和は訪れませぬ,"Caos nos céus e turmoil nas terras mortais...<PART>
---
O distúrbio precisa parar para Midgar conseguir a paz.",,duplicate
1,60,1159,68,55772,,,,Ehlen,I will always be with you in spirit.,我が〓は 常に共にあると思っていて欲しい,Sempre estarei com você em espírito.,,duplicate
1,61,1159,69,55880,,,,Adonis,"You're still here? <PART>
---
I told you to get outta here!
Fool!",口で言って分かんねぇのか？ <PART> 俺の視界から消えろって言ってんだよこの〓野郎が！,"Ainda está aqui?<PART>
---
Disse pra sair daqui!
Tolo!",,duplicate
1,62,1159,70,55988,,,,Aaron,"Um... Er...
...Never mind. It is of no importance.",あ… と…いや 大した事じゃないんだ 忘れてくれ,"Quer dizer... ah...
...Deixa pra lá. Não é nada importante.",,duplicate
1,63,1159,71,56096,,,,Dyn,"There is good and evil among humans,
as there is among the gods.",人に〓悪居るように 神もまたそうであるとただそれだけです,"Há o bem e o mal entre os humanos, assim como há entre os deuses.",,duplicate
1,64,1159,72,56204,,,,Kraad,"How's the sword I gave you?
Are you making use of it? <PART>
---
I'm not asking you to return it...
but my wife...um...",俺があげた剣は役に立つか？いや 役に立つならいいんだ <PART> 返せってワケじゃないただ 〓さんが… その… な,"Como está a espada que te dei?
Está fazendo uso dela?<PART>
---
Não estou pedindo que devolva...
Mas minha esposa... quer dizer...",,duplicate
1,65,1159,73,56312,,,,Zunde,"I was gonna live a quiet life, but...
I guess being popular has its payoff.",今度は静かに暮らすつもりだったんだがなまぁ 人気者はツライって事だ,Vou te ajudar com prazer assim que terminar as coisas aqui.,,duplicate
1,66,1159,74,56420,,,,Atrasia,"That is why the gods protect Midgard
and humans. <PART>
---
I suppose they will continue to do so
until it has no more benefits.",確かに 神々は我々を ミッドガルドを守ってくれているわ <PART> そうする事で 神々に利があるのならば…だけれどね,"Por isso os deuses protegem Midgard e os humanos.<PART>
---
Acho que continuarão a fazê-lo até que não haja mais benefícios.",,duplicate
1,67,1159,75,56528,,,,Phyress,"I can't use my connections because
no one will believe who I am. <PART>
---
Even if I try to do something on my own,
it'll take years before I'm in a powerful position. <PART>
---
You're the only one who can do it.",まずアタシの名前を使おうにも信じる人が居ないんで無理 <PART> 名前隠して動くにしたって 状況を打開できる立場になるのに何年もかかるわよ <PART> 貴方がやるしかないの,"Não posso usar meus contatos porque ninguém vai acreditar em quem eu sou.<PART>
---
Mesmo se eu tentar agir por conta própria, vai levar anos até eu ter uma posição de poder.<PART>
---
Só você pode fazer isso.",,duplicate
1,68,1159,76,56636,,,,Chrystie,"Bad people need to be killed
to make the world a better place! <PART>
---
You're too good-natured. That could
get you in a lot of trouble!",悪いヤツなんか さっさと殺した方が世のためなのよ <PART> 甘い顔をしてると いつか周りが酷い目に〓うんだからさ,"Pessoas más precisam ser mortas para tornar o mundo um lugar melhor!<PART>
---
Você é boa demais. Isso pode te meter em muita encrenca!",,duplicate
1,69,1159,77,56744,,,,Sha-kon,"I've created a few, but I haven't tried
them out yet. Will you be my guinea pig? <PART>
---
It won't kill you. I promise!
...At least I don't think it will...",〓つか作りはしたけど 実証回数がまだまだでね～モニターよろしくね <PART> 死にゃ～しないわよたぶん…,"Criei algumas coisas, mas ainda não testei.
Quer ser minha cobaia?<PART>
---
Não vai te matar. Prometo!
...Pelo menos acho que não...",,duplicate
1,70,1159,78,56852,,,,Lylia,"I lack the courage to start over
in a new land.",誰も知らない 思い出すらない土地で生きていけるほど 私は強くないんです,Não tenho coragem de recomeçar em uma terra nova.,,duplicate
1,71,1159,79,56960,,,,Lydia,"I shall feel nothing but happiness
if this country is destroyed!",マシメに一回滅びた方がいいのにこんな国！,Só sentirei felicidade se este país for destruído!,,duplicate
1,72,1159,80,57068,,,,Sophalla,"Life is fun when it's normal or full of
extremes, but not when it's in between.",人生って 普通か〓極端だと楽しいのかもね中途半端だとダメな気がするんだけど,"A vida é divertida quando é normal ou cheia de extremos, mas não quando está no meio-termo.",,duplicate
1,73,1159,81,57176,,,,Millidia,"People will only let you down.
It is best not to trust anyone.",人を信じて騙されるくらいなら誰も信じない方が幸せですよ,"As pessoas só vão te decepcionar.
É melhor não confiar em ninguém.",,duplicate
1,74,1159,82,57284,,,,Arcana,"If destruction comes from nature,
then let it be. <PART>
---
It's important to coexist with nature,
not surrender to it.",滅びが自然の定めならば受けいれましょう <PART> 自然とは共存していくもの〓服させるものでは無いのだから,"Algumas pessoas trabalham duro o tempo todo e mesmo assim não recebem o que merecem.<PART>
---
Um amigo de infância meu era assim.",,duplicate
1,75,1159,83,57392,,,,Ehrde,"I told you to go away!
Do you want to taste my sword!?",これ以上周りをチ〓ロチ〓ロするななんなら こいつをぶち込んでやろうか？,"Eu disse pra você sumir!
Quer provar da minha espada!?",,duplicate
1,76,1159,84,57500,,,,Mithra,"I spent a lot of time in this land. <PART>
---
Perhaps my soul became connected to
something here.",この私に連なるものが長い間 この地にありましたから <PART> この場所と 我が魂との間に何らかの縁が生まれたのかも知れませんな,"Passei muito tempo nesta terra.<PART>
---
Talvez minha alma tenha se conectado a algo aqui.",,duplicate
1,77,1159,85,57608,,,,Aegis,"I wonder if the water gods will
still hold me to our agreement... <PART>
---
I wonder if I can swim.
What if I just drown again?",さて 問題は 生前の水霊との〓約がまだ生きているかだな <PART> 一回死んだ この身がまだ〓げないでいるのかどうか…,"Será que os deuses aquáticos ainda vão cobrar o acordo que fizemos?<PART>
---
Será que eu consigo nadar.
E se eu me afogar de novo?",,duplicate
1,78,1159,86,57716,,,,Psoron,"I suppose I will have to be the one
to do it. Others are useless!",結局 俺がやるしかないのかダメだダメだ まったく…,Acho que vou ter que ser eu a fazer isso. Os outros são inúteis!,,duplicate
1,79,1159,87,57824,,,,Khanon,"Go. Fight. Struggle. Maybe then we'll
find an opportunity to take action.",せいぜい抗うが良い もがくが良いそこに我が動く道ができるやも知れぬ,Vai. Luta. Agoniza. Talvez assim achemos uma oportunidade para agir.,,duplicate
1,80,1159,88,57932,,,,Farant,"What is that look for? Don't fret.
Even I do not understand everything myself.",なんだ その顔？安心しろ 言ってる俺にもイマイチ分かんねぇ,"Que cara é essa? Não se preocupe.
Até eu não entendo tudo sozinho.",,duplicate
1,81,1159,89,58040,,,,Xehnon,"Being reborn a hundred times
still will not erase my sins.",たとえ百度生まれ変わっても俺の罪は消えはしまいよ,Renascido cem vezes não apaga meus pecados.,,duplicate
1,82,1159,90,58148,,,,Alm,"After my death, Dipan began playing the part
of the continent's ""leader."" What a joke.",俺の死以来は ディパンが大陸の〓主気取りか海の向こうの野〓人風情が 笑わせる話だな,"Após minha morte, Dipan começou a fazer o papel de ""líder"" do continente. Que piada.",,duplicate
1,83,1159,91,58256,,,,Seluvia,"Please leave the small matters to me. <PART>
---
You are to face something bigger
that lies in wait for you.",小さな事は私に任せてください <PART> 貴方達が立ち向かうのはもっと大きな存在であるはずです,"Deixe as questões menores comigo.<PART>
---
Você vai encarar algo maior
que espera por você.",,duplicate
1,84,1159,92,58364,,,,Masato,"I would not even regret it if this
land were my last resting place.",このまま ここで野〓れ死んでもそれはそれで悪くないさ,Não me arrependeria nem que esta terra fosse meu último lugar de descanso.,,duplicate
1,85,1159,93,58472,,,,Woltar,"I am neither a hero, nor a villain.
That is what I have learned from my journey.",俺は〓雄の器でも 黒〓の器でもなかったそれを思い知らされた旅だったな,"Não sou herói, nem vilão.
Isso foi o que aprendi na minha jornada.",,duplicate
1,86,1159,94,58584,,,,Lwyn,"Valhalla doesn't seem like a nice
place to be. <PART>
---
I wonder who the first person was to
say such a thing?",なんかヴァルハラってトコもあんまりいいとこじゃなさそうね <PART> 天界がいいところだなんて誰が最初に言い出したのかな？,"Valhalla não parece ser um lugar muito bom de se ficar.<PART>
---
Quem será que foi o primeiro a dizer uma coisa dessas?",,duplicate
1,87,1159,95,58692,,,,Jessica,"Everyone who knew of me
has already passed on. <PART>
---
I know that in my head it is a logical
thing, and yet...",私の事を知っている人は もう誰も居ない全ては過去… <PART> 何を当たり前の事を 言っているんでしょうね私は…,"Todos que me conheciam já se foram.<PART>
---
Sei que faz sentido na minha cabeça, e mesmo assim...",,duplicate
1,88,1159,96,58800,,,,Richelle,"The country I have fought for is gone.
However, my actions were not in vain. <PART>
---
I was able to protect many by
wielding my sword.",私の守っていた国は滅びましたですが それを無駄な事とは思いません <PART> あの時 私の剣の後ろには 確かに日々の〓みを続けている人々が居たのですから,"O país pelo qual lutei já não existe mais. Ainda assim, meus atos não foram em vão.<PART>
---
Consegui proteger muita gente empunhando minha espada.",,duplicate
1,89,1159,97,58908,,,,Fraudir,"I don't regret the way I died
in my previous life. <PART>
---
But there's one person I'll never forget... <PART>
---
He was a fool, but in the end,
I guess I was the bigger fool. <PART>
---
But I'm glad things worked out
the way they did.",私は別に 前の死を後〓した事はありません <PART> ただちょっと 気になる〓〓が一人いましたけど… <PART> 私も〓〓だけど アイツはそれに輪をかけた大〓〓だって事を すっかり忘れてました <PART> でも… <PART> 少しだけ 嬉しかった,"Não me arrependo da forma como morri em minha vida anterior.<PART>
---
Mas há uma pessoa que nunca vou esquecer...<PART>
---
Era um tolo, mas no fim das contas, acho que eu era o maior tolo de todos.<PART>
---
Mas fico feliz que as coisas tenham terminado como terminaram.",,duplicate
1,90,1159,98,59016,,,,Celes,"Although I am alive now, I am a person
of the past. <PART>
---
I have no wisdom to teach the people
of this time. <PART>
---
You are the queen, after all.",こうして生きてはいるけど 所詮私は過去の人間 <PART> 私のような亡霊が 今を生きる者達に言える事など何も無いわ <PART> 今のディパンの王女は 貴方なのだから,"Embora eu esteja viva agora, sou uma pessoa do passado.<PART>
---
Não tenho sabedoria para ensinar ao povo desta época.<PART>
---
Você é a rainha, afinal de contas.",,duplicate
1,91,1159,99,59124,,,,Crescent,"What are you doing here?
Don't you have things to do? <PART>
---
You do, right?
Then go do them already!",あのさぁ アンタ暇なワケ？こんなトコで〓売ってていいの？ <PART> やる事いっぱいあんでしょ？バッカじゃないの,"O que faz aqui? Não tem nada pra fazer?<PART>
---
Tem, não é?
Então vá fazer!",,duplicate
1,92,1159,100,59232,,,,Sylphide,"I've heard the rumors about Dipan. <PART>
---
I wonder what Lord Odin had
desired for Midgard...",ディパンの噂は聞いています <PART> 大神オーディンは ミッドガルドの地に何を求めていたのでしょう…,"Soube dos rumores sobre Dipan.<PART>
---
O que será que o Senhor Odin desejava para Midgard...",,duplicate
1,93,1159,101,59340,,,,Tyrith,"I can't get excited about trying to
become famous or make money. <PART>
---
I did that in my previous life.
It just leaves you feeling empty.",なんか 名を上げたり 金を〓めたりみたいなガツガツした事 する気せんのよ <PART> 一回死んで こんなモンかって思っちゃったしねぇ…,"Não consigo me empolgar com ficar famosa ou ganhar dinheiro.<PART>
---
Já fiz isso na minha vida passada.
Só deixa a gente se sentindo vazia.",,duplicate
1,94,1159,102,59448,,,,Circe,"The times have changed, but
I have not. <PART>
---
There's still only one person
who can complete me.",時代は変わっても 私そのものは何も変わってやしない <PART> 結局 自分の〓間を埋められる相手は昔と変わらないんだよね,"Os tempos mudaram, mas eu não.<PART>
---
Ainda há apenas uma pessoa que pode me completar.",,duplicate
1,95,1159,103,59556,,,,Rasheeka,"I went to pay my respects to the most
important person from my past. <PART>
---
The desert is the place I've designated
to be our grave.",私の一番大事な人のお墓参りに行って来たのもちろん場所なんて もう分かんないんだけどさ <PART> だからもう 砂漠全部が私達のお墓そういう事にしたわ,"Fui prestar minhas respeitas à pessoa mais importante do meu passado.<PART>
---
O deserto é o lugar que escolhi para ser nosso túmulo.",,duplicate
1,96,1159,104,59664,,,,Falx,"I did some research, and I found out that
I'm not ready to face the Lord of the Undead. <PART>
---
I could probably take him on if he
were a mere baron or viscount...",あれから色々調べてな今の俺では まだ不死者王には〓が立たん <PART> 不死者男〓から不死者子〓がいいところか…,"Investiguei um pouco e descobri que ainda não estou pronto para enfrentar o Senhor dos Mortos-Vivos.<PART>
---
Eu até poderia enfrentá-lo se ele fosse apenas um barão ou visconde...",,duplicate
1,97,1159,105,59772,,,,Gerald,"I became a warrior to clear my mother's
shamed name. <PART>
---
She was said to have released
the seal binding an evil dragon. <PART>
---
I found out later that the dragon had
actually been released by Lord Odin. <PART>
---
It was all a plan devised by the gods
to destroy the town of Nethov.",私が剣の道を目指したのは邪悪な竜の封印を解いたとされている <PART> 母の汚名をそそぐためでしたですがそれは間違いだったのです <PART> 後にわかったのですが母が解いたとされた封印は <PART> 大神オーディンの手の者によって解かれたものでした <PART> 全てはネルソフの町を滅ぼすための神々の策〓だったのですよ,"Virei guerreiro para limpar o nome manchado da minha mãe.<PART>
---
Dizia-se que ela havia rompido o selo que prendia um dragão maligno.<PART>
---
Mais tarde descobri que o selo tinha sido rompido na verdade pelo Senhor Odin.<PART>
---
Tudo não passava de um plano dos deuses para destruir a cidade de Nethov.",,duplicate
1,98,1159,106,59880,,,,Guilm,"I have chosen the path to protect the castle,
the town, the people, and my own soul. <PART>
---
I decided this long ago, but I have
finally begun to take action.",我が進むべき道は護るもの城を護り 街を護り 人を護り 心を護る <PART> そう生前より決めてましてなまぁ…最後の最後にようやく悟ったわけですが,"Escolhi o caminho de proteger o castelo, a cidade, as pessoas e minha própria alma.<PART>
---
Decidi isso há muito tempo, mas só agora comecei a agir.",,duplicate
1,99,1159,107,59988,,,,Roland,"I have heard the story of Dipan. <PART>
---
As long as you are alive, Princess Alicia,
the Dipan royal family will stay in power. <PART>
---
That is what the late King Barbarossa would
have wanted.",ディパンの話は聞きました <PART> ですが アリーシャ王女が生きている限りディパン王家の〓火は消えません <PART> 亡きバルバロッサ王も それを望んでいるはず,"Ouvi a história de Dipan.<PART>
---
Enquanto você estiver viva, Princesa Alicia, a família real de Dipan se manterá no poder.<PART>
---
É o que o falecido Rei Barbarossa teria desejado.",,duplicate
1,100,1159,108,60096,,,,Ehlen,"Becoming one of many for a comfortable life, or
becoming an individual to escape confinement... <PART>
---
The one with the power to choose
is yourself. <PART>
---
Though the gods of Valhalla must feel resentful
of the human race's independence.",楽を求め 主なる流れの一〓となるか縛られるのを嫌い 〓の存在を〓くか <PART> それを選択する責任と権利は〓自身にあるものだ <PART> 多勢の長に納まっている ヴァルハラの神々は人という〓の自立を 快くは思わないだろうがな,"Tornar-se um entre muitos para uma vida confortável, ou tornar-se um indivíduo para escapar do confinamento...<PART>
---
Quem tem o poder de escolher é você mesma.<PART>
---
Embora os deuses de Valhalla devam ressentir a independência da raça humana.",,duplicate
1,101,1159,109,60204,,,,Adonis,"Why do you fight?
It's revenge, isn't it? <PART>
---
That's a good motivation to kill!
Don't give in to begging or pleading. <PART>
---
There's no reason to hesitate to kill someone.
Especially when it's their fault to begin with!",くくく… お前は何を求めてる？復〓か？ <PART> そうだ 追い殺せ！〓びにも命〓いにも〓をかすな <PART> 何をためらう必要がある？向こうが先にやってきたんだろう…,"Por que você luta?
É vingança, não é?<PART>
---
É uma boa motivação para matar!
Não ceda à súplica ou ao choro.<PART>
---
Não hesite em matar.
A culpa foi deles.",,duplicate
1,102,1159,110,60312,,,,Aaron,"There are some who are trying to
suppress the chaos in Midgard. <PART>
---
However, they are all too weak
to face what is out there. <PART>
---
Do you think it is possible for you
to stand up for the peace of Midgard?",ミッドガルドの混乱を収めようと何人かが立とうとしているようだが… <PART> 全〓小者だアイツ等には この世界は広すぎる <PART> なぁ…アンタは 立ち上がってはくれないのか？,"Há alguns tentando suprimir o caos em Midgard.<PART>
---
Porém, são fracos demais para enfrentar o que há por aí.<PART>
---
Você acha possível se levantar pela paz de Midgard?",,duplicate
1,103,1159,111,60420,,,,Dyn,"Midgard is nothing more than a place of
harvest for Nifleheim and Valhalla. <PART>
---
As human souls transmigrate, the gods select
the best and the underworld takes the rest. <PART>
---
All I wish to do is save Midgard from this fate.
I do not wish to side with either force.",このミッドガルドの地は ニブルヘイムとヴァルハラにとっての収〓場のようなもの <PART> 人々の魂は輪廻を繰り返す神々は優れた魂を召致し 冥界は〓落させる <PART> 私はこれらの干〓からミッドガルドを守りたいだけどちらの側に〓入れする気もありません,"Midgard não passa de um lugar de colheita para Nifleheim e Valhalla.<PART>
---
Os deuses colhem as melhores almas. O submundo fica com o resto.<PART>
---
Só quero salvar Midgard deste destino. Não pretendo ficar do lado de nenhuma das forças.",,duplicate
1,104,1159,112,60528,,,,Kraad,"We have to show them how much
strength humans have. <PART>
---
We have to show them that we
are just as important as they are.",そうさな…一〓 人の力を見せつけてやる必要はあるかもな <PART> 俺達人間にも 同じだけの〓値があるって事を 思い知らせてやらないとよ…,"Temos que mostrar a eles a força que os humanos têm.<PART>
---
Temos que mostrar que somos tão importantes quanto eles.",,duplicate
1,105,1159,113,60636,,,,Zunde,"You need my help again?
You know you can count on me! <PART>
---
I just need to finish a few tasks.
Slaying kobolds in the nearby forest, <PART>
---
goblins in the cavern by the village,
lizardmen by the river, and... <PART>
---
It shouldn't take...too long...",また俺の力が必要か？いいぜ 任せろ！ <PART> 山向こうの森のコ求ルト退治と村はずれの〓〓のゴブリン退治と <PART> 〓そばのリザードマン退治と…… …… …… …… …… …… …… <PART> …退治の後に行ってやるぜ,"Está precisando de mim de novo?
Pode contar comigo!<PART>
---
Só preciso terminar umas tarefas.
Caçar kobolds na floresta próxima,<PART>
---
goblins na caverna perto da vila, lagartos-homem no rio, e...<PART>
---
Não vai demorar... muito...",,duplicate
1,106,1159,114,60744,,,,Atrasia,"I have heard about the situation in Dipan.
It must be some kind of warning. <PART>
---
The gods are demonstrating their power to
intimidate the ones who disobey them. <PART>
---
Their ways are much worse than
those of Nifleheim.",ディパンの件は聞いたわ見せしめのつもりなんでしょうね <PART> ああやって力を見せつける事で神々に逆らう者 疑う者を封じるための… <PART> あいつらのやり方はニブルヘイムなんかの数〓タチが悪いわ,"Minha tribo foi protegida pelos deuses em troca de virar einherjar após a morte.<PART>
---
Porém, tentei trocar meu filho que ainda não havia nascido para entrar em Nifleheim.<PART>
---
Os deuses se iraram e destruíram minha tribo.
A culpa é só minha...",,duplicate
1,107,1159,115,60852,,,,Phyress,"That Odin guy sure is tenacious about
making a mess of Midgard. <PART>
---
I guess I was the same way when I set out
to arrange the signing of the peace treaty. <PART>
---
...But it only lasted for twenty years,
thanks to the gods... <PART>
---
I was so furious! He's just an evil being
wearing stupid pajama-like overalls!",オデンのオッサンは ど～してもミッドガルドをグダグダにしときたいみたいね <PART> ま～ アタシん時も 一生かかってようやく世界中で和平〓約〓結させたーっ！ <PART> …ってなっても アイツ等んせいで2〓年もたなかったからね <PART> 木ントやってくれるわ…あの腹黒ツナぎパシャマ,"Esse tal Odin é bem teimoso em querer bagunçar Midgard.<PART>
---
Acho que eu era igual quando parti para organizar a assinatura do tratado de paz.<PART>
---
...Mas durou só vinte anos, graças aos deuses...<PART>
---
Eu fiquei furiosa! Ele é só um ser maligno vestido com um pijama ridículo!",,duplicate
1,108,1159,116,60960,,,,Chrystie,"Long ago, Sir Seluvia and I went around
the world sealing monsters. <PART>
---
I'm traveling around looking for the seals,
but they all seem to be broken. <PART>
---
Sir Seluvia's seals couldn't have worn off yet.
Someone must be up to no good.",昔 アタシとセルヴィア様って人と あと一人で魔物をアチコチ封印して回ったの <PART> それを見て回っているんだけど結構 壊されてるのよ <PART> セルヴィア様の封印自体は まだ保つハズだから誰か悪さしてるのが居るハズなのよね,"Há tempos, Sir Seluvia e eu percorremos o mundo selando monstros.<PART>
---
Viajo por aí procurando os selos, mas todos parecem quebrados.<PART>
---
Os selos de Sir Seluvia não deveriam ter se desgastado ainda. Alguém está aprontando.",,duplicate
1,109,1159,117,61068,,,,Sha-kon,"I've made many creations, but they're
not for practical use or for sale. <PART>
---
They're not perfect, so I'm very hesitant
about handing them out to people.",色々と手広く作ってるけどねぇ 別に実用品やら売り物を作ってるわけじゃ無いし… <PART> 色々不安があるんで気軽に他人には渡せないのよ,"Já criei muitas coisas, mas elas não são para uso prático nem para venda.<PART>
---
Não são perfeitas, então hesito muito em entregá-las às pessoas.",,duplicate
1,110,1159,118,61176,,,,Lylia,"In the past, I merely saw this town
as a habitat for monsters. <PART>
---
I was brought here by the present king,
who was fond of me. <PART>
---
My parents had sold me out.
I had no escape.",生前の私にとって この街は魔物の居城にしか見えませんでした <PART> 当事の王に見初められた私は 聖女という名目でこの街につれて来られました <PART> どうせ断る事はできないのだからと〓〓が私を売ったんです,"No passado, eu só via esta cidade como um habitat para monstros.<PART>
---
Fui trazida aqui pelo rei daquela época, que tinha afeição por mim.<PART>
---
Meus pais me venderam.
Não havia escapatória.",,duplicate
1,111,1159,119,61284,,,,Lydia,"It is said my brother Cain died of an illness;
in other words, he was imprisoned for incompetence. <PART>
---
I am not terribly shocked, as there had been rumors...
and plenty of rooms to keep him in.",〓のカインは 〓死…か支配者の〓格無しとみなされ 〓閉ってトコね <PART> そういった話は出ていたし 別に驚きはしないわ場所にも事欠かないみたいだったし,"Dizem que meu irmão Cain morreu de doença:
na verdade, foi preso por incompetência.<PART>
---
Não me abalo muito, já que havia rumores...
e plenty of quartos para mantê-lo.",,duplicate
1,112,1159,120,61392,,,,Sophalla,"I don't have a clue as to when or
where I died. <PART>
---
One day I just woke up confined in a
windowless room...",私ってどこで死んだか いつ死んだのか自分でも分からないのよ <PART> 気がついたら 〓の無い部屋に閉じ込められていたから…,"Não faço ideia de quando ou onde morri.<PART>
---
Um dia simplesmente acordei presa num quarto sem janelas...",,duplicate
1,113,1159,121,61500,,,,Millidia,"I would sacrifice my life to give my dear sister
and her husband another chance to live. <PART>
---
That is the least I could do
for her...",もし叶うのならば 私の命と引き〓えに姉さんと〓兄さんに 新しい人生を過ごして欲しい <PART> それぐらいしか 姉さんに償う事はできないから,"Sacrificaria minha vida para dar à minha querida irmã e ao marido dela outra chance de viver.<PART>
---
É o mínimo que posso fazer por ela...",,duplicate
1,114,1159,122,61608,,,,Arcana,"I protected this town along with two
childhood friends. <PART>
---
I wonder why they didn't get
chosen as einherjar? <PART>
---
I was chosen, and they should
have been as well. <PART>
---
I wonder what they were lacking.
Flair, perhaps?",この街は 私が二人の幼〓〓と共に命をかけて守った街 <PART> でも… なんでアイツはエインフェリアに選ばれなかったのかしら？ <PART> 私が選ばれたんだから選ばれてもおかしくないはずなのに… <PART> 地味だった… からかなぁ？,"Protegi esta cidade junto com dois amigos de infância.<PART>
---
Por que será que eles não foram escolhidos como einherjar?<PART>
---
Fui escolhida, e eles também deveriam ter sido.<PART>
---
O que será que faltou neles? Charme, talvez?",,duplicate
1,115,1159,123,61716,,,,Ehrde,"You took my weaknesses and used
them against me to make me your slave. <PART>
---
I've done enough for you.
I shouldn't have to do anything else.",こちらの弱みに付け込んで長い間 好き勝手に使ってくれたよな <PART> あれだけ使役すれば十分だろうもう 生前の惜りは無いはずだが？,"Você pegou minhas fraquezas e as usou contra mim para me fazer seu escravo.<PART>
---
Já fiz o suficiente por você.
Não deveria ter que fazer mais nada.",,duplicate
1,116,1159,124,61824,,,,Mithra,"My connection to Lady Silmeria has been cut.
I am finally one with my materialized body. <PART>
---
With no connection, I am no longer
an einherjar.",我が精神は シルメリア様との繋がりは既に無くマテリアライズされた肉体と一体化をしております <PART> それが精神の解放の意味する事既に私は エインフェリアではないのです,"Minha conexão com Lady Silmeria foi cortada.
Finalmente sou um com meu corpo materializado.<PART>
---
Sem a conexão, não sou mais um einherjar.",,duplicate
1,117,1159,125,61932,,,,Aegis,"I don't fight losing battles. <PART>
---
It seems like a simple concept, and yet,
there are many who don't abide by it. <PART>
---
This goes for duels or group battles. <PART>
---
One who can't dispose of pride and guts
will never beat someone who can.",勝てない時には戦わない <PART> そんなごく当たり前の指〓を ごく当たり前にできない奴の なんて多い事かね <PART> 〓人戦でも集〓戦でも一緒だよ <PART> 〓ライドや意地を捨てれない奴が捨てれる奴に勝てるものか,"Não brigo em batalhas que vou perder.<PART>
---
Parece um conceito simples, mas há muitos que não o seguem.<PART>
---
Vale para duelos ou batalhas em grupo.<PART>
---
Quem não consegue largar o orgulho e a coragem jamais vai vencer quem consegue.",,duplicate
1,118,1159,126,62040,,,,Psoron,"I have done much research regarding
the formulas for general magic spells, <PART>
---
and I have discovered that my theories
created in my past life had been accurate. <PART>
---
I am grateful to have been reborn,
even if just to recognize that.",今 一般的になっている多くの魔術様式を研究してみたが <PART> 生前に俺の導き出した仮説は間違っては いなかったみたいだな <PART> よし！ それがわかっただけでも蘇った〓値があるってものだぜ,"Investiguei muito sobre as fórmulas de feitiços gerais,<PART>
---
e descobri que minhas teorias criadas na vida passada estavam corretas.<PART>
---
Sou grato por ter renascido, mesmo que apenas para reconhecer isso.",,duplicate
1,119,1159,127,62148,,,,Khanon,"The gods cannot be beaten by physical strength.
Instead, one must grasp the core of religion. <PART>
---
Controlling the prayers to the gods may
be a chance to control the gods' ways.",人の世を 武で統べるのは愚かな事信仰の中〓を〓れば それですむ <PART> 神々への祈りを〓れれば 神の意思さえ〓る事も不可能ではない,"Os deuses não podem ser derrotados pela força física.
Em vez disso, é preciso agarrar o cerne da religião.<PART>
---
Controlar as preces aos deuses pode ser uma chance de controlar os caminhos dos deuses.",,duplicate
1,120,1159,128,62256,,,,Farant,"Experiencing death, my spirit came closer to truth.
My eternal soul chose the path of the gods. <PART>
---
I am close to figuring out the foundation of life,
a question on the mind of every sorcerer.",死を〓〓し 俺の精神は真理の扉に手をかけた滅びる事のない魂は 神へと続く道だ <PART> あと少しだ… あと少しで 生命の根〓という魔術師の持つ 長年の疑問が解けそうなんだ,"Vivenciar a morte aproximou meu espírito da verdade.
Minha alma eterna escolheu o caminho dos deuses.<PART>
---
Estou perto de descobrir a fundação da vida, questão que está na mente de todo feiticeiro.",,duplicate
1,121,1159,129,62364,,,,Xehnon,"Midgard will never be destroyed. <PART>
---
Is there a farmer who would burn his crops
without harvesting them first?",ミッドガルドが滅ぶ事はないさ <PART> 苦労してせっかく〓てた作物を 〓り取る事なく焼き払う〓夫がどこに居るのさ？,"Dipan é apenas um aviso para todos nós.<PART>
---
É um aviso dos deuses provocado pelas ações de Lady Silmeria e de você, Princesa Alicia.",,duplicate
1,122,1159,130,62472,,,,Alm,"I know who I am.
I know I'm not as charismatic as my brother. <PART>
---
Even when the war began,
I was left behind in my country. <PART>
---
My father and brother became heroes, when
I wasn't even given the chance to prove myself. <PART>
---
That's when I devised the perfect scheme.
I set out to slaughter the undead. <PART>
---
I even called forth monsters from Nifleheim
just to slay as many as I could. <PART>
---
Some might think that
as a ridiculous act. <PART>
---
But because of that, I was chosen as an
einherjar over my father and brother. <PART>
---
The gods chose me because they saw
that I was more capable than both of them.",分かっているさ俺には兄のようなカリスマ性が無い <PART> 生前に戦争が起こった時も俺は国に残された <PART> 父も兄も戦で武〓を立てたのに俺には その機会すら与えられなかった <PART> だから俺は 知〓を磨いた！進んで不死者どもを〓り回った！ <PART> 時には冥界から魔物を呼び出しその場で滅ぼしもしたさ！ <PART> それの何が悪い！！ <PART> それによって 俺はエインフェリアに選ばれた父も兄も選ばれなかったのにだ <PART> 神々の手によって 俺の方が二人よりも有能である事が証明されたんだよ,"Sei quem sou.
Sei que não sou tão carismático quanto meu irmão.<PART>
---
Mesmo quando a guerra começou,
fiquei para trás no meu país.<PART>
---
Meu pai e meu irmão se tornaram heróis, enquanto
não me deram nem a chance de provar meu valor.<PART>
---
Foi quando eu concebi o plano perfeito.
Parti para massacrar os mortos-vivos.<PART>
---
Até convoquei monstros de Nifleheim
só para abater o máximo que pudesse.<PART>
---
Alguns podem achar isso um ato ridículo.<PART>
---
Mas graças a isso, fui escolhido como einherjar
em vez do meu pai e do meu irmão.<PART>
---
Os deuses me escolheram porque viram
que eu era mais capaz que os dois.",,duplicate
1,123,1159,131,62580,,,,Seluvia,"You frightened me.
I thought you were a monster. <PART>
---
I have been doing my duty to seal
monsters, but there seems to be no end... <PART>
---
There is only so much one can
do alone.",驚いた魔物かと思いましたよ <PART> ここしばらく 魔物を封じる戦いを続けているのですが どうにもキリが無くて <PART> やっぱり一人だと やれる事に限界がありますね,"Você me assustou.
Pensei que fosse um monstro.<PART>
---
Venho cumprindo meu dever de selar
monstros, mas parece não ter fim...<PART>
---
Há um limite para o que se pode
fazer sozinho.",,duplicate
1,124,1159,132,62688,,,,Masato,"Even though I have been freed,
there is nothing for me to do. <PART>
---
Maybe it would have been better for
me to stay an einherjar.",エインフェリアから解放されたとて特にやるべき事も見つからない <PART> あのまま使役されていてもあまり変わらなかったのかもしれないな,"Fui expulso do meu país. Não tenho casa.<PART>
---
Ando pelas terras procurando um lugar para viver em paz.",,duplicate
1,125,1159,133,62796,,,,Woltar,"Being an einherjar is not an easy task.
One is always compared to the present heroes. <PART>
---
Legendary heroes become mere soldiers.
It is the same for sorcerers. <PART>
---
I do not want to involve myself in this.
I wish to die an ordinary death in this life.",エインフェリアというのも〓身が〓いものだなその時代その時代の 最高の勇者と〓〓される <PART> 世〓の〓雄も 単なる平〓な戦士となる天〓と呼ばれた魔術師もまた同じだ <PART> どうも俺には合わないな次は平〓な死を迎えたいものだ,"Ser einherjar não é tarefa fácil.
Sempre somos comparados aos heróis atuais.<PART>
---
Heróis lendários viram meros soldados.
O mesmo vale para os feiticeiros.<PART>
---
Não quero me envolver nisso.
Desejo morrer uma morte comum nesta vida.",,duplicate
1,126,1159,134,62908,,,,Lwyn,"Who was the first person to say that
Valhalla was a nice place? <PART>
---
Whoever said that should be forced at
swordpoint to confess that they lied!",ヴァルハラがいいところだなんて誰が最初に言い出したのやら… <PART> 責任をとらせたいと思わない？つ～か マシメにさぁ…,"Quem foi o primeiro a dizer que Valhalla era um lugar bom?<PART>
---
Quem disse isso deveria ser obrigado a pontapés a confessar que mentiu!",,duplicate
1,127,1159,135,63016,,,,Jessica,"Do you think I might be able to...
Um, nothing. Never mind.",この私も もう一度…いえ 何でも… ありません,"Será que eu poderia... quer dizer, nada. Esquece.",,duplicate
1,128,1159,136,63124,,,,Richelle,"Now I feel it is my duty to protect
this town. <PART>
---
I shall protect and serve my friends <PART> ---- <PART>
the people of this town.",今は この村の〓みを守っていきたいと思います <PART> 今度は ごく〓しい人々を深く見守っていきたいのです,"Agora sinto que é meu dever proteger esta vila.<PART>
---
Vou proteger e servir meus amigos<PART> ---- <PART>
os povos desta vila.",,duplicate
1,129,1159,137,63232,,,,Fraudir,"I never felt regret for how I died
in my previous life. <PART>
---
Even if I were put in the same situation,
I wouldn't be able to take his life. <PART>
---
Perhaps I'm not a true warrior... <PART>
---
",私は別に 前の死を後〓した事はありません <PART> たとえ何度繰り返したとしても私にアイツは殺せません <PART> 戦士としては 失格ですがね,"Nunca me arrependi da forma como morri em minha vida anterior.<PART>
---
Mesmo se fosse posto na mesma situação, eu não conseguiria tirar a vida dele.<PART>
---
Talvez eu não seja um verdadeiro guerreiro...<PART>
---
",,duplicate
1,130,1159,138,63340,,,,Celes,"You must think and choose which path
is right for yourself. <PART>
---
That is your duty, as well as one of the few
rights you are entitled to exercise.",自分で考え 何が正しいのか何をするのかを選びなさい <PART> それが貴方の〓務であり残された 数少ない権利なのだから,"Você deve pensar e escolher o caminho certo para si mesma.<PART>
---
Esse é o seu dever, assim como um dos poucos direitos que você tem para exercer.",,duplicate
1,131,1159,139,63448,,,,Crescent,"If you want to visit, I guess
it's alright. <PART>
---
Just remember that as the hostess,
I have to keep everyone entertained. <PART>
---
It's a lot of work for me!",別に来たければ いつ来てもいいけど… <PART> アンタ達のために 食器とか揃えなきゃなんないじゃない <PART> 高いんだからさぁ…ムダにさせないでよね,"Se quiser me visitar, acho que tudo bem.<PART>
---
Só lembra que, como anfitriã, preciso entreter todo mundo.<PART>
---
É muito trabalho pra mim!",,duplicate
1,132,1159,140,63556,,,,Sylphide,"I wonder what Lord Odin wanted? <PART>
---
Is there anything that could be worth
the suffering of so many people, <PART>
---
brought on by the chaos in Midgard?",大神オーディンは何を求めていたのでしょう… <PART> ミッドガルドを襲う長年の騒乱に人々の苦しみと 同等の〓値が <PART> あるというのでしょうか？,"O que será que o Senhor Odin queria?<PART>
---
Haverá algo que valha o sofrimento de tantas pessoas,<PART>
---
provocado pela comoção em Midgard?",,duplicate
1,133,1159,141,63664,,,,Tyrith,"Why not just go with the flow?
I want to have fun in this life!",てきとーに生きて てきとーに死ぬのもアリかな？今度は気楽に生きてみるわ,"Por que não simplesmente ir com o fluxo?
Quero me divertir nesta vida!",,duplicate
1,134,1159,142,63772,,,,Circe,"The ultimate happiness is finding someone
who accepts you for who you truly are. <PART>
---
At least, that's what I think.",自分の全てを投げ打てる相手に出会えるのは 最高の幸運 <PART> 少なくとも 私はそう思ってるわよ,"A felicidade suprema é encontrar alguém que te aceita como você realmente é.<PART>
---
Pelo menos, é o que eu penso.",,duplicate
1,135,1159,143,63880,,,,Rasheeka,"In the past, I wasn't the kind of person
who would pay respect to the dead. <PART>
---
I realized, though, that it's a nice feeling to know
people care about you even if you pass on. <PART>
---
I hope the person I went to pay my respects
to feels the same way...",私は死んでた時に あんまりマメに見に来る方じゃなかったけどさ <PART> やっぱ自分の死を悲しんでくれてる人が居ると嬉しいじゃない <PART> だから…ね 砂漠全部が私達のお墓あの人が見ている事を願って,"No passado, eu não era do tipo que presta respeito aos mortos.<PART>
---
Mas percebi que é bom saber que há gente que se importa mesmo depois que a gente se vai.<PART>
---
Espero que a pessoa a quem fui prestar respeito sinta o mesmo...",,duplicate
1,136,1159,144,63988,,,,Falx,"There are traps lying around, so watch
your step! <PART>
---
They're for the undead and won't harm humans,
but I don't want to have to reset them all.",その辺に罠が仕掛けてある踏むんじゃないぞ <PART> そこのは不死者用で 人には無害なんだが仕掛けなおすのが 面倒なんでな,"Fiz umas pesquisas e descobri que não estou pronto para enfrentar o Senhor dos Mortos-Vivos.<PART>
---
Eu até poderia enfrentá-lo se ele fosse apenas um barão ou visconde...",,duplicate
1,137,1159,145,64096,,,,Gerald,"I am not responsible for all the chaos in Midgard.
Most of the events are the fault of Lord Odin. <PART>
---
Lady Silmeria was confined because she objected
to his ways when she found out the truth. <PART>
---
This is all I know.",私だけではなく このミッドガルドの混乱の大半はオーディンが仕〓んだものだったのです <PART> そういった一連の動きを知ったシルメリア様は天界の方〓に反対し 封印されてしまった <PART> これが私の知る全てです,"Não sou responsável por todo o caos em Midgard.
A maioria dos eventos é culpa do Senhor Odin.<PART>
---
Lady Silmeria foi presa porque se opôs
aos modos dele quando descobriu a verdade.<PART>
---
Isso é tudo que sei.",,duplicate
1,138,1159,146,64204,,,,Guilm,"I have chosen the path to protect the castle,
the town, the people, and my own soul. <PART>
---
That is what I will strive to do.",我が進むべき道は護るもの <PART> 新たなる人生は 城を護り 街を護り 人を護り心を護るために生き申す,"Escolhi o caminho de proteger o castelo, a cidade, as pessoas e minha própria alma.<PART>
---
Que é o que vou me esforçar para fazer.",,duplicate
1,139,1159,147,64312,,,,Roland,"Right now, things are going according to
their plans. If you quit now... <PART>
---
They cannot get their way! You have
to stay alive, no matter the cost.",今は あの者達の思い〓いたように進んでいますここで王女が倒れれば 全てはあの者の思惑通り <PART> それが私には我〓がなりません如何なる状況であろうと 生きてこそです,"No momento, as coisas vão conforme os planos deles. Se você desistir agora...<PART>
---
Eles não podem conseguir o que querem! Você precisa continuar viva, custe o que custar.",,duplicate
1,140,1159,148,64420,,,,Ehlen,"Being one of many ensures stability,
but deprives one of individuality. <PART>
---
Being an individual ensures instability.
However, it also ensures freedom.",集〓の一〓であれば 存在の安定がはかれようだが同時に 〓性が失われる <PART> 〓々の存在というのは不安定なものしかし だからこそ 自由であるとも言える,"Ser um entre muitos garante estabilidade,
mas tira a individualidade.<PART>
---
Ser um indivíduo garante instabilidade. Porém, também garante liberdade.",,duplicate
1,141,1159,149,64528,,,,Adonis,"Don't feel guilty.
You didn't start all of this. <PART>
---
You're giving them what they deserve.",なぁに お前は悪くない…全ては向こうから仕掛けてきた事だ <PART> 相応の罰をくれてやるのは当然だろうが,"Não se sinta culpado.
Você não começou tudo isso.<PART>
---
Está dando a eles o que merecem.",,duplicate
1,142,1159,150,64636,,,,Aaron,"I believe you can handle any situation
you may encounter.",どんな状況でも アンタなら何とかしてくれるそんな気がするんだよな,Acredito que você consegue lidar com qualquer situação que encontrar.,,duplicate
1,143,1159,151,64744,,,,Dyn,"All I wish to do is save Midgard from
the hands of Valhalla and Nifleheim. <PART>
---
I do not wish to side with either force.",私はこのミッドガルドの地を天界・冥界の干〓から守りたいだけ <PART> どちらの側に〓入れする気もありません,"Tudo que quero é salvar Midgard das mãos de Valhalla e Nifleheim.<PART>
---
Não pretendo ficar do lado de nenhuma das forças.",,duplicate
1,144,1159,152,64852,,,,Kraad,"Nothing will change as long as they
keep looking down on us, <PART>
---
especially with pity and superiority.
That's the truth.",上の奴が俺達人間を下に見てる限り何も変わらんよ <PART> 哀れみやら 見下しやらじゃ 特にな…そういうもんだ,"Nada vai mudar enquanto continuarem nos olhando de cima,<PART>
---
principalmente com pena e superioridade.
Essa é a verdade.",,duplicate
1,145,1159,153,64960,,,,Zunde,"I'll be glad to help you out as soon as
I finish things up here.",手伝うのはちょっと待ってくれよ 順番だからなたとえ神様だって 約束は破っちゃいけねぇよ,Vou te ajudar com prazer assim que terminar as coisas aqui.,,duplicate
1,146,1159,154,65068,,,,Atrasia,"Those in Nifleheim attempt to drag down
individual souls. <PART>
---
The gods grasp at everything, while
slaughtering those who resist. <PART>
---
The ways of the gods are more wicked
than those of the undead.",ニブルヘイム側は 〓人に深く干〓し一人一人を自分達の側に 引きずり込もうとする <PART> 対して神々は 全体を自分達の側に〓かせつつ疑いを持つ者を〓に消し去る <PART> やると決めた時の神々のやり口は不死者達なんかより 〓かにタチが悪いわ,"Aqueles em Nifleheim tentam arrastar almas individuais para baixo.<PART>
---
Os deuses agarram tudo, enquanto massacram quem resiste.<PART>
---
Os modos dos deuses são piores que os dos mortos-vivos.",,duplicate
1,147,1159,155,65176,,,,Phyress,"If only humans could live forever,
we'd be able to put up a better fight. <PART>
---
I know some who joined with the underworld
because they despised the gods. What a mess!",ずっと生きてりゃ どうにかなるかも知んないけどど～しても アタシ達は死んじゃうからね <PART> 神様達のやり口が嫌で ニブるんの方についたのも何人か知ってるし… 何ともかんとも ねぇ,"Se ao menos os humanos pudessem viver para sempre, poderíamos lutar melhor.<PART>
---
Conheço alguns que se juntaram ao submundo porque desprezavam os deuses. Que bagunça!",,duplicate
1,148,1159,156,65284,,,,Chrystie,"Breaking our seals is like breaking up
our love. <PART>
---
I'm gonna kill the person who did this!
They'll never be forgiven. Never! <PART>
---
You can't stop me. Nobody can!",アタシとセルヴィア様の施した愛の封印を壊すヤツが居るなんて～っ！ <PART> も～死刑！ 絶対死刑！何が何でも死刑よっ！！ <PART> 止めてもムダだからねっ！,"Quebrar nossos selos é como destruir nosso amor.<PART>
---
Vou matar quem fez isso!
Nunca será perdoado. Nunca!<PART>
---
Você não pode me parar. Ninguém pode!",,duplicate
1,149,1159,157,65392,,,,Sha-kon,"If I give them to people, there's
so much I'll have to do... <PART>
---
I know the faulty points of my creations,
so I know what to watch out for. <PART>
---
The way I see it, having to explain all
of that is a waste of my time.",ほら 他の人が使えるように作ると無駄が多くてさぁ… <PART> アタシだけが使うんなら 問題があるトコには気をつけて使えばいいわけじゃん <PART> そこに無駄な時間が発生すると思うわけよアタシとしては…,"Se eu der para as pessoas, vou ter tanto trabalho...<PART>
---
Conheço os pontos fracos das minhas criações, então sei o que observar.<PART>
---
Pelo meu modo de ver, ter que explicar tudo isso é perda de tempo.",,duplicate
1,150,1159,158,65500,,,,Lylia,"Looking at it now, I find it a lovely town
full of normal people with no fangs or horns.",こうして見てみると 立派な街〓みですよね住んでる人も 角も〓も生えておらず 皆普通で…,"Olhando agora, acho esta cidade adorável, cheia de pessoas normais sem presas nem chifres.",,duplicate
1,151,1159,159,65608,,,,Lydia,"I was popular among the people, and although
just a figurehead, I was the successor. <PART>
---
I am the reason they did not go after
my brother at an earlier time. <PART>
---
If Cain were killed, I would become queen.
Left alive, he would become the successor. <PART>
---
They provoked Cain to kill me,
and imprisoned him for his sin. <PART>
---
I am still unsure whether the general or
prime minister was behind it...",私は民〓の人気だけはあったし形だけとはいえ 継〓権も持っていた <PART> 〓のカインを早くに処分できなかったのは私が居たから <PART> 下手に処分すれば 私が次の王になるかといって カインに継がせる訳にもいかない <PART> カインをそそのかして 私を殺させその罪により 〓閉する <PART> 裏で〓を〓いたのは 〓軍と〓相のどっちだか…本当に迷惑な話だわ,"Eu era popular entre o povo e, embora fosse apenas um símbolo, era a sucessora.<PART>
---
Sou o motivo pelo qual não foram atrás do meu irmão mais cedo.<PART>
---
Se Cain fosse morto, eu me tornaria rainha. Se ficasse vivo, ele seria o sucessor.<PART>
---
Provocaram Cain a me matar
e o prenderam por seu pecado.<PART>
---
Ainda não sei se o general ou o primeiro-ministro estava por trás disso...",,duplicate
1,152,1159,160,65716,,,,Sophalla,"I was brought up by the bandit guild from
a young age, so I had no fear of death. <PART>
---
Compared to the training I went through,
the work of an amateur would be nothing.",私は子どもの頃 盗賊ぎルドで〓てられたから別に殺される事に恐怖は無かったわ <PART> ぎルドでの〓練に〓べたら 素人のやる事なんてたかが知れていたし,"Fui criada pela guilda de bandidos desde jovem, então não tinha medo da morte.<PART>
---
Em comparação com o treinamento pelo qual passei, o trabalho de um amador seria nada.",,duplicate
1,153,1159,161,65824,,,,Millidia,"What am I to do now?
It was great fun fighting beside you....",これから私は 何をすればいいのか…アリーシャ様と一緒の時は 楽で良かったのですが,"O que faço agora?
Foi ótimo lutar ao seu lado....",,duplicate
1,154,1159,162,65932,,,,Arcana,"Some people work hard all the time
and yet never get what they deserve. <PART>
---
A childhood friend of mine was like that.",頑張ったのに何故か報われない人って居るんですよね <PART> 私の幼〓〓の一人がそうでした,"Se a destruição vier da natureza, que assim seja.<PART>
---
É importante coexistir com a natureza, e não se render a ela.",,duplicate
1,155,1159,163,66040,,,,Ehrde,"What more do you want from me?
You've used me enough!",これ以上 俺に何を望む？あれだけ使役すれば十分だろうが,"O que mais você quer de mim?
Já me usou demais!",,duplicate
1,156,1159,164,66148,,,,Mithra,"We einherjar cease to connect with you
when we receive a new body. <PART>
---
However, at times, we can feel changes
that occur to the creator. <PART>
---
It is an odd thing, as there
should be no connection...",我々エインフェリアは 新たな肉体を得た時にあなた方との〓は断ち切られています <PART> ですが 創造主であるあなた方の変調を感じとる時も またあるのです <PART> もはや繋がりは無いはずなのに…不思議な話ですな,"Nós, einherjar, rompemos nossa conexão com vocês quando recebemos um novo corpo.<PART>
---
Porém, às vezes sentimos mudanças que ocorrem com o criador.<PART>
---
É estranho, pois não deveria haver conexão...",,duplicate
1,157,1159,165,66256,,,,Aegis,"All I can do is fight winning battles
and try not to lose. <PART>
---
You can't win a losing battle, though.",俺にできるのは 勝てる戦いを負けないように戦う事さ <PART> 最初から負けてる戦いを勝たせる事なんてできやしねぇよ,"Tudo que posso fazer é lutar batalhas que posso vencer e tentar não perder.<PART>
---
Mas não dá para vencer uma batalha que já está perdida.",,duplicate
1,158,1159,166,66364,,,,Psoron,"A mortal life is too short for an investigation of truth.
I know now why some desire to become undead.",人の身のままでは 真理の探究には時間が足りない不死に〓る者がいるのも 分からなくはないよなぁ,"A vida mortal é curta demais para buscar a verdade.
Agora entendo quem quer virar morto-vivo.",,duplicate
1,159,1159,167,66472,,,,Khanon,"The gods need a reason to meddle
with the affairs of Midgard. <PART>
---
Merely knowing this fact can be a
chance for one to rule over Midgard.",神々は何かを介してしか このミッドガルドに関わる事はできぬ <PART> その事を知っていれば 〓が思い通りに人の地を統べる事も 不可能ではないのだよ,"Os deuses precisam de um motivo para se intrometer nos assuntos de Midgard.<PART>
---
Apenas saber desse fato pode ser uma chance de alguém governar Midgard.",,duplicate
1,160,1159,168,66580,,,,Farant,"Maintaining a connection between body and spirit
till death is similar to an eternal vacant spirit. <PART>
---
If a human spirit is eternal, one with a soul,
body, and spirit should make for a complete being. <PART>
---
By maintaining one's spirit while continuing the
cycle of degradation and reconstruction of the body <PART>
---
and soul, one can close in on truth, correct?",肉体と精神の繋がりを保持しつつ 死を迎える事それは〓ろな精神を 永遠のものとするに近い <PART> 人の精神が永遠となれば肉体と魂と精神を揃えた完全なる存在となりうる…はず <PART> 何らかの手段で精神を確保しつつ肉体と魂の分解と再生を繰り返せば <PART> そのつど真理に近づける…のか？,"Manter uma conexão entre corpo e espírito até a morte é semelhante a um espírito eternamente vago.<PART>
---
Se um espírito humano é eterno, um com alma, corpo e espírito deveria formar um ser completo.<PART>
---
Mantendo o espírito e continuando o ciclo de degradação e reconstrução do corpo<PART>
---
e da alma, pode-se aproximar da verdade, correto?",,duplicate
1,161,1159,169,66688,,,,Xehnon,"Dipan is merely a warning to us all. <PART>
---
It is a warning from the gods brought on by
the actions of Lady Silmeria and you, Princess Alicia.",ディパンは 単なる見せしめだね <PART> シルメリア神と アリーシャ王女の行動に神々が〓を〓したというところかな,"Dipan é apenas um aviso para todos nós.<PART>
---
É um aviso dos deuses provocado pelas ações de Lady Silmeria e de você, Princesa Alicia.",,duplicate
1,162,1159,170,66796,,,,Alm,"My father and brother weren't
chosen to be einherjar. <PART>
---
I'd proven to the gods that I was
more worthy than they were. <PART>
---
Hahaha!",我が父も兄もエインフェリアに選ばれはしなかった <PART> 神々によって 俺の方が奴らより有能である事が証明されたのさ <PART> あーっはっはっは！！！,"Meu pai e meu irmão não foram escolhidos como einherjar.<PART>
---
Provei aos deuses que eu era mais digno que eles.<PART>
---
Haha!",,duplicate
1,163,1159,171,66904,,,,Seluvia,"You frightened me.
I thought you were a monster. <PART>
---
Oh, excuse me. By that I did not insinuate
that you resemble a monster in any way.",驚きました本当に魔物かと思いましたよ <PART> いや… 貴方達が魔物っぱいとかそういう事ではなくて ですね,"Você me assustou.
Pensei que fosse um monstro.<PART>
---
Ah, desculpe. Não quis insinuar que você se parece com um monstro de forma alguma.",,duplicate
1,164,1159,172,67012,,,,Masato,"Even though I have been freed,
there is nothing for me to do. <PART>
---
Maybe I would have been happier
serving you as an einherjar.",エインフェリアから解放されたとて特にやるべき事も見つからない <PART> あのまま使役されていた方が幸せだったのかもしれないな,"Confiar demais expõe a traições.
Mas confiar faz parte da natureza humana.<PART>
---
Só falo asneiras de quem foi traído por um grande amigo. Me perdoe.",,duplicate
1,165,1159,173,67120,,,,Woltar,"I was only chosen as an einherjar
on the gods' whim. <PART>
---
You do not need to worry about someone
such as myself serving you again.",俺がエインフェリアに選ばれたのは神の気まぐれ <PART> 心配せずとも もう俺が選ばれる事などないんだろうが…,"Fui escolhido como einherjar por capricho dos deuses.<PART>
---
Não precisa se preocupar com alguém como eu te servindo de novo.",,duplicate
1,166,1159,174,67232,,,,Lwyn,"No offense, but a lot of
the people in your party... <PART>
---
Um, a lot of the people in your
party are real...unique.",あのさ こんな事言うのはなんだけど…凄いメンツだなって自分でも思わない？ <PART> なんて言うか…〓すぎ？,"Quem foi o primeiro a dizer que Valhalla era um lugar bom?<PART>
---
Quem disse isso deveria ser obrigado a pontapés a confessar que mentiu!",,duplicate
1,167,1159,175,67340,,,,Jessica,"I'm fine now. There are plenty
here who will protect me.",私は もう平気です守ってくださる人が できたんです,Estou bem agora. Há bastante gente aqui que vai me proteger.,,duplicate
1,168,1159,176,67448,,,,Richelle,"I visited the Gorhla region recently. <PART>
---
It is where I and Sir Roland, a royal brigade
captain, were ambushed by the Lord Khanon. <PART>
---
I went to pay my respects to our soldiers.",この前 ゴーラ地方を訪ねました <PART> この私と 王国騎士〓長であったローランド殿とが領主であったカノンに だまし〓ちにされた土地 <PART> せめて かつての部下に花を供えてやりたくて,"Visitei a região de Gorhla recentemente.<PART>
---
Foi onde eu e Sir Roland, capitão da brigada real, fomos emboscados pelo Senhor Khanon.<PART>
---
Fui prestar minhas respeitas aos nossos soldados.",,duplicate
1,169,1159,177,67556,,,,Fraudir,"Please let me know if I can assist you
in any way. <PART>
---
Even if I can't help out on the battlefield,
there has to be something I can do.",何か私にできる事がありましたらなんなりとご命〓を <PART> 戦場で 私の力は及ばずとも何か力になれる事はありましょう,"Por favor, me avise se eu puder te ajudar de alguma forma.<PART>
---
Mesmo que eu não sirva no campo de batalha, deve haver algo que eu possa fazer.",,duplicate
1,170,1159,178,67664,,,,Celes,"It feels odd reading about yourself
in history books. <PART>
---
It is a nice feeling, though.",自分の事が書かれている歴史書を見るのって何かヘンな気分ねぇ… <PART> まぁ 悪い気はしないけど…,"É estranho ler sobre si mesma em livros de história.<PART>
---
Mas é uma sensação boa.",,duplicate
1,171,1159,179,67772,,,,Crescent,"In my previous life, I thought I was the most
unhappy person in the world. <PART>
---
Now, I know better. <PART>
---
Because of my actions in the past, I was able
to meet the people I was destined to meet. <PART>
---
I think you figure out whether you were
happy or not during your last moments alive.",昔はアタシも 自分ほど不幸な人間は居ないって思ってたわよ <PART> でも 今は違う <PART> あんな過去があったからこそアタシは出会うべき人に出会えたんだし <PART> 結局 幸〓だの不幸だのってのはさ <PART> 自分が死ぬ最期の瞬間にどう思えるかなんじゃないの？,"Na minha vida passada, achava que era a pessoa mais infeliz do mundo.<PART>
---
Agora sei que não é bem assim.<PART>
---
Minhas ações no passado me levaram às pessoas que eu estava destinada a conhecer.<PART>
---
A gente descobre se foi feliz ou não nos últimos momentos de vida.",,duplicate
1,172,1159,180,67880,,,,Sylphide,"I feel Midgard soaking up a strong
power from afar. <PART>
---
This is a new power, different from
that of Valhalla or Nifleheim...",世界の彼方から このミッドガルドの地に強力な力が流れ込んでいるのを感じます <PART> ヴァルハラでも ニブルヘイムでもない全く新しい力が…,"Sinto Midgard absorvendo um poder forte vindo de longe.<PART>
---
É um poder novo, diferente do de Valhalla ou Nifleheim...",,duplicate
1,173,1159,181,67988,,,,Tyrith,"Having a skill helps you get around
in the world. <PART>
---
Though I don't know how much skill
is involved in swinging a sword around...",なんのかんの言って 手に〓あるとなんとかなるモンやな <PART> まぁ この剣をぶん回すのが〓か！？…ち〓われると ちょい首を〓げたくなるけどな,"Ter uma habilidade ajuda a se virar no mundo.<PART>
---
Embora eu não saiba quanto de habilidade tem a ver com brandir uma espada...",,duplicate
1,174,1159,182,68096,,,,Circe,"I'm enjoying being able to live in
more than one time period. <PART>
---
This is a precious experience.",今と昔 二つの時代を生きれて結構楽しんでるよ <PART> こんなの 普通はできない体〓だからね,"Estou gostando de poder viver em mais de uma época.<PART>
---
É uma experiência preciosa.",,duplicate
1,175,1159,183,68204,,,,Rasheeka,"I will stay in this town until
the very end. <PART>
---
I have a lot of affection towards Kalstad.
It holds a lot of my memories... <PART>
---
",私はこのまま この街の最期を見届けるわ <PART> このカルスタッドの街が 私の二度の人生の全て愛着も… 思い出も… いっぱい詰まってるし,"Na minha vida passada, eu não era de prestar respeito aos mortos.<PART>
---
Mas percebi que é bom saber que há gente que se importa mesmo depois que a gente se vai.<PART>
---
Espero que a pessoa a quem fui prestar respeitas sinta o mesmo...",,duplicate
1,176,1159,184,68312,,,,Falx,"The undead harm people, but so do
monsters and beasts. <PART>
---
It's natural for conflicting creatures <PART> ---- <PART>
humans and the undead <PART> ---- <PART> to fight. <PART>
---
Even gods harm humans.
That's just the way of the world.",不死者は人に害をなすだが魔物も獣も それは一緒だ <PART> 相〓れぬ存在同士が争うのは自然の摂理人と不死者が争うのもまた摂理の一部さ <PART> なにせ神でさえ人に害をなすんだ人と不死者が争いあって 何の不思議がある？,"Os mortos-vivos fazem mal às pessoas, mas monstros e bestas também.<PART>
---
É natural que criaturas em conflito<PART> ---- <PART>
humanos e mortos-vivos<PART> ---- <PART>
briguem.<PART>
---
Até deuses causam dano aos humanos.
É assim que o mundo funciona.",,duplicate
1,177,1159,185,68420,,,,Gerald,"My daily training has helped me regain
my skills as a warrior. <PART>
---
I could be of great help to you now.",日々剣を振り 生前程度には戦いのカンを取り戻せた気がします <PART> 今ならば私も 足手まといにはならないやも知れませんな,"Meu treinamento diário me ajudou a recuperar minhas habilidades de guerreiro.<PART>
---
Posso ser de grande ajuda para você agora.",,duplicate
1,178,1159,186,68528,,,,Guilm,"The paths chosen by people are merely
their ways of life. <PART>
---
One does not have to be tied down to their
path, as long as they do not stray too far.",人の世の道とは様々な生き様の集まりに過ぎませぬ <PART> あまり縛られる必要はありませんぞあくまで 大きく〓脱せねばの話ではありますがな,"Os caminhos escolhidos pelas pessoas são apenas seus modos de vida.<PART>
---
Não é preciso ficar preso ao seu caminho, desde que não se desvie demais.",,duplicate
1,179,1159,187,68636,,,,Roland,"It seems you are not interested in holding
power over all of Midgard, Princess Alicia. <PART>
---
Midgard needs a strong leader to acquire
peace. <PART>
---
I will wait as long as it takes for you
to make your decision.",アリーシャ王女は ミッドガルドの〓権には興味がおありでは無いようだ <PART> ですが ミッドガルドの戦乱を収めるには強いリーダーが必要なのです <PART> 王女が決断なされる日を 私は待ちましょう何年でも 何十年でも この人生が尽きるまで…,"Parece que não tem interesse em ter poder sobre toda Midgard, Princesa Alicia.<PART>
---
Midgard precisa de uma líder forte para conseguir a paz.<PART>
---
Vou esperar o tempo que for até você tomar sua decisão.",,duplicate
1,180,1159,188,68744,,,,Ehlen,"I have no children of my own. However,
there is someone I love like a daughter... <PART>
---
Forgive me... I did not mean to ramble on
about the past.",私には子どもは居ないだが 娘のようなものが居てな… <PART> いや…昔の事を ふと思い出しただけだ,"Ser um entre muitos garante estabilidade, mas tira a individualidade.<PART>
---
Ser um indivíduo garante instabilidade. Porém, também garante liberdade.",,duplicate
1,181,1159,189,68852,,,,Adonis,"What's with you?
Tired of killing? <PART>
---
If you don't kill, you'll be killed.
Who would want to be on the receiving end?",何だそのツラは殺すのに疲れたか？ <PART> やらなきゃ やられるんだぜなら 殺す側に回るのは 当然だろうが,"Que cara é essa?
Cansou de matar?<PART>
---
Se não matar, vai ser morto.
Quem quer estar do lado receptor?",,duplicate
1,182,1159,190,68960,,,,Aaron,"It is important to live leisurely. However,
I am not used to this kind of life. <PART>
---
What am I to do?
Living like this does not agree with me.",ノンビリするのも悪くは無いんだが妙に手持ち無〓〓で… <PART> ダメだなこういう生活は 俺には合ってないみたいだ,"É importante viver com calma. Mas não estou acostumado com esse tipo de vida.<PART>
---
O que eu faço?
Viver assim não combina comigo.",,duplicate
1,183,1159,191,69068,,,,Dyn,"If human souls transmigrate for eternity,
the world will become stagnant. <PART>
---
Souls deviating from the boundaries of Valhalla
and Nifleheim need to have a destination.",このミッドガルドにおいて 人々の魂が永遠に輪廻を続けると 世界が〓む <PART> 上下の境界を〓脱してしまった魂の行き先…それそのものは必要なのです,"Se as almas humanas transmigrarem pela eternidade, o mundo vai estagnar.<PART>
---
As almas que se desviam dos limites de Valhalla e Nifleheim precisam ter um destino.",,duplicate
1,184,1159,192,69176,,,,Kraad,"I feel out of shape. I guess I don't
move around as much these days.",少し体が鈍ってきたんだよな…昔に〓べて運動をしなくなったからなぁ…,Estou fora de forma. Acho que não me mexo tanto quanto antes.,,duplicate
1,185,1159,193,69284,,,,Zunde,"You should live everyday like it's your last.
Seize life! <PART>
---
Huh? What about me?
Of course I'm enjoying every day of my life! <PART>
---
Come on, repeat after me:
Life is fantastic!",せっかく生きているんだ後〓だけはすんなよな <PART> ん！？ 俺か？俺は当然 〓日が〓実している！ <PART> さぁ 一緒に〓んでスッキリしようぜ〓日のバカヤロー！！！,"Devia viver cada dia como se fosse o último.
Agarra a vida!<PART>
---
Hã? E eu?
Claro que estou curtindo cada dia da minha vida!<PART>
---
Vem comigo, repete comigo:
A vida é fantastic!",,duplicate
1,186,1159,194,69392,,,,Atrasia,"My tribe was protected by the gods in exchange
for becoming einherjar when we died. <PART>
---
However, I attempted to trade my unborn child
to enter Nifleheim. <PART>
---
The gods were angered and destroyed my tribe.
I have only myself to blame...",私の部族は 死後にエインフェリアとして働く事を〓件に 神々の加護を受けていた <PART> けれど私は 産まれる事のなかった我が子の命と引き〓えに 冥界に下ろうとしたの <PART> それを知った神々は 私の部族を滅ぼした全てはアタシの愚かさが〓いた事よ,"Minha tribo foi protegida pelos deuses em troca de virar einherjar após a morte.<PART>
---
Porém, tentei trocar meu filho que ainda não havia nascido para entrar em Nifleheim.<PART>
---
Os deuses se iraram e destruíram minha tribo. A culpa é só minha...",,duplicate
1,187,1159,195,69500,,,,Phyress,"What? Everything's cool now? <PART>
---
If you got what you wanted,
I'm happy for you. <PART>
---
If you didn't, you can always
try in your next life.",なに？ 落ち着いたの？ <PART> 貴方が納得する結未を迎えたんならそれでいいけど… <PART> ダメだったのなら… まぁ…次の人生に期待するしかないんじゃない？,"O quê? Tudo se acalmou agora?<PART>
---
Se você conseguiu o que queria, fico feliz por você.<PART>
---
Se não conseguiu, sempre pode tentar na próxima vida.",,duplicate
1,188,1159,196,69608,,,,Chrystie,"By the way, Lady Silmeria,
have you materialized Sir Seluvia yet? <PART>
---
No!? Why not!? Do it now!
...Huh? Eh? What? <PART>
---
What do you mean!?
...Fine. I'll figure out a way to do it myself!",ところでさぁ…シルメリア様ってば セルヴィア様をもう出した？ <PART> まだなら早く つ～か 今すぐ！え！？ あ？ あ？ はぁ！？ <PART> 何それ～っい～わよっ 自分で何とかするからっ！,"A propósito, Lady Silmeria,
você já materializou o Sir Seluvia?<PART>
---
Ainda não!? Por que não!? Faça agora!
...Hã? Eh? O quê?<PART>
---
Como assim!?
...Tá bom! Eu dou um jeito sozinha!",,duplicate
1,189,1159,197,69716,,,,Sha-kon,"You can't find truth from
past experiences. <PART>
---
It doesn't even exist in theories,
beliefs, or logic.",色々とやっててわかった事は 真理なんて〓単なものは どこにも無いってコトね <PART> 理論にも信念にも 道〓にも…よ,"Você não encontra a verdade nas experiências passadas.<PART>
---
Ela nem existe em teorias, crenças ou lógica.",,duplicate
1,190,1159,198,69824,,,,Lylia,"There is one thing I continue to regret...
I took my own life, leaving my daughter behind. <PART>
---
There are no words of apology that
will make up for what I did.",今でも心を痛めるのは 娘の事ですあの時私は まだ幼い娘を残して命を絶ちました <PART> 母として あの子に〓びる言葉が見当たりません,"Há uma coisa que continuo lamentando...
Tirei minha própria vida, deixando minha filha para trás.<PART>
---
Não há palavras de perdão que compensem o que eu fiz.",,duplicate
1,191,1159,199,69932,,,,Lydia,"In my past life, I was always alone.
It feels odd being with someone.",前世では 死ぬまでずっと一人だったから誰かと一緒に居る方が 落ち着かないわ,"Na minha vida passada, sempre estive sozinha.
É estranho estar com alguém.",,duplicate
1,192,1159,200,70040,,,,Sophalla,"I used to live only for myself.
After I got married, I lived for him. <PART>
---
I could do anything for the man who
fought with me, died for me, <PART>
---
and needed me more than anything
else in the world.",昔の私はただ自分のために生きていたけれど 結〓してからは 夫のために生きた <PART> 盗賊ぎルドと最後まで争ったのも殺された夫の死を 無駄にしないため <PART> 私の事を 心から必要としてくれたあの人のためなら 何だってできた,"Me casei e vivi para ele.<PART>
---
Lutei contra a guilda de bandidos até o fim para que a morte do meu marido não fosse em vão,<PART>
---
e para o homem que mais me necessitava no mundo.",,duplicate
1,193,1159,201,70148,,,,Millidia,"I want to be able to look my sister
in the face the next time I see her. <PART>
---
To do that, I must choose a path for
myself and walk it proudly.",姉さんと会った時きちんと顔を上げて話せるように <PART> 私は自分の意思で 選んだ道を進もうと思います,"Quero ser capaz de encarar minha irmã quando a vir de novo.<PART>
---
Para isso, preciso escolher um caminho para mim e percorrê-lo com orgulho.",,duplicate
1,194,1159,202,70256,,,,Arcana,"The flow of the world tree has
returned to normal. <PART>
---
In the future, this land may
be full of nature and life.",〓れていた世界樹からの流れが元に戻ったみたいです <PART> 〓かな未来には この地も〓〓れる地になるかも知れませんね,"O fluxo da árvore-mundo voltou ao normal.<PART>
---
No futuro, esta terra pode estar cheia de natureza e vida.",,duplicate
1,195,1159,203,70364,,,,Ehrde,"You think that everyone should serve you.
I loathe your kind. <PART>
---
Don't think that everyone out there
will happily kiss your feet!",他人が自分に従う事を 当然と思っているそんな貴様らの考えには 虫〓が〓る <PART> 誰も彼もが貴様らにつき従うと思ったら大間違いだ！,"Você acha que todos devem te servir.
Eu detesto gente assim.<PART>
---
Não pense que todos por aí vão beijar seus pés com prazer!",,duplicate
1,196,1159,204,70472,,,,Mithra,"I am truly grateful for the purification of
my soul and the materialization of my body. <PART>
---
Experiencing many battles with you, I was
able to regain at least half of my powers. <PART>
---
Though Midgard is at the height of chaos,
I believe I can manage to make a living.",〓化した魂の力により我が肉体をマテリアライズしてくださった事 感謝しております <PART> あなた方との旅において 〓多の戦いを〓〓しかつての力の大半は取り戻しました <PART> 今も地上は混乱の極みにありますが生活するのに困りはせぬでしょう,"Sou realmente grato pela purificação da minha alma e pela materialização do meu corpo.<PART>
---
Vivenciando muitas batalhas com vocês, consegui recuperar ao menos metade dos meus poderes.<PART>
---
Embora Midgard esteja no auge do caos, acredito que consigo me virar.",,duplicate
1,197,1159,205,70580,,,,Aegis,"Know the opponent, but don't let them
know you. That's the secret to winning. <PART>
---
In my past life, I hid the fact that I
was quite a skilled magic user.",相手を知る事 そして自分を知られない事が戦いに勝つ秘〓さ <PART> 前世において 俺が魔法を使える事を隠し通したようにな,"Conheça o oponha, mas não se deixe ser conhecido. Esse é o segredo para vencer.<PART>
---
Na minha vida passada, escondi o fato de que era um usuário de magia bem habilidoso.",,duplicate
1,198,1159,206,70688,,,,Psoron,"The future of the gods and the undead merely
holds the decay of the spirit over time. <PART>
---
Without Idun's apples, not even the gods
can cheat time. <PART>
---
The spirits of humans are far weaker than
those of the gods and the undead. <PART>
---
A life of eternity for a mortal would
only end in great suffering.",神も不死者も 行き着く先に見えるのは時による精神の風化 <PART> イズンの〓〓なくしては 神といえども時には勝てやしない <PART> ましてや人という存在は 神よりもそして不死者よりも その精神は〓い <PART> 人が永遠を求めるのは それだけで大いなる不幸となるのさ …覚えておけよ,"O futuro dos deuses e dos mortos-vivos só guarda a decadência do espírito ao longo do tempo.<PART>
---
Sem as maçãs de Idun, nem os deuses podem enganar o tempo.<PART>
---
Os espíritos dos humanos são muito mais fracos que os dos deuses e dos mortos-vivos.<PART>
---
Uma vida de eternidade para um mortal só terminaria em grande sofrimento.",,duplicate
1,199,1159,207,70796,,,,Khanon,"How pathetic. The gods can't even
slaughter one Battle Maiden. <PART>
---
Their powers are nothing like
I thought they were...",反逆者たる戦乙女ごときを滅せぬとは神々も存外 情けない <PART> 期待外れも〓だしいわ,"Que patético. Os deuses nem conseguem massacrar uma Donzela de Batalha.<PART>
---
Os poderes deles não são nada do que eu imaginava...",,duplicate
1,200,1159,208,70904,,,,Farant,"A body, soul, and spirit is everything.
It is what the world is composed of. <PART>
---
A god is an entity without a body, but with
an eternal soul and spirit conjoined. <PART>
---
An undead is an entity with no soul, but only
a body controlled by strong spirit. <PART>
---
A human is a trifling entity whose body holds
a soul, and whose fragile spirit fades with death. <PART>
---
This I can say with...with...confidence...!",肉体と魂と精神 この三者こそが全てであり世界の有り様そのもの <PART> 肉体を持たぬ 精神と一体化した永遠の魂それこそが神 <PART> 魂を捨て去り 強力な精神により肉体を〓るそれが不死者 <PART> そして 死と共に失われる〓ろな精神しか持たず肉体に魂を宿らせる仮初めの存在 それが人 <PART> ここまでは間違いない…はずだ！,"Corpo, alma e espírito são tudo.
É com o que o mundo é composto.<PART>
---
Um deus é uma entidade sem corpo, mas com alma eterna e spirit e juntos.<PART>
---
Um morto-vivo é uma entidade sem alma, só um corpo controlado por um espírito forte.<PART>
---
Um humano é trivial: corpo com alma, espírito frágil que se vai com a morte.<PART>
---
Posso dizer isto com... com... confiança...!",,duplicate
1,201,1159,209,71012,,,,Xehnon,"Odin is spreading the seeds of chaos
in Midgard. <PART>
---
The manuscript in my hands
is an example of one of those seeds. <PART>
---
It was filled with the intent
and power of the lord god. <PART>
---
I tried to unify Midgard using that power
to end the days of war on this land...",オーディンは このミッドガルドの地に戦乱を生み出すため 数多の〓を〓いている <PART> 俺が捕らわれた〓本もまたその一つだ <PART> あれにもまた 主神の意思と力の一部が埋め込まれていたのさ <PART> その力を利用して ミッドガルドを統一し戦乱の日々を終わらせようとしたんだけど…ね,"Odin está espalhando as sementes do caos em Midgard.<PART>
---
O manuscrito em minhas mãos é um exemplo de uma dessas sementes.<PART>
---
Estava cheio da intenção e do poder do deus senhor.<PART>
---
Tentei unificar Midgard usando esse poder para encerrar os dias de guerra nesta terra...",,duplicate
1,202,1159,210,71120,,,,Alm,"Just because I was born with a deformity,
I didn't want to hide in my brother's shadow. <PART>
---
I was the only one who could uphold
Paltierre. Only me. <PART>
---
That's why...",異形の姿で生まれたこの俺が 能力においても兄に〓っているだなどと認められるか！ <PART> 俺がパルティアを支えねばならなかった他の誰でもない この俺がだ <PART> だからこそ俺は…,"Só porque nasci com uma deformidade, não queria ficar na sombra do meu irmão.<PART>
---
Eu era o único que podia sustentar Paltierre. Só eu.<PART>
---
Por isso...",,duplicate
1,203,1159,211,71228,,,,Seluvia,"Although I am used to chasing monsters,
I am not used to being chased. <PART>
---
There is so much to prepare for
such a thing.",魔物を追うのはいいのですが追われる側に回るのはどうも… <PART> 準備とか覚悟とか 色々と必要なものがありますから,"Estou acostumada a perseguir monstros, mas não a ser perseguida.<PART>
---
Há tanto o que preparar para algo assim.",,duplicate
1,204,1159,212,71336,,,,Masato,"Trusting too easily exposes one to betrayal.
However, trust is a part of human nature. <PART>
---
I only speak the nonsense of one who was
betrayed by a dear friend. Forgive me.",無〓に人を信じれば 裏切られるだが信じる事を忘れれば 人は人では無くなる <PART> 最大の〓に裏切られた男の〓言だ聞き流してくれて 構わないさ,"Este é o lugar para mim.<PART>
---
Alguém como eu não deveria almejar a glória como almejei na vida passada.",,duplicate
1,205,1159,213,71444,,,,Woltar,"I belong in a place like this. <PART>
---
Someone such as myself should not aim
for glory as I did in my past life.",こんな場所こそが この俺にはお似合いだ <PART> 俺のような人物が光を求めた事それが前世での過ちさ,"Fui escolhido como einherjar por capricho dos deuses.<PART>
---
Não precisa se preocupar com alguém como eu te servindo de novo.",,duplicate
1,206,1159,214,71556,,,,Lwyn,"You're too good-natured. <PART>
---
What's going on in the heavens isn't
your business. <PART>
---
You should let the people responsible
sort it out for themselves!",アンタは 木ントお人よしなんだから… <PART> 上の世界でのイザコザなんて勝手にやらせとけばいいのに <PART> 自分達で 責任取るのがスシってものでしょ！？,"Você é boa demais.<PART>
---
O que se passa nos céus não é da sua conta.<PART>
---
Devia deixar os responsáveis resolverem por si mesmos!",,duplicate
1,207,1159,215,71664,,,,Jessica,"Um, may I ask a question?
Where do babies...um... <PART>
---
......
.........",あの…そういえば 〓ちゃんって…… <PART> …… ………… …… ……,"Com licença, posso fazer uma pergunta? Bebês... quer dizer...<PART>
---
......
.........",,duplicate
1,208,1159,216,71772,,,,Richelle,"Many of my soldiers died in vain.
I could do nothing for them. <PART>
---
If I only had the strength to do
something then...and now.",一緒に殺された部下は さぞ無念であったでしょう私には何もできませんでした <PART> あの時も 今も 私が無力でさえなければ…,"Muitos dos meus soldados morreram em vão.
Nada pude fazer por eles.<PART>
---
Se eu tivesse ao menos a força para fazer alguma coisa então... e agora.",,duplicate
1,209,1159,217,71880,,,,Fraudir,"I wouldn't be of much help on
the battlefield... <PART>
---
But there has to be something
I can do to assist you.",私ごときの腕では もはや足手まとい… <PART> ですが 戦場ならずとも何かできる事はありましょう,"Não seria de muita ajuda no campo de batalha...<PART>
---
Mas deve haver algo que eu possa fazer para te ajudar.",,duplicate
1,210,1159,218,71988,,,,Celes,"I see traces of my older brother
in you. <PART>
---
I was nothing but a nuisance to you.
I hope he isn't too angry about that.",そう言えば 貴方には兄さんの面影があるわね <PART> 私がずいぶんと迷惑をかけたからきっと怒ってばっかりだったんだろうな,"Vejo traços do meu irmão mais velho em você.<PART>
---
Eu só atrapalhava. Espero que ele não esteja com raiva por isso.",,duplicate
1,211,1159,219,72096,,,,Crescent,"What about you?
Are you unhappy with your fate?",アンタはどうなの？自分で自分の事を 不幸だと思ってる？,"E você?
Está infeliz com o seu destino?",,duplicate
1,212,1159,220,72204,,,,Sylphide,"I don't know if this new power
is pure or sinister. <PART>
---
All I know is, it will cause change.
That is what terrifies me.",この新たな力が 正なるものか邪なるものかは分かりません <PART> ですが 新しい力は 変化を生みます私には それが恐ろしい…,"Não sei se este poder novo é puro ou sinistro.<PART>
---
Sei apenas que vai causar mudanças. E é isso que me apavora.",,duplicate
1,213,1159,221,72312,,,,Tyrith,"Huh?
I'm making a decent living. <PART>
---
But maybe I should just get married
while I still have my looks.",ん！？別に 食うには困っとらんよ <PART> 〓求〓求になって動けなくなる前に誰かをゲットせにゃならんけど,"Hã?
Estou me virando razoavelmente bem.<PART>
---
Mas talvez eu devesse casar enquanto ainda tenho meu charme.",,duplicate
1,214,1159,222,72420,,,,Circe,"Some things have changed, and others
have not. <PART>
---
Some places have evolved, while others
have regressed. <PART>
---
That's the essence of humans.
We're not gods, after all.",変わってるところもあれば変わっていないところもある <PART> 進んでいるところは多いけど逆に戻っているところもある <PART> それが人間私達は神様なんかじゃないんだから,"Algumas coisas mudaram, e outras não.<PART>
---
Alguns lugares evoluíram, enquanto outros regrediram.<PART>
---
Essa é a essência dos humanos. Não somos deuses, afinal.",,duplicate
1,215,1159,223,72528,,,,Rasheeka,"I know why the water holes have dried up. <PART>
---
The flow of the world tree has changed
its course. <PART>
---
This town won't survive long. We should build
a new town half a day's walk from here.",水場が〓れた理由は〓単 <PART> 世界樹からの流れが歪んでこの街を大きく外れてしまったのよ <PART> だからもう この街を復興させる事は無理半日進んだ場所に新しい街を作った方が早いわね,"Sei por que as fontes de água secaram.<PART>
---
O fluxo da árvore-mundo mudou de curso.<PART>
---
Esta cidade não vai sobreviver muito. Melhor construir uma nova a meio dia de caminhada.",,duplicate
1,216,1159,224,72636,,,,Falx,"The humans and the undead will continue
to fight until one perishes. <PART>
---
I swear to stand by people until
my body can't take it anymore.",人と不死者は争うさどちらかが滅びるまで 永遠にな <PART> そして俺は人の側に立つこの体が動かなくなるまでだ,"Os humanos e os mortos-vivos vão continuar brigando até que um pereça.<PART>
---
Juro ficar ao lado do povo até que meu corpo não aguente mais.",,duplicate
1,217,1159,225,72744,,,,Gerald,"The monsters have been acting strange recently.
Could this be an omen of a change to come?",最近 魔物どもの行動が乱れてきております世界に大きな変化が訪れる前〓でしょうか？,"Os monstros estão agindo estranho ultimamente.
Será isso um presságio de mudanças por vir?",,duplicate
1,218,1159,226,72852,,,,Guilm,"Do not think too hard about this.
You must do what you desire.",難しい事は考えめさるな王女殿下は王女殿下のお好きなように生きられよ,"Não pense demais sobre isso.
Faça o que seu coração deseja.",,duplicate
1,219,1159,227,72960,,,,Roland,"For peace in Midgard...
For the suffering people... <PART>
---
Princess Alicia, I'm asking you to spend
the rest of your life changing the world. <PART>
---
Only you have the power to do so.
I will be very persistent, if I must.",ミッドガルドの平和のため…戦乱に〓ぐ人々のために <PART> アリーシャ王女の 残りの人生すら投げ出せと私は申し上げているのです <PART> 誰でも良いわけではない 貴方である必要があるならば私は 〓にもなりましょう,"Pela paz em Midgard...
Pelo povo que sofre...<PART>
---
Princesa Alicia, peço que gaste o resto da sua vida mudando o mundo.<PART>
---
Só você tem esse poder.
Serei muito persistente, se necessário.",,duplicate
1,220,1159,228,73068,,,,Ehlen,"May I ask what you thought of me,
Princess Alicia? <PART>
---
A good friend? A family member?
Or merely a nuisance...?",アリーシャ王女にとって私達はどんな存在であった？ <PART> 〓しき〓か？ 愛すべき子どもか？それとも余計な〓き物かな？,"Permita-me perguntar o que você pensou de mim, Princesa Alicia?<PART>
---
Uma boa amiga? Uma familiar?
Ou apenas um estorvo...?",,duplicate
1,221,1159,229,73176,,,,Adonis,"If they fall, stab them.
After that, thrust and plunge. <PART>
---
Remember, a moment of hesitation
can cost you your life.",倒れたら〓せ！〓したら〓れ！ <PART> 一瞬でも ためらったらやられてるのが お前になるだけだぜ,"Se eles caírem, apunhala. Depois, perfura e enterra.<PART>
---
Lembre-se: um momento de hesitação pode custar sua vida.",,duplicate
1,222,1159,230,73284,,,,Aaron,"I would rather keep busy than
spend my days doing nothing. <PART>
---
I suppose I should be grateful
I have a job.",俺にとっては 忙しすぎるくらいで〓度いいって事か… <PART> いや 働いてはいるんだぜこう見えてもな,"Prefiro estar ocupado a passar os dias sem fazer nada.<PART>
---
Acho que devo ser grato por ter um trabalho.",,duplicate
1,223,1159,231,73392,,,,Dyn,"Few people can continue without a purpose. <PART>
---
Without the heavens, inequality would be born,
and it would continue to grow. <PART>
---
It is the same with the underworld.
Both worlds are actually extremely essential.",目〓なくして進める人は多くは無い <PART> 天界が存在しなければ 人々の間に差が生まれその差が広がり続ける <PART> 冥界もまた同じ事それそのものは必要悪だと言えるでしょう,"Poucos conseguem continuar sem um propósito.<PART>
---
Sem os céus, a desigualdade nasceria e continuaria a crescer.<PART>
---
O mesmo vale para o submundo. Ambos os mundos são, na verdade, extremamente essenciais.",,duplicate
1,224,1159,232,73500,,,,Kraad,"This can't be good for me.
I should start training again.",これ以上は 流石にマズイか…また トレーニングを始めないと,"Isso não pode ser bom pra mim.
Preciso voltar a treinar.",,duplicate
1,225,1159,233,73608,,,,Zunde,"Don't forget my words!
Seize every opportunity! <PART>
---
Run towards your future!
Don't look back! Comprende?",〓ぶんだ！ 足〓くんだ！とにかく何かをしてみるんだよ！！ <PART> 足を止めるな 〓を流せ！ダッシュ！ ダッシュだ！！ 〓〓！？,"Não esqueça das minhas palavras!
Agarra cada oportunidade!<PART>
---
Corre para o seu futuro!
Não olhe para trás! Capisce?",,duplicate
1,226,1159,234,73716,,,,Atrasia,"It was not the work of the undead
that destroyed my tribe. <PART>
---
That powerful magic could only be
unleashed by our protectors, the gods. <PART>
---
However, I am thankful for one thing <PART> ---- <PART>
they allowed my child to live.",アタシ達の部族が滅びたのは不死者のせいじゃないわ <PART> あの不安定で強力な魔力は 間違いなくアタシに加護を与えていた 神本人のものだった <PART> ただ… 蘇ったあの子を 殺さないでいてくれた事には感謝してる,,,duplicate
1,227,1159,235,73824,,,,Phyress,"Do what you want now. Don't let yourself
be dragged into anything.",まぁ こっから先は好きにやったら？しょ～じき ほっときなさいって気持ちはあるけど,Faz o que quiser agora. Não se deixe levar por nada.,,duplicate
1,228,1159,236,73932,,,,Chrystie,"I don't know how, but I will!
Just you wait and see!",何とかは何とかよ！今に見てなさい 目にモノ見せてくれるんだからっ,"Não sei como, mas vou!
Só espera pra ver!",,duplicate
1,229,1159,237,74040,,,,Sha-kon,"Truth doesn't exist.
...Maybe that's what truth is. <PART>
---
Oh well, whatever.
I'm tired of thinking about it.",真理なんてどこにも無い…ある意味これも真理になるのかしら？ <PART> どーでもいいか面倒だし,"A verdade não existe.
...Talvez seja isso que é a verdade.<PART>
---
Ah, tanto faz.
Cansei de pensar nisso.",,duplicate
1,230,1159,238,74148,,,,Lylia,"In my past life, I took my own life,
leaving my daughter behind. <PART>
---
There are no words of apology that
will make up for what I did.",前回の生では 私は まだ幼い娘を残してこの命を絶ってしまいました <PART> 母として あの子に〓びる言葉が見当たりません,"Há uma coisa que continuo lamentando...
Tirei minha própria vida, deixando minha filha para trás.<PART>
---
Não há palavras de perdão que compensem o que eu fiz.",,duplicate
1,231,1159,239,74256,,,,Lydia,"In my past life, I was always alone.
I have gotten used to it.",前世では 死ぬまでずっと一人だったし別に今更 どうって事も無いわよ,"Na minha vida passada, sempre estive sozinha.
Já me acostumei.",,duplicate
1,232,1159,240,74364,,,,Sophalla,"Have I told you that I was raised
by the bandit guild? <PART>
---
The man who later became my husband
was actually one of my targets. <PART>
---
He was a man with too much trust and honesty.
I told him who I was, and yet... <PART>
---
I fell for him right away.
That's when my life took a turn.",私が昔 盗賊ぎルドの〓殺者として〓てられた話はしたかしら？ <PART> 実は夫も ターゲットの一人だったの <PART> けど 〓〓正直で 疑う事を知らなくて私は〓殺のために近づいたんだって言ったのに… <PART> あれは反〓よねおかげで人生が変わってしまったわ,"Já te contei que fui criada pela guilda de bandidos?<PART>
---
O homem que depois se tornou meu marido era na verdade um dos meus alvos.<PART>
---
Era honesto e confiava demais. Contei a ele quem eu era, e mesmo assim...<PART>
---
Me apaixonei por ele na hora.
Foi quando minha vida mudou.",,duplicate
1,233,1159,241,74472,,,,Millidia,"I wish to do something to make
the world a better place. <PART>
---
What do you think I should do?",とりあえず 世の中のために何かをしたいと思っているんですけれど <PART> アリーシャ様は 何がいいと思います？,"Desejo fazer algo para tornar o mundo um lugar melhor.<PART>
---
O que você acha que eu deva fazer?",,duplicate
1,234,1159,242,74580,,,,Arcana,"The flow of the world tree has
returned to normal. However... <PART>
---
It'll take time for the world to recover.
We can't save this town from destruction.",〓れていた世界樹からの流れが元に戻ったようです <PART> ですが 世界が正常に戻るには時間がかかりますこの街が滅びる事自体は 止められないでしょう,"O fluxo da árvore-mundo voltou ao normal. Porém...<PART>
---
Vai levar tempo até que o mundo se recupere.
Não podemos impedir esta cidade de ser destruída.",,duplicate
1,235,1159,243,74688,,,,Ehrde,"Don't think that just because you're a god,
everyone should serve you.",神の名さえ出せば 誰も彼もが喜んで従うと思ったら 大間違いだ,"Não ache que só porque você é um deus, todos devem te servir.",,duplicate
1,236,1159,244,74796,,,,Mithra,"This body of mine shall perish when
the connection with the soul diminishes. <PART>
---
That will be the end of my new life. <PART>
---
When that times comes, I shall
face another death.",マテリアライズされたこの肉体が滅びるのは時により肉体と精神との繋がりが風化した時 <PART> それが新たなる生の終わり <PART> その時に私は 二度目の死を迎える事となるでしょうな,"Este meu corpo vai perecer quando a conexão com a alma diminuir.<PART>
---
Esse será o fim da minha nova vida.<PART>
---
Quando esse momento chegar, encararei outra morte.",,duplicate
1,237,1159,245,74904,,,,Aegis,"If it looks like you're losing, you can always
do something to change the flow. <PART>
---
I'm not talking about the ocean current,
I'm talking about life.",流れが悪かったら 自力で変えればいいただ待ってたって 時間を無駄にするだけさ <PART> ん？ 海流の話じゃないぞ人生の話…だ,"Se parecer que você está perdendo, sempre pode fazer algo para mudar o rumo.<PART>
---
Não estou falando de correntes marítimas, estou falando da vida.",,duplicate
1,238,1159,246,75012,,,,Psoron,"Humans have found the path to become undead.
A path to become a god may also exist. <PART>
---
However, neither path is to my liking. <PART>
---
...What? This is my truth.
Why do you laugh?",人が不死者になる道は解明〓みだ神になる道があって 何の不思議も無いよな <PART> ただ どちらの道も 俺には〓力的に見えないだけだ <PART> なんだ！？ 俺が真面目な話をしてるのがおかしいだと？,"Os humanos acharam o caminho para se tornar mortos-vivos. Um caminho para virar deus também pode existir.<PART>
---
Porém, nenhum dos dois caminhos me atrai.<PART>
---
...Hã? Esta é a minha verdade. Por que ri?",,duplicate
1,239,1159,247,75120,,,,Khanon,"The god of a mortal body <PART> ---- <PART>
the Battle Maiden <PART> ---- <PART> is a nuisance. <PART>
---
Were it not for her, in both my
past life and in this one, <PART>
---
I could have been ruler of the world!",神でありながら人の身を持つ戦乙女こそが 我が野望の〓害 <PART> 戦乙女の存在さえ この世に無くば前世においても 今世においても <PART> この私が世界の主となれたものを,"O deus de um corpo mortal<PART> ---- <PART>
a Donzela de Batalha<PART> ---- <PART>
é um estorvo.<PART>
---
Se não fosse por ela, tanto na minha vida passada quanto nesta,<PART>
---
eu poderia ter sido o governante do mundo!",,duplicate
1,240,1159,248,75228,,,,Farant,"A body, soul, and spirit cannot exist alone.
No entity is comprised of all three. <PART>
---
A human with a true spirit, an undead with
a soul, and a god with a body... <PART>
---
None of these exist, as they contradict
their presence. <PART>
---
Myself and you, Princess Alicia, are the
only exceptions.",肉体と魂と精神 これらは単独では存在できないまた三者を〓ね揃えた 完全なる者も存在しない <PART> 真なる精神を見つけた人 魂を持った不死者そして肉体を得た神 <PART> そのどれもが 〓の存在を否定するがために存在する事はない <PART> 唯一の例外があるとすれば俺達の存在とアリーシャ王女 貴方か…,"Corpo, alma e espírito não podem existir sozinhos.
Nenhuma entidade é composta pelos três.<PART>
---
Humano com espírito verdadeiro, morto-vivo com alma, deus com corpo...<PART>
---
Nenhum existe, pois contradizem sua própria presença.<PART>
---
Eu e você, Princesa Alicia, somos as únicas exceções.",,duplicate
1,241,1159,249,75336,,,,Xehnon,"I used that power to challenge
the gods of Valhalla. <PART>
---
I took with me the leader of Rosetta, Demigod Ehlen,
Crescent, and Warrior Princess Celes. <PART>
---
Many friends fought beside me
as they believed in my cause. <PART>
---
However, it turns out that was all
part of Odin's plan.",かつて俺もまた 神々の力を得てヴァルハラに挑んだ事があった <PART> ロゼッタ国王に 天眼のエーレンクレセント そして〓鉄姫セレス… <PART> 多くの仲間が俺の理想に共感し共に戦ってくれた <PART> それもまた オーディンによる〓〓の内であったのだけれど,"Usei esse poder para desafiar os deuses de Valhalla.<PART>
---
Levei comigo o líder de Rosetta, o Semideus Ehlen, Crescent e a Princesa Guerreira Celes.<PART>
---
Muitos amigos lutaram ao meu lado pois acreditavam na minha causa.<PART>
---
Porém, no fim, tudo fazia parte do plano de Odin.",,duplicate
1,242,1159,250,75444,,,,Alm,"Paltierre doesn't exist anymore. Not even
in people's minds, or even in history. <PART>
---
What was I fighting for?
I feel so...empty.",もはやパルティアも もう無い人々の記憶にも歴史にも 何も残されてはいない <PART> 俺の戦いは何であったのか何もかもが〓しい…,"Paltierre não existe mais. Nem na memória das pessoas, nem na história.<PART>
---
Pela qual eu lutava?
Me sinto tão... vazio.",,duplicate
1,243,1159,251,75552,,,,Seluvia,"I know it is important to make
the first move in battles. <PART>
---
However, I always seem to be
the one getting ambushed... <PART>
---
How about you?
How do you deal with things? <PART>
---
",勝負事では 先手を取るのが大事それは分かってはいるのですが <PART> どうにも後手に回る事が多くて… <PART> アリーシャ様はどうですか？待っている時の気分は？,"Sei que é importante agir primeiro nas batalhas.<PART>
---
Mas eu sempre acabo sendo emboscada...<PART>
---
E você? Como lida com as coisas?<PART>
---
",,duplicate
1,244,1159,252,75660,,,,Masato,"This is what I have learned in the past:
Women are not to be trusted.",俺が前世で学んだ事をまとめると『女ってのは分からん』 ただそれだけだ,"Fui expulso do meu país. Não tenho casa.
Ando por aí, procurando uma terra pacífica para chamar de lar.",,duplicate
1,245,1159,253,75768,,,,Woltar,"Even a dazzling light in darkness
will eventually disappear, <PART>
---
most likely leaving nothing behind...",〓き光に〓らされた〓はただ消え去るのみ <PART> 後に残るものはあるのだろうか…,"Mesmo uma luz ofuscante na escuridão eventualmente desaparece,<PART>
---
provavelmente não deixando nada para trás...",,duplicate
1,246,1159,302,75880,,,,Lwyn,Here. Take this and cheer up!,これ上げるからさ 元気だしなよね！,Toma. Fica com isto e anima!,,duplicate
1,247,1159,303,75988,,,,Jessica,"Please accept this as a token
of gratitude.",どうかこれをお受け取りください私からの感謝の気持ちです,"Por favor, aceite isto como prova da minha gratidão.",,duplicate
1,248,1159,304,76096,,,,Richelle,"I cannot fight beside you anymore.
Please take this. It is the least I can do.",今の私ではお力になれませんがせめてこれをお受け取りください,"Já não posso lutar ao seu lado.
Por favor, aceite isto. É o mínimo que posso fazer.",,duplicate
1,249,1159,305,76204,,,,Fraudir,"Please take this. It's my way
of saying thanks.",どうかこれをお納めください私を選定してくださった事への礼です,"Por favor, aceite isto. É meu modo de dizer obrigado.",,duplicate
1,250,1159,306,76312,,,,Celes,"Here, take this.
It should be useful on your journey.",コレを持って行きなさい何かの足しにはなるでしょう,"Toma, fica com isto.
Deve ser útil na sua jornada.",,duplicate
1,251,1159,307,76420,,,,Crescent,Don't say a word and just take this!,とにかく 黙って受け取りなさいよ！,Não diz nada e aceita logo isto!,,duplicate
1,252,1159,308,76528,,,,Sylphide,"I don't have the power to help you anymore.
This is all I can do for you now.",私にはもう貴方様のお役に立てる力はありませんですが せめてこれだけでもお受け取りください,"Não tenho mais poder para te ajudar.
Isto é tudo que posso fazer por você agora.",,duplicate
1,253,1159,309,76636,,,,Tyrith,"Since you came all the way out here,
take this as a souvenir.",ああ！  そうそう〓角きてたんだから土産土産！ これ渡さんと！,"Já que você veio até aqui, aceita isto como lembrança.",,duplicate
1,254,1159,310,76744,,,,Circe,"Take this with you.
It's one of my best ones yet!",コレを持っていってよ私の最高〓作の一つよ,"Fica com isto.
É um dos meus melhores!",,duplicate
1,255,1159,311,76852,,,,Rasheeka,"It must have been a long journey to get
here. It's not much, but please take this.",…そうだ せっかく来てくれたんだから大した物じゃないけど これを渡しておくわ,"Deve ter sido uma viagem longa até aqui. Não é muito, mas aceita isto.",,duplicate
1,256,1159,312,76960,,,,Falx,"Take this with you.
It should come in handy.",こいつを持っていけ何かには使えるだろ,"Fica com isto.
Vai ser útil.",,duplicate
1,257,1159,313,77068,,,,Gerald,"I have something for you. Please accept
this as a token of my gratitude.",そうだ これを貴方に…私の気持ちとお思いください,"Tenho algo para você. Por favor, aceite como prova da minha gratidão.",,duplicate
1,258,1159,314,77176,,,,Guilm,"Please, take this with you.
It will be of some help on your journey.",どうかこれをお持ちください何かの役に立つかもしれませぬ,"Por favor, leva isto contigo.
Pode te ajudar na jornada.",,duplicate
1,259,1159,315,77284,,,,Roland,"Take this. I think it will be of
some help on your journey.",アリーシャ様 どうかこれを…少しでもお役に立てば幸いです,Aceita isto. Acho que vai ajudar na sua jornada.,,duplicate
1,260,1159,316,77392,,,,Ehlen,"Will you be kind enough to accept this?
One can never have too much money. <PART>
---
I was taught this a long time ago.",よければコレを貫ってくれないか？金は〓らあっても困りはしない <PART> 生前に それを教えてくれた者が居てね,"Aceitaria receber isto?
Nunca se tem dinheiro demais.<PART>
---
Foi algo que me ensinaram há muito tempo.",,duplicate
1,261,1159,317,77500,,,,Adonis,Take this and get outta here!,コイツを恵んでやるから早く消えな！,Aceita isto e cai fora daqui!,,duplicate
1,262,1159,318,77608,,,,Aaron,"It is not much, but please take this.",…そうだ コレを持っていくといい子ども騙しみたいな物だが,"Não é muito, mas aceita isto.",,duplicate
1,263,1159,319,77716,,,,Dyn,"I don't know if this will come in handy,
but please, take this.",役に立つかどうかわかりませんが…これを貴方に,"Não sei se isto vai ser útil, mas aceita, por favor.",,duplicate
1,264,1159,320,77824,,,,Kraad,This should come in handy sometime.,コイツはきっと役に立つはずだ,Isto deve ser útil em algum momento.,,duplicate
1,265,1159,321,77932,,,,Zunde,"Here, take this! This should get you
energized like I am!",そうだ！ この俺の元気を少しわけてやるぜ！コレコレ これやるよ！,"Toma, isto aqui! Vai te dar energia igual a mim!",,duplicate
1,266,1159,322,78040,,,,Atrasia,"I had saved something for you in the chance
we met again. Please accept this.",貴方にまた会えたら 渡そうと思っていた物があるの 貫ってくれるかしら？,"Eu tinha guardado algo para você caso nos víssemos de novo. Por favor, aceite.",,duplicate
1,267,1159,323,78148,,,,Phyress,"Oh, I almost forgot! <PART>
---
You came all the way here. I can't let
you leave without giving you something.",あ！？ そうそう！ <PART> せっかく来てくれたんだし 年上の〓〓としてはお土産をあげないと いけないわよね,"Ah, quase esqueci!<PART>
---
Você veio até aqui. Não posso te deixar ir embora sem te dar algo.",,duplicate
1,268,1159,324,78256,,,,Chrystie,"Ummm... Oh, yeah!
I wanted to give you this.",ん～ あ！ そーだ！コレあげようと思ってたんだ！,"Hmmm... Ah, é!
Queria te dar isto.",,duplicate
1,269,1159,325,78364,,,,Sha-kon,"Since you came to see me,
I'm giving you this!",そーだ！〓角来たんだから コレを持ってって,"Já que você veio me ver, fica com isto!",,duplicate
1,270,1159,326,78472,,,,Lylia,"I have something for you.
I hope you will accept it.",そうそう コレを渡そうと思っていたんです貫って頂けますか？,"Tenho algo para você.
Espero que aceite.",,duplicate
1,271,1159,327,78580,,,,Lydia,"It seems you are still going through
rough times. Take this.",それにしても 貴方は変わらず大変そうね仕方ない コレをあげるわ,Parece que você ainda está passando por tempos difíceis. Toma isto.,,duplicate
1,272,1159,328,78688,,,,Sophalla,"Let me give you something. I hope it
will be of some help.",貴方にコレをあげるわ少しでも役に立てば良いのだけど,Deixa eu te dar algo. Espero que seja útil.,,duplicate
1,273,1159,329,78796,,,,Millidia,"I wish to thank you for giving me hope.
This is a mere token of my gratitude.",これは私に 生きる望みを与えてくれたお礼ですどうかお役に立ててください,"Quero te agradecer por me dar esperança.
Isto é apenas um sinal da minha gratidão.",,duplicate
1,274,1159,330,78904,,,,Arcana,"Why don't you take this? You came all
the way here to see me.",せっかく会いに来てくれたのだからコレくらいのお礼は…ね,Aceita isto? Você veio até aqui só para me ver.,,duplicate
1,275,1159,331,79012,,,,Ehrde,"I'll give you this, if you'll just
get outta my sight!",コイツをやるから俺の前からさっさと消えるんだな！,"Vou te dar isto, se você sair da minha frente!",,duplicate
1,276,1159,332,79120,,,,Mithra,"This is a mere token of my appreciation.
Please take this with you.",これは せめてもの礼ですお納め頂ければ幸いにございます,"Isto é apenas um sinal da minha gratidão. Por favor, aceita.",,duplicate
1,277,1159,333,79228,,,,Aegis,"Oh, I almost forgot.
This is for you.",ああ そうだアンタにはコレをやろう,"Ah, quase esqueci.
Isto é para você.",,duplicate
1,278,1159,334,79336,,,,Psoron,"This is for you. You are the reason
I am able to continue my research.",アンタにはコレをやるよこうして研究を続けられるのはアンタのおかげだ,Isto é para você. Você é o motivo pelo qual consigo continuar minha pesquisa.,,duplicate
1,279,1159,335,79444,,,,Khanon,"Take this with you. <PART>
---
Use it with good intentions or bad
intentions. It is up to you.",これを持っていくがいい <PART> 毒にするも〓にするも 我の関する所に在らず全ては貴様次第だ,"Leva isto contigo.<PART>
---
Usa com boas intenções ou más. Fica a seu critério.",,duplicate
1,280,1159,336,79552,,,,Farant,"I almost forgot.
This is for you.",ああ 忘れてたこれを渡そうと思ってたんだ,"Quase esqueci.
Isto é para você.",,duplicate
1,281,1159,337,79660,,,,Xehnon,"Take this with you.
I hope it will be of some help.",そうだ コレを持っていくといい少しでも役に立てば良いんだが…,"Leva isto contigo.
Espero que seja útil.",,duplicate
1,282,1159,338,79768,,,,Alm,"Take this.
Use it however you want.",……持っていけ好きに使うといい,"Leva isto.
Usa como quiser.",,duplicate
1,283,1159,339,79876,,,,Seluvia,"I have something that may be useful.
Please, take this.",そうだ お役に立つかどうかわかりませんがこれをお持ちください,"Tenho algo que pode ser útil.
Por favor, leva isto.",,duplicate
1,284,1159,340,79984,,,,Masato,"I don't have the strength to help you.
This is all I have to give. <PART>
---
",もう 俺にアンタを助ける力は無いが…代わりに コレを受け取ってくれ,"Não tenho força para te ajudar.
Isto é tudo que tenho para dar.<PART>
---
",,duplicate
1,285,1159,341,80092,,,,Woltar,I think you can make use of this.,これを持っていくといい いつか役に立つだろう,Acho que você pode fazer uso disto.,,duplicate
1,286,1159,342,80204,,,,Lwyn,"Wow! Fancy meeting you here!
Maybe we're destined to be together! <PART>
---
...Looks like you're in no mood for jokes.
Are you having some rough times? <PART>
---
Life is full of ups and downs.
Keep your chin up.",あ うっそ こんな所で会うなんて！何これ 運命ってヤツ？ <PART> …って 喜んでる場合じゃなさそうねもしかして結構辛い目にあってたりする？ <PART> まあ ほら 人生山有り〓有りだしさあんまり思い詰めちゃダメよ,"Nossa! Que coincidência te encontrar aqui! Talvez o destino queira que fiquemos juntos!<PART>
---
...Pelo visto você não está pra brincadeira. Está passando por momentos difíceis?<PART>
---
A vida é cheia de altos e baixos. Não desanime.",,duplicate
1,287,1159,343,80312,,,,Jessica,"How are you all?
I'm the same as always.",皆様 お変わりありませんか？私は ご〓の通りです,Como vão todos? Eu estou bem como sempre.,,duplicate
1,288,1159,344,80420,,,,Richelle,"It is strange to be alive, when my life
has already ended once. <PART>
---
It is because I was chosen by Lady Silmeria
that I am able to speak to you in this way.",不思議ですね… こうしてまた息をしている私の生は 一度終えたはずですのに <PART> あの時 シルメリア様が選んでくださらなければこんなふうにお話をする事もできませんでした,"É estranho estar viva, quando minha vida já terminou uma vez.<PART>
---
É porque fui escolhida por Lady Silmeria que posso falar contigo assim.",,duplicate
1,289,1159,345,80528,,,,Fraudir,"Princess Alicia, it's been a long time. <PART>
---
I can't tell you how honored I was
to be able to fight beside you.",アリーシャ王女お久しぶりです <PART> あなた方と共に戦えた事はこの私の〓りです,"Princesa Alicia, faz tempo.<PART>
---
Nem sei dizer a honra que foi poder lutar ao seu lado.",,duplicate
1,290,1159,346,80636,,,,Celes,"I am here now, but I am
still a person of the past. <PART>
---
There is nothing I can teach the people
of this time. <PART>
---
The path you choose is your own,
whether it be right or wrong.",こうして生きてはいるけど 所詮私は過去の人間 <PART> 私のような亡霊が 今を生きる者達に言える事など何もないわ <PART> たとえそれが正しかろうと 間違っていようと選ぶのは 貴方達自身であるべきなのだから,"Estou aqui agora, mas continuo sendo uma pessoa do passado.<PART>
---
Não há nada que eu possa ensinar ao povo desta época.<PART>
---
O caminho que você escolhe é seu, seja ele certo ou errado.",,duplicate
1,291,1159,347,80744,,,,Crescent,"It's been a long time! There was something
I wanted to give you when I saw you again. <PART>
---
I have it right... Ummm...
I think I lost it... Maybe next time!",ひっさしぶりー！ 元気だった？会えたら渡そうと思ってた物があるのよ <PART> …ってあれ？ …うん？…あはははは ま また今度ね！,"Quanto tempo! Tinha algo que queria te dar quando te visse de novo.<PART>
---
Eu tenho aqui... Hmmm... Acho que perdi... Talvez na próxima!",,duplicate
1,292,1159,348,80852,,,,Sylphide,"Life is so peaceful, that the days we
fought together seem almost like a dream.",共に戦った日々が嘘のように今は穏やかな暮らしを送っております,A vida é tão pacífica que os dias em que lutamos juntos parecem quase um sonho.,,duplicate
1,293,1159,349,80960,,,,Tyrith,"Hello! How are you all?
You don't look too well. <PART>
---
I'm having a hard time too,
trying to make a decent living. <PART>
---
I'm also having a hard time trying to
convince people that I'm in history books. <PART>
---
Oh, well. At least I'm having fun!",あ！？ 元気？…じゃ なさそうか <PART> こっちは ま 苦労しつつも何とかやってるわ <PART> ウチが歴史書に〓ってる あのティリスです～なんて言っても どうせ誰も信じんからね <PART> 猫を被る必要ないしそのヘンは 気楽でええわ,"Opa! Como vão todos? Vocês não parecem muito bem.<PART>
---
Também estou tendo dificuldade pra me virar decentemente.<PART>
---
Também tá difícil convencer as pessoas de que eu sou aquela dos livros de história.<PART>
---
Bom, pelo menos estou me divertindo!",,duplicate
1,294,1159,350,81068,,,,Circe,"It's been a while.
It looks like you're having a rough time. <PART>
---
I have something for you.
Come visit again, alright?",久しぶりね相変わらず大変そうだけど <PART> アナタに渡したい物があるの良ければまた来て,"Quanto tempo!
Parece que você está numa fase difícil.<PART>
---
Tenho algo para você.
Volta aqui, tá?",,duplicate
1,295,1159,351,81176,,,,Rasheeka,"Alicia! I'm so glad to see you!
Welcome to my hometown, Kalstad. <PART>
---
There's not much to see, but please,
stay as long as you like.",アリーシャ！ 会えて嬉しいわ私の故〓カルスタッドへようこそ <PART> 何も無い砂まみれの街だけどねゆっくしりして行ってくれると嬉しいわ,"Alicia! Que bom te ver!
Bem-vinda à minha cidade natal, Kalstad.<PART>
---
Não há muito para ver, mas fica o tempo que quiser.",,duplicate
1,296,1159,352,81284,,,,Falx,"Oh, fancy meeting you here.
How bored are you? <PART>
---
If you have some time to spare,
you should use it to train. <PART>
---
",何だ アンタか…こんな所で会うなんて 余程暇なのか？ <PART> ほっつき歩いている時間があるなら少しでも剣技を磨くんだな,"Opa, que coincidência te encontrar aqui. Tá entediado?<PART>
---
Se tiver tempo sobrando, usa pra treinar.<PART>
---
",,duplicate
1,297,1159,353,81392,,,,Gerald,"I never thought we would meet again.
You look well, as always. <PART>
---
I am still a warrior, as you can see.
I have come to realize I have no other skills.",再びお会いできるとは…そちらは相変わらずのようですね <PART> 結局私は 剣を手放す事はできませんでしたもはや別の生き方を探せるほど 器用ではないので,"Jamais pensei que nos reencontraríamos.
Você está bem, como sempre.<PART>
---
Continuo sendo um guerreiro, como pode ver.
Percebi que não tenho outras habilidades.",,duplicate
1,298,1159,354,81500,,,,Guilm,"If it isn't the princess of Dipan.
It is I, Guilm. <PART>
---
I never thought I would meet a member of
Dipan's royal family again. Fate is an odd thing. <PART>
---
With the life I have been granted, I have decided
to help the people by wielding my sword.",おお ディパンの王女殿下かこのぎルムを憶えておいでですかな？ <PART> 時を〓て またディパンの王族に仕えるとは…運命とは不思議なものよ <PART> 貴方様から頂いた命 せめて民草のためにとこうして剣を振るっている次第,"Mas é a princesa de Dipan.
Sou eu, Guilm.<PART>
---
Jamais pensei que voltaria a ver alguém da realeza de Dipan. O destino é estranho.<PART>
---
Com esta vida que me foi concedida, decidi ajudar o povo empunhando minha espada.",,duplicate
1,299,1159,355,81608,,,,Roland,"When it is all over, please allow me to
become a vassal and serve you. <PART>
---
I know that you are the only one
worthy enough to serve in these times.",全てが終わった〓には この私が王女に仕え臣下の未〓に加わる事を お許しください <PART> 今この時代に 私が仕えるべき人物は貴方しか居ないと確信しております,"Quando tudo acabar, permita-me tornar-me seu vassalo e servi-la.<PART>
---
Sei que você é a única digna de servir nestes tempos.",,duplicate
1,300,1159,356,81716,,,,Ehlen,"I have not forgotten the days I fought
beside you. <PART>
---
Fighting against the gods must mean you
have many rough times ahead. <PART>
---
I truly wish I could present you with
something for your journey. <PART>
---
I will have something the next time
we meet.",アリーシャ王女か 貴方と共に戦った日々忘れてはいない <PART> 神々を相手に戦い続けるのならばこれから先 辛い事も多いだろう <PART> 何か助けになる物を渡したいのだが今は持ち合わせがなくてな <PART> また会いに来てくれた時にお渡ししよう,"Não esqueci dos dias em que lutei ao seu lado.<PART>
---
Se vai lutar contra os deuses, muitos tempos difíceis virão pela frente.<PART>
---
Queria muito te dar algo para a sua jornada.<PART>
---
Quando nos virmos de novo, trarei algo.",,duplicate
1,301,1159,357,81824,,,,Adonis,"Huh? Oh, it's you. Did you come
to ask me for something? <PART>
---
Get outta here!",ん！？ 何だお前か物〓いにでも来たのか？ <PART> 用がねえなら さっさと帰んな,"Hã? Ah, é você. Veio me pedir alguma coisa?<PART>
---
Cai fora!",,duplicate
1,302,1159,358,81932,,,,Aaron,"It is an odd feeling, being alone.
How are the others? <PART>
---
Especially... Ummm... How is...?
N-never mind! Please forget I said anything.",一人で居るというのは 何やら不思議な気分だな皆は 今どうしている？ <PART> 特に あの… アイツは…いっ… いや なんでもない 忘れてくれ,"É estranho estar sozinho.
Como vão os outros?<PART>
---
Especialmente... hã... como vai ela...?
N-não, deixa pra lá! Esquece o que eu disse.",,duplicate
1,303,1159,359,82040,,,,Dyn,"Lady Silmeria saved my soul from an eternity
of deaths in Nifleheim by the hands of Hel. <PART>
---
Just like people, there are trustworthy gods
and deceitful gods. <PART>
---
Don't you agree?",かつて ニブルヘイムで ヘルに殺され続けていた私の魂を救ってくださったのはシルメリア様でした <PART> 人に様々居るように 神にもまた信頼に足る者と そうでない者が居る <PART> それだけではないでしょうか？,"Lady Silmeria salvou minha alma de uma infinidade de mortes em Nifleheim pelas mãos de Hel.<PART>
---
Assim como entre as pessoas, há deuses confiáveis e deuses traiçoeiros.<PART>
---
Não concorda?",,duplicate
1,304,1159,360,82148,,,,Kraad,"You're alive! ...I guess I shouldn't be surprised
since even I can survive in this world.",久しぶりだな まだ生きていたか俺が生きてるくらいだから 心配はしてなかったが,"Você está viva! ...Acho que não deveria me surpreender, já que até eu consigo sobreviver neste mundo.",,duplicate
1,305,1159,361,82256,,,,Zunde,"Hey! It's you! <PART>
---
How's it going?
You remember me, right? <PART>
---
I'm doing great, as you can see.
I feel like this town is my home now. <PART>
---
There are still monsters in this area, but
never fear! Zunde's here!",お！ アリーシャじゃないか！ <PART> 元気か？ 怪我してないか？俺の事憶えてないか？ いるよな！ <PART> 俺は見た通り 大元気だ！この村にも すっかり〓〓んだところだぜ！ <PART> 今も昔も魔物の被害は減っていないようだが俺が居るからには この村は安心だな！,"Ei! É você!<PART>
---
Como vai?
Lembra de mim, né?<PART>
---
Estou muito bem, como pode ver.
Sinto que esta cidade é minha casa agora.<PART>
---
Ainda há monstros na região, mas não tema! O Zunde está aqui!",,duplicate
1,306,1159,362,82364,,,,Atrasia,"In many cases, it was beneficial for
the gods to be the protector of humans. <PART>
---
On the other hand, it was beneficial for
monsters to harm humans. <PART>
---
There are times when I see no difference
between the two. <PART>
---
One thing I learned from my previous life is
that only the weak rely too much on gods. <PART>
---
If I had known that, I would have
reconsidered my worth...",これまでの多くの場合 私達人間を守る事に利があった存在… それが神々 <PART> 私達人間に害をなす事で利があった存在…それが魔物と呼ばれるもの <PART> 神々なんて呼び方は あくまで人間側がつけた〓分けに過ぎないわ <PART> 一回死んでわかったのは 神々に対する必要以上の〓存は 甘えだって事ね <PART> …それが分かってたら 前世でアタシをもっと高く 買わせてやったものを,"Em muitos casos, era vantajoso para os deuses serem os protetores dos humanos.<PART>
---
Por outro lado, era vantajoso para os monstros prejudicarem os humanos.<PART>
---
Há vezes em que não vejo diferença entre os dois.<PART>
---
Uma coisa que aprendi na minha vida passada é que só os fracos dependem demais dos deuses.<PART>
---
Se eu soubesse disso, teria reconsiderado meu valor...",,duplicate
1,307,1159,363,82472,,,,Phyress,"What happened here? It looks a lot
worse than what I recall from my past. <PART>
---
Anyway, Princess Alicia, what do
you plan on doing now? <PART>
---
You'll be fine. After all, you're my brother's...
child's... I can't remember... <PART>
---
Anyway, you'll be fine, whatever you do!
...Hey, don't give me that look!",昔を〓かしんで コッチ来たけどアタシん時代より 大変なコトになってない！？ <PART> それでさぁ アリーシャ王女…貴方はこれからどうするの？ どうしたいの？ <PART> 大丈夫よ 貴方は兄さんの…何代先だっけ？ま！ ともかく子〓なんだし 何とかなるって <PART> はい そこでそんな顔しな～い！ムニ～…,"O que houve aqui? Parece muito pior do que eu lembro do meu passado.<PART>
---
Enfim, Princesa Alicia, o que você pretende fazer agora?<PART>
---
Vai dar certo. É descendente do meu irmão.<PART>
---
Enfim, vai dar certo no que quer que você faça!
...Ei, não faz essa cara!",,duplicate
1,308,1159,364,82580,,,,Chrystie,"Hey, do you remember me?
It's me, Chrystie! <PART>
---
I'm having fun wandering the lands,
traveling wherever I want to go. <PART>
---
I can't believe there are monsters here.
I must have sealed millions in my past life. <PART>
---
There's probably some really bad person
going around, setting monsters free!",憶えてる？ 私よ私！も～ 他人行〓ね クリスでいいわよ <PART> お陰様で アッチコッチ旅しながら元気でやってるわ <PART> それにしても こんな所にも魔物が居るのねぇ昔 結構封じたと思ったんだけどなぁ… <PART> これはきっとアレよ魔物を解放して回ってる 悪いヤツが居るのよ,"Ei, lembra de mim?
Sou eu, Chrystie!<PART>
---
Estou me divertindo andando por aí, viajando para onde eu quiser.<PART>
---
Não acredito que há monstros aqui.
Devo ter selado milhões na minha vida passada.<PART>
---
Provavelmente tem alguma pessoa muito ruim por aí soltando monstros!",,duplicate
1,309,1159,365,82688,,,,Sha-kon,"Lady Silmeria? Alicia?
...No difference, I guess. <PART>
---
I see a lot happened while I was gone.
Technology really does continue to progress.",アラ！？ シルメリア様？ アリーシャ？どっちでも大差ないけど… <PART> アタシが死んでる間に色々あったみたいね技術は日進〓歩って感じかな？,"Lady Silmeria? Alicia?
...Tanto faz, acho.<PART>
---
Aconteceu muita coisa enquanto eu estava fora.
A tecnologia realmente continua progredindo.",,duplicate
1,310,1159,366,82796,,,,Lylia,"After much thought, I have decided to
pursue a new life in this town. <PART>
---
Although it is filled with painful memories,
it is all I have left of my past...",色々と〓みましたが この街で新たなる生を全うする事にしました <PART> ここには 辛い思い出しかありませんが私には ここしか過去に繋がる地はありませんから,"Depois de muito pensar, decidi buscar uma nova vida nesta cidade.<PART>
---
Embora esteja cheia de memórias dolorosas, é tudo o que me resta do meu passado...",,duplicate
1,311,1159,367,82904,,,,Lydia,"Before, all I did was train
to prove myself to others. <PART>
---
I came to realize that my presence
was a nuisance to the country. <PART>
---
The more I did for my country,
the more it made the authorities unhappy. <PART>
---
Maybe I would have been able to save
myself if I had done nothing.",ここにいた頃は 戦ばかりしてた私を認めさせてやりたくて… <PART> 結局 違ったのよねこの国には 私の存在そのものが邪魔だったの <PART> 私が結果を出せば出すほど権力者達にとっては不都合だった <PART> むしろ 何もしないでいれば殺されずにすんだかも知れないわね,"Antes, só treinava para provar meu valor aos outros.<PART>
---
Percebi que minha presença era um estorvo para o país.<PART>
---
Quanto mais eu fazia pelo meu país, mais as autoridades se incomodavam.<PART>
---
Talvez eu tivesse me salvado se não tivesse feito nada.",,duplicate
1,312,1159,368,83012,,,,Sophalla,"Nobody knew me and nobody betrayed me.
I was able to escape the darkness. <PART>
---
It was relaxing, but it took a while
to get used to.",誰も私を知らない 誰も私を裏切らない〓に隠れる必要の無い生活 <PART> ノンビリはできるけど 〓激が全く無いから変な気分になるのよね,"Ninguém me conhecia e ninguém me traiu.
Consegui escapar da escuridão.<PART>
---
Foi relaxante, mas levou um tempo para me acostumar.",,duplicate
1,313,1159,369,83120,,,,Millidia,"I never thought we would meet again.
Destiny is an odd thing.",こうして再びお会いできるなんて…何だか不思議な感じですね,"Jamais pensei que nos reencontraríamos.
O destino é estranho.",,duplicate
1,314,1159,370,83228,,,,Arcana,"This town won't be here much longer,
and neither will our history... <PART>
---
However, the people of this land
still exist. <PART>
---
Let the people of this town spread
the Kalstad ways all around the world!",この街も もうすぐ無くなってしまうわね私達の歴史も 砂にまみれて消えていく… <PART> けれど ここで生まれ〓った人々は消えてなくなるわけじゃない <PART> カルスタッドの息吹が世界中に広がっていくだけ,"Esta cidade não vai estar aqui por muito mais tempo, e nossa história também não...<PART>
---
Porém, as pessoas desta terra ainda existem.<PART>
---
Deixe o povo desta cidade espalhar os modos de Kalstad pelo mundo todo!",,duplicate
1,315,1159,371,83336,,,,Ehrde,"I have no need to serve you anymore.
So what do you want?",アンタとの〓約は切れたハズ今更 何の用だ？,"Não tenho mais obrigação de te servir.
Então, o que você quer?",,duplicate
1,316,1159,372,83444,,,,Mithra,"It has been a long time.
I found myself here when I came to. <PART>
---
My materialized body is well, thank you.",これは… お久しぶりにございます気付けば ここへ戻ってきておりました <PART> マテリアライズして頂いた身体は思いのほか順調にございます,"Faz tempo.
Acordei e me vi aqui.<PART>
---
Meu corpo materializado está bem, obrigado.",,duplicate
1,317,1159,373,83552,,,,Aegis,"What's with you?
Hey, did I ever tell you how I died? <PART>
---
I've gotten over it. Now that I have
a new life, I want to learn to swim.",ん！？ どうしたその顔？あ 俺の死因を教えたっけか？ <PART> なに せっかく再び命を得たんだ今度は〓ぎの練習をしようかと思ってな,"Que cara é essa?
Ei, eu já te contei como morri?<PART>
---
Já superei. Agora que tenho uma vida nova, quero aprender a nadar.",,duplicate
1,318,1159,374,83660,,,,Psoron,"Nothing has advanced since my past life.
Little progress has been made. <PART>
---
What are the others doing!?",俺が生きていた時から 何も進んじゃいない解明されたのは〓葉の部分ばかり <PART> 他の魔術師共は 何をやってるんだ？,"Nada avançou desde minha vida passada.
Pouco progresso foi feito.<PART>
---
O que os outros andam fazendo!?",,duplicate
1,319,1159,375,83768,,,,Khanon,"Are you still battling against the gods?
Do you think you have that strength? Fool. <PART>
---
However, disarray in the heavens is my wish
as well. I suppose I should wish you luck.",相も変わらず 神に〓突こうとしておるのか愚かな… 〓が力を見極められぬとみえる <PART> だが天界の騒乱は この私も望むところせいぜい気張るが良いわ,"Ainda está lutando contra os deuses?
Acha que tem essa força? Tolo.<PART>
---
Mas a desordem nos céus é o que eu quero também. Acho que deveria desejar boa sorte.",,duplicate
1,320,1159,376,83876,,,,Farant,"My days as an einherjar led me to
a certain hypothesis. <PART>
---
If it is proven, the relations between gods
and humans will change. Stay alive until then.",エインフェリアとして過ごした日々はこの俺に とある仮説を与えてくれた <PART> この仮説が証明されれば 人と神との関係も変わるそれまで… 死ぬんじゃないぞ,"Meus dias como einherjar me levaram a uma certa hipótese.<PART>
---
Se for comprovada, as relações entre deuses e humanos mudarão. Fique viva até lá.",,duplicate
1,321,1159,377,83984,,,,Xehnon,"All I can do now is fight monsters
to save the people around me. <PART>
---
Being reborn does not erase
my sins of the past.",今の俺にできるのは 人々のためにこうして魔物を倒す事だけ <PART> 例え生まれ変わったとしても俺の罪が消えてなくなるわけではないのだから,"Tudo que posso fazer agora é lutar contra monstros para salvar as pessoas ao meu redor.<PART>
---
Renascer não apaga meus pecados do passado.",,duplicate
1,322,1159,378,84092,,,,Alm,"I am finally free from you, but time has
passed and my country is gone. <PART>
---
If only I had lived through everything,
Dipan wouldn't have been able to do what it did...",やっと貴様から解放されたかと思えば時は過ぎ 我が公国は歴史の一部か <PART> あの時 俺が生き〓びてさえいればディパンごとき のさばらせはしなかったものを…,"Finalmente estou livre de você, mas o tempo passou e meu país se foi.<PART>
---
Se eu tivesse sobrevivido a tudo, Dipan não teria conseguido fazer o que fez...",,duplicate
1,323,1159,379,84200,,,,Seluvia,"Monsters still exist as they did in the past.
I thought I had sealed many of them... <PART>
---
It would be of great help if my friends
Dyn and Chrys were here.",しかし 今も昔も魔物の数は減りませんねかなり封印したと思っていたのに… <PART> かつての仲間 ディーンやクリスが居てくれればもう少し楽に戦えるのですが,"Monstros ainda existem como no passado.
Pensei ter selado muitos deles...<PART>
---
Seria de grande ajuda se meus amigos Dyn e Chrys estivessem aqui.",,duplicate
1,324,1159,380,84308,,,,Masato,"I was driven out of my country. I have no home.
I wander, looking for a peaceful land to call my home.",国を追われた俺に 帰るところなどありはしないどこか静かに暮らせる場を求めて 〓〓うだけさ,"Fui expulso do meu país. Não tenho casa.
Ando por aí, procurando uma terra pacífica para chamar de lar.",,duplicate
1,325,1159,381,84416,,,,Woltar,"I am not like the others.
I am a mere investigator of magic. <PART>
---
I have little to contribute in battle.
I doubt we will fight alongside in the future.",俺は所詮 他の者とは違い魔道の探求者の一人に過ぎん <PART> 戦いにおいて 役に立てる事も少ないもう共に戦う事も無いだろう,"Não sou como os outros.<PART>
---
Sou apenas um investigador de magia.",,duplicate
1,326,1159,382,84792,,,,,Acquired <PART> OTH,OTH <PART> を手に入れた,,,duplicate
1,327,1159,383,84920,,,,,Lost <PART> OTH,OTH <PART> を失った,,,duplicate
1,328,1159,384,85048,,,,,"Money
 <PART> OTH",所持金 <PART> OTH,,,duplicate
2,1,1159,1,,,,,,Exit,出口,,not displayed by the event script,duplicate
2,2,1159,2,,,,,,"Leave Kythena Plains?
",キセナ草原から出ます,,not displayed by the event script,primary
2,3,1159,3,,,,,,Yes,はい,,not displayed by the event script,duplicate
2,4,1159,4,,,,,,No,いいえ,,not displayed by the event script,duplicate
2,5,1159,5,,,,,,Kythena Plains,キセナ草原,,not displayed by the event script,duplicate
2,6,1159,387,,,,,,Kythena Plains,キセナ草原,,not displayed by the event script,duplicate
2,7,1159,388,,,,,,Acquired <PART> Prism Gem,プリズムジェム <PART> を手に入れた,,not displayed by the event script,duplicate
2,8,1159,389,,,,,,Acquired <PART> Robe of Bryttain,聖衣ブリタニアガーブ <PART> を手に入れた,,not displayed by the event script,
2,9,1159,390,,,,,,Adventurer,冒険者,,not displayed by the event script,duplicate
2,10,1159,391,,,,,,Lwyn,ルイン,,not displayed by the event script,duplicate
2,11,1159,392,,,,,,Jessica,ジェシカ,,not displayed by the event script,duplicate
2,12,1159,393,,,,,,Richelle,リシェル,,not displayed by the event script,duplicate
2,13,1159,394,,,,,,Fraudir,フローディア,,not displayed by the event script,duplicate
2,14,1159,395,,,,,,Celes,セレス,,not displayed by the event script,duplicate
2,15,1159,396,,,,,,Crescent,クレセント,,not displayed by the event script,duplicate
2,16,1159,397,,,,,,Sylphide,シルフィード,,not displayed by the event script,duplicate
2,17,1159,398,,,,,,Tyrith,ティリス,,not displayed by the event script,duplicate
2,18,1159,399,,,,,,Circe,キルケ,,not displayed by the event script,duplicate
2,19,1159,400,,,,,,Rasheeka,ラシーカ,,not displayed by the event script,duplicate
2,20,1159,401,,,,,,Falx,ファルクス,,not displayed by the event script,duplicate
2,21,1159,402,,,,,,Gerald,ジェラルド,,not displayed by the event script,duplicate
2,22,1159,403,,,,,,Guilm,ギルム,,not displayed by the event script,duplicate
2,23,1159,404,,,,,,Roland,ローランド,,not displayed by the event script,duplicate
2,24,1159,405,,,,,,Ehlen,エーレン,,not displayed by the event script,duplicate
2,25,1159,406,,,,,,Adonis,アドニス,,not displayed by the event script,duplicate
2,26,1159,407,,,,,,Aaron,アーロン,,not displayed by the event script,duplicate
2,27,1159,408,,,,,,Dyn,ディーン,,not displayed by the event script,duplicate
2,28,1159,409,,,,,,Kraad,クラッド,,not displayed by the event script,duplicate
2,29,1159,410,,,,,,Zunde,ザンデ,,not displayed by the event script,duplicate
2,30,1159,411,,,,,,Atrasia,アトレイシア,,not displayed by the event script,duplicate
2,31,1159,412,,,,,,Phyress,フィレス,,not displayed by the event script,duplicate
2,32,1159,413,,,,,,Chrystie,クリスティ,,not displayed by the event script,duplicate
2,33,1159,414,,,,,,Sha-kon,紗紺,,not displayed by the event script,duplicate
2,34,1159,415,,,,,,Lylia,リリア,,not displayed by the event script,duplicate
2,35,1159,416,,,,,,Lydia,リディア,,not displayed by the event script,duplicate
2,36,1159,417,,,,,,Sophalla,ソファラ,,not displayed by the event script,duplicate
2,37,1159,418,,,,,,Millidia,ミリティア,,not displayed by the event script,duplicate
2,38,1159,419,,,,,,Arcana,アルカナ,,not displayed by the event script,duplicate
2,39,1159,420,,,,,,Ehrde,エルド,,not displayed by the event script,duplicate
2,40,1159,421,,,,,,Mithra,ミトラ,,not displayed by the event script,duplicate
2,41,1159,422,,,,,,Aegis,イージス,,not displayed by the event script,duplicate
2,42,1159,423,,,,,,Psoron,ソロン,,not displayed by the event script,duplicate
2,43,1159,424,,,,,,Khanon,カノン,,not displayed by the event script,duplicate
2,44,1159,425,,,,,,Farant,ファーラント,,not displayed by the event script,duplicate
2,45,1159,426,,,,,,Xehnon,ゼノン,,not displayed by the event script,duplicate
2,46,1159,427,,,,,,Alm,アルム,,not displayed by the event script,duplicate
2,47,1159,428,,,,,,Seluvia,セルヴィア,,not displayed by the event script,duplicate
2,48,1159,429,,,,,,Masato,魔智,,not displayed by the event script,duplicate
2,49,1159,430,,,,,,Woltar,ウォルター,,not displayed by the event script,duplicate
