original_jp,original_en,translated,occurrences,containers,notes
イベントマップ,EVENT_MAP,,297,container-0648.csv container-0652.csv container-0866.csv,
セラフィックゲート,Seraphic Gate,,204,container-0648.csv container-0652.csv container-0866.csv,
ヴァルハラ宮殿,Hall of Valhalla,,141,container-0648.csv container-0652.csv container-0866.csv,
奉竜殿,Palace of the Venerated Dragon,,102,container-0648.csv container-0652.csv container-0866.csv,
狭間の洞窟,Ravine Caverns,,99,container-0648.csv container-0652.csv container-0866.csv,
ユグドラシル,Yggdrasil,,90,container-0648.csv container-0652.csv container-0866.csv,
ディパン城,Dipan Castle,,87,container-0648.csv container-0652.csv container-0866.csv,
レザード・ヴァレスの塔,Tower of Lezard Valeth,,81,container-0648.csv container-0652.csv container-0866.csv,
封印石チュートリアル（設計図）,D_TUTORIAL1,,63,container-0648.csv container-0652.csv container-0866.csv,
王家の地下道,Royal Underground Path,,57,container-0648.csv container-0652.csv container-0866.csv,
光子パズル（設計図）,D_PUZZLE,,51,container-0648.csv container-0652.csv container-0866.csv,
ディパン城下町,Dipan,,45,container-0648.csv container-0652.csv container-0866.csv,
スルス火山洞窟,Surts Volcano Caverns,,45,container-0648.csv container-0652.csv container-0866.csv,
,DUMMY,,42,container-0641.csv container-0644.csv container-0645.csv,
なし,None,N/A,40,container-0641.csv container-0644.csv container-0645.csv container-0646.csv container-0647.csv container-0648.csv container-0649.csv container-0650.csv,
蒼枯の森,Ancient Forest,,39,container-0648.csv container-0652.csv container-0866.csv,
セルドベルグ山岳遺跡,Serdberg Mountain Ruins,,36,container-0648.csv container-0652.csv container-0866.csv,
クローサス森林遺跡,Crawsus Forest Ruins,,36,container-0648.csv container-0652.csv container-0866.csv,
精霊の森,Forest of Spirits,,36,container-0648.csv container-0652.csv container-0866.csv,
クレルモンフェラン,Crell Monferaigne,,34,container-0641.csv container-0648.csv container-0652.csv container-0866.csv,
港町ゾルデ,Solde,,30,container-0648.csv container-0652.csv container-0866.csv,
アウドゥーラ水上神殿,Audoula Temple on the Lake,,30,container-0648.csv container-0652.csv container-0866.csv,
昏き妄執の館,Chateau Obsession,,27,container-0648.csv container-0652.csv container-0866.csv,
ヴィルノア,Villnore,,25,container-0641.csv container-0648.csv container-0652.csv container-0866.csv,
喪失の森,Lost Forest,,24,container-0648.csv container-0652.csv container-0866.csv,
トゥルゲン鉱山,Turgen Mine,,24,container-0648.csv container-0652.csv container-0866.csv,
カルスタッド,Kalstad,,21,container-0648.csv container-0652.csv container-0866.csv,
不明,Unknown,,21,container-0650.csv,
スカビア渓谷,Sukavia Gorge,,18,container-0648.csv container-0652.csv container-0866.csv,
コリアンドル村,Coriander,,15,container-0648.csv container-0652.csv container-0866.csv,
"キャンプ画面では説明は表示されません。
これが表示されたらバグですのでご報告お願いします。","Description should not appear in Camp Menu.
If you see this, please report it as a BUG!",,12,container-0641.csv container-0644.csv container-0645.csv,
サーマ砂漠,Sahma Desert,,12,container-0648.csv container-0652.csv container-0866.csv,
キセナ草原,Kythena Plains,,12,container-0648.csv container-0652.csv container-0866.csv,
アスガルド,Asgard,,12,container-0648.csv container-0652.csv container-0866.csv,
竜の墓場,Dragonscrypt,,12,container-0648.csv container-0652.csv container-0866.csv,
弓闘士,Archer,,11,container-0650.csv,
LV,LV,NV,10,container-0643.csv container-0646.csv container-0647.csv container-0649.csv container-0650.csv,
軽戦士,Light Warrior,,10,container-0650.csv,
重戦士,Heavy Warrior,,10,container-0650.csv,
魔術師,Sorcerer,,10,container-0650.csv,
ドラゴンスレイヤー,Dragon Slayer,,9,container-0641.csv container-0644.csv container-0645.csv container-0646.csv container-0647.csv container-0649.csv container-0650.csv,
／,/,/,9,container-0643.csv container-0644.csv container-0645.csv container-0646.csv container-0647.csv container-0648.csv container-0649.csv container-0650.csv,
ブラッディナックル,Bloody Knuckle,,8,container-0641.csv container-0644.csv container-0645.csv container-0647.csv container-0649.csv container-0650.csv,
トライクルセイド,Tri Crusade,,8,container-0647.csv container-0650.csv,
"上空へと跳び上がる斬撃。
決め技ゲージ増加量：×Hit","A leaping, slashing attack into the air.
Increase to Special Attack gauge: 3 <0065> 3 Hits",,8,container-0647.csv container-0650.csv,
大陸暦年,581 C.C.,,8,container-0650.csv,
翠の封陣器,Jade Sealpouch,,7,container-0641.csv container-0644.csv container-0645.csv container-0647.csv container-0649.csv container-0650.csv,
緋の封陣器,Rose Sealpouch,,7,container-0641.csv container-0644.csv container-0645.csv container-0647.csv container-0649.csv container-0650.csv,
藍の封陣器,Azure Sealpouch,,7,container-0641.csv container-0644.csv container-0645.csv container-0647.csv container-0649.csv container-0650.csv,
大陸北部の地図,Map of the North Lands,,7,container-0641.csv container-0644.csv container-0645.csv container-0647.csv container-0649.csv container-0650.csv,
大陸西部の地図,Map of the West Lands,,7,container-0641.csv container-0644.csv container-0645.csv container-0647.csv container-0649.csv container-0650.csv,
大陸東部の地図,Map of the East Lands,,7,container-0641.csv container-0644.csv container-0645.csv container-0647.csv container-0649.csv container-0650.csv,
時渡りの神器,Divine Time Giver,,7,container-0641.csv container-0644.csv container-0645.csv container-0647.csv container-0649.csv container-0650.csv,
奉竜殿の転送装置を動かすためのキーストーン。,"Keystone used in the Palace of the Venerated Dragon to operate
the transfer device.",,7,container-0644.csv,
ロングソード,Long Sword,Espada Longa,6,container-0641.csv container-0644.csv container-0645.csv container-0647.csv container-0649.csv container-0650.csv,
レイピア,Rapier,Rápier,6,container-0641.csv container-0644.csv container-0645.csv container-0647.csv container-0649.csv container-0650.csv,
シャムシール,Shamshir,,6,container-0641.csv container-0644.csv container-0645.csv container-0647.csv container-0649.csv container-0650.csv,
ヴィーキングソード,Viking Sword,,6,container-0641.csv container-0644.csv container-0645.csv container-0647.csv container-0649.csv container-0650.csv,
ファルシオン,Falchion,,6,container-0641.csv container-0644.csv container-0645.csv container-0647.csv container-0649.csv container-0650.csv,
ワルーンソード,Walloon Sword,,6,container-0641.csv container-0644.csv container-0645.csv container-0647.csv container-0649.csv container-0650.csv,
霊剣カールスナウト,Karsnaut,,6,container-0641.csv container-0644.csv container-0645.csv container-0647.csv container-0649.csv container-0650.csv,
名刀虎切り,Sabertooth Saber,,6,container-0641.csv container-0644.csv container-0645.csv container-0647.csv container-0649.csv container-0650.csv,
パラッシュ,Pallasch,,6,container-0641.csv container-0644.csv container-0645.csv container-0647.csv container-0649.csv container-0650.csv,
シンクレアーサーベル,Sinclair Saber,,6,container-0641.csv container-0644.csv container-0645.csv container-0647.csv container-0649.csv container-0650.csv,
フロストペイン,Frostbane,,6,container-0641.csv container-0644.csv container-0645.csv container-0647.csv container-0649.csv container-0650.csv,
曲刀ハルペー,Harpe,,6,container-0641.csv container-0644.csv container-0645.csv container-0647.csv container-0649.csv container-0650.csv,
名刀蜘蛛切り,Spider Fighter,,6,container-0641.csv container-0644.csv container-0645.csv container-0647.csv container-0649.csv container-0650.csv,
ライトニングエッジ,Lightning Edge,,6,container-0641.csv container-0644.csv container-0645.csv container-0647.csv container-0649.csv container-0650.csv,
アイシクルソード,Icicle Sword,,6,container-0641.csv container-0644.csv container-0645.csv container-0647.csv container-0649.csv container-0650.csv,
ルーンスレイヤー,Runeslayer,,6,container-0641.csv container-0644.csv container-0645.csv container-0647.csv container-0649.csv container-0650.csv,
フレアバゼラード,Flare Baselard,,6,container-0641.csv container-0644.csv container-0645.csv container-0647.csv container-0649.csv container-0650.csv,
名刀蓮断ち,Lotus Slicer,,6,container-0641.csv container-0644.csv container-0645.csv container-0647.csv container-0649.csv container-0650.csv,
ホーリィソード,Holy Sword,,6,container-0641.csv container-0644.csv container-0645.csv container-0647.csv container-0649.csv container-0650.csv,
名刀五月雨,Sun Shower,,6,container-0641.csv container-0644.csv container-0645.csv container-0647.csv container-0649.csv container-0650.csv,
名剣アロンダイト,Arondight,,6,container-0641.csv container-0644.csv container-0645.csv container-0647.csv container-0649.csv container-0650.csv,
閃刀シルヴァンス,Sword of Silvans,,6,container-0641.csv container-0644.csv container-0645.csv container-0647.csv container-0649.csv container-0650.csv,
魔剣グラム,Gram,,6,container-0641.csv container-0644.csv container-0645.csv container-0647.csv container-0649.csv container-0650.csv,
聖剣アスカロン,Ascalon,,6,container-0641.csv container-0644.csv container-0645.csv container-0647.csv container-0649.csv container-0650.csv,
名剣ムーンファルクス,Moonfalx,,6,container-0641.csv container-0644.csv container-0645.csv container-0647.csv container-0649.csv container-0650.csv,
神剣グランス・リヴァイバー,Glance Reviver,,6,container-0641.csv container-0644.csv container-0645.csv container-0647.csv container-0649.csv container-0650.csv,
魔剣ダインスレイヴ,Dainslef,,6,container-0641.csv container-0644.csv container-0645.csv container-0647.csv container-0649.csv container-0650.csv,
魔剣レヴァンテイン,"Demon Sword ""Levantine""","Espada Demoníaca ""Levantine""",6,container-0641.csv container-0644.csv container-0645.csv container-0647.csv container-0649.csv container-0650.csv,
恐剣ヘルギ,Helgi's Sword,,6,container-0641.csv container-0644.csv container-0645.csv container-0647.csv container-0649.csv container-0650.csv,
咎人の剣“神を斬獲せし者”,Angel Slayer,,6,container-0641.csv container-0644.csv container-0645.csv container-0647.csv container-0649.csv container-0650.csv,
バスタードソード,Bastard Sword,,6,container-0641.csv container-0644.csv container-0645.csv container-0647.csv container-0649.csv container-0650.csv,
トゥハンデッドソード,Two-Handed Sword,,6,container-0641.csv container-0644.csv container-0645.csv container-0647.csv container-0649.csv container-0650.csv,
ストライキングソード,Striking Sword,,6,container-0641.csv container-0644.csv container-0645.csv container-0647.csv container-0649.csv container-0650.csv,
エレメンタルエッジ,Elemental Edge,,6,container-0641.csv container-0644.csv container-0645.csv container-0647.csv container-0649.csv container-0650.csv,
スクレップ,Screp,,6,container-0641.csv container-0644.csv container-0645.csv container-0647.csv container-0649.csv container-0650.csv,
クレイモア,Claymore,,6,container-0641.csv container-0644.csv container-0645.csv container-0647.csv container-0649.csv container-0650.csv,
フルンティング,Hrunting,,6,container-0641.csv container-0644.csv container-0645.csv container-0647.csv container-0649.csv container-0650.csv,
フランベルジュ,Flamberge,,6,container-0641.csv container-0644.csv container-0645.csv container-0647.csv container-0649.csv container-0650.csv,
ツヴァイハンダー,Zweihander,,6,container-0641.csv container-0644.csv container-0645.csv container-0647.csv container-0649.csv container-0650.csv,
名剣ヴェインスレイ,Vainslayer,,6,container-0641.csv container-0644.csv container-0645.csv container-0647.csv container-0649.csv container-0650.csv,
シルバークラッド,Kraadicator,,6,container-0641.csv container-0644.csv container-0645.csv container-0647.csv container-0649.csv container-0650.csv,
蒼剣グランスティング,Grand Sting,,6,container-0641.csv container-0644.csv container-0645.csv container-0647.csv container-0649.csv container-0650.csv,
精王剣アレクタリス,Arectaris,,6,container-0641.csv container-0644.csv container-0645.csv container-0647.csv container-0649.csv container-0650.csv,
帝剣デュランダル,Durandal,,6,container-0641.csv container-0644.csv container-0645.csv container-0647.csv container-0649.csv container-0650.csv,
カリバーン,Caliburn,,6,container-0641.csv container-0644.csv container-0645.csv container-0647.csv container-0649.csv container-0650.csv,
神剣ギャラルホルン,Gjallarhorn,,6,container-0641.csv container-0644.csv container-0645.csv container-0647.csv container-0649.csv container-0650.csv,
光剣クラウソナス,Claiomh Solais,,6,container-0641.csv container-0644.csv container-0645.csv container-0647.csv container-0649.csv container-0650.csv,
ヴァンパイアソード,Vampire Sword,,6,container-0641.csv container-0644.csv container-0645.csv container-0647.csv container-0649.csv container-0650.csv,
イグニートソード,Ignite Sword,,6,container-0641.csv container-0644.csv container-0645.csv container-0647.csv container-0649.csv container-0650.csv,
魔剣アクターネファリウス,"Demon Sword ""Nefarious""",,6,container-0641.csv container-0644.csv container-0645.csv container-0647.csv container-0649.csv container-0650.csv,
壊剣ティルフング,Tyrfing,,6,container-0641.csv container-0644.csv container-0645.csv container-0647.csv container-0649.csv container-0650.csv,
神槍グングニル,Gungnir,,6,container-0641.csv container-0644.csv container-0645.csv container-0647.csv container-0649.csv container-0650.csv,
聖槍セントハルバード,Saint's Halberd,,6,container-0641.csv container-0644.csv container-0645.csv container-0647.csv container-0649.csv container-0650.csv,
蛇矛バシリスク,"Spear ""Basilisk""",,6,container-0641.csv container-0644.csv container-0645.csv container-0647.csv container-0649.csv container-0650.csv,
裂槍ルーンバルディーチェ,Lunar Bardiche,,6,container-0641.csv container-0644.csv container-0645.csv container-0647.csv container-0649.csv container-0650.csv,
剛槍ダイナソア,"Great Spear ""Dinosaur""",,6,container-0641.csv container-0644.csv container-0645.csv container-0647.csv container-0649.csv container-0650.csv,
シヨートボウ,Short Bow,,6,container-0641.csv container-0644.csv container-0645.csv container-0647.csv container-0649.csv container-0650.csv,
クロスボウ,Crossbow,,6,container-0641.csv container-0644.csv container-0645.csv container-0647.csv container-0649.csv container-0650.csv,
ロングボウ,Long Bow,,6,container-0641.csv container-0644.csv container-0645.csv container-0647.csv container-0649.csv container-0650.csv,
ストレングスボウ,Strength Bow,,6,container-0641.csv container-0644.csv container-0645.csv container-0647.csv container-0649.csv container-0650.csv,
スプリームクロスボウ,Supreme Crossbow,,6,container-0641.csv container-0644.csv container-0645.csv container-0647.csv container-0649.csv container-0650.csv,
ヘビークロスボウ,Heavy Crossbow,,6,container-0641.csv container-0644.csv container-0645.csv container-0647.csv container-0649.csv container-0650.csv,
コンポジットロング,Composite Longbow,,6,container-0641.csv container-0644.csv container-0645.csv container-0647.csv container-0649.csv container-0650.csv,
グリナリースレイヤー,Greenery Slayer,,6,container-0641.csv container-0644.csv container-0645.csv container-0647.csv container-0649.csv container-0650.csv,
アーバレスト,Arbalest,,6,container-0641.csv container-0644.csv container-0645.csv container-0647.csv container-0649.csv container-0650.csv,
セルスタインロックガン,Serstine-lock-gun,,6,container-0641.csv container-0644.csv container-0645.csv container-0647.csv container-0649.csv container-0650.csv,
メイジスレイヤー,Mage Slayer,,6,container-0641.csv container-0644.csv container-0645.csv container-0647.csv container-0649.csv container-0650.csv,
連弓ダブルクロス,Doublecross,,6,container-0641.csv container-0644.csv container-0645.csv container-0647.csv container-0649.csv container-0650.csv,
霊弓エルヴンボウ,Elvenbow,,6,container-0641.csv container-0644.csv container-0645.csv container-0647.csv container-0649.csv container-0650.csv,
シャイニィラプチャー,Shiny Rupture,,6,container-0641.csv container-0644.csv container-0645.csv container-0647.csv container-0649.csv container-0650.csv,
瞬弓ブルーゲイル,Blue Gale,,6,container-0641.csv container-0644.csv container-0645.csv container-0647.csv container-0649.csv container-0650.csv,
命弓ミステルテイン,Misteltein,,6,container-0641.csv container-0644.csv container-0645.csv container-0647.csv container-0649.csv container-0650.csv,
クレセントアロー,Crescent Arrow,,6,container-0641.csv container-0644.csv container-0645.csv container-0647.csv container-0649.csv container-0650.csv,
ワイルドカリス,Wild Chalice,,6,container-0641.csv container-0644.csv container-0645.csv container-0647.csv container-0649.csv container-0650.csv,
魔弾タスラム,Tathlum,,6,container-0641.csv container-0644.csv container-0645.csv container-0647.csv container-0649.csv container-0650.csv,
ソウルスレイヤー,Soulslayer,,6,container-0641.csv container-0644.csv container-0645.csv container-0647.csv container-0649.csv container-0650.csv,
魔弓レイザーフォーテル,Soothsayer Bow,,6,container-0641.csv container-0644.csv container-0645.csv container-0647.csv container-0649.csv container-0650.csv,
神弓シルヴァンボウ,Sylvan Bow,,6,container-0641.csv container-0644.csv container-0645.csv container-0647.csv container-0649.csv container-0650.csv,
エルハナンの指先,Elhanan's Fingertips,,6,container-0641.csv container-0644.csv container-0645.csv container-0647.csv container-0649.csv container-0650.csv,
ルビーメイス,Ruby Mace,,6,container-0641.csv container-0644.csv container-0645.csv container-0647.csv container-0649.csv container-0650.csv,
クリスタルワンド,Crystal Wand,,6,container-0641.csv container-0644.csv container-0645.csv container-0647.csv container-0649.csv container-0650.csv,
秘密教団の杖,Mystic Cult Staff,,6,container-0641.csv container-0644.csv container-0645.csv container-0647.csv container-0649.csv container-0650.csv,
インフィニティロッド,Infinity Rod,,6,container-0641.csv container-0644.csv container-0645.csv container-0647.csv container-0649.csv container-0650.csv,
ミスリルワンド,Mithril Wand,,6,container-0641.csv container-0644.csv container-0645.csv container-0647.csv container-0649.csv container-0650.csv,
ロータスワンド,Lotus Wand,,6,container-0641.csv container-0644.csv container-0645.csv container-0647.csv container-0649.csv container-0650.csv,
アルケミーワンド,Alchemy Wand,,6,container-0641.csv container-0644.csv container-0645.csv container-0647.csv container-0649.csv container-0650.csv,
竜杖ドラゴンロア,Dragonlore,,6,container-0641.csv container-0644.csv container-0645.csv container-0647.csv container-0649.csv container-0650.csv,
ホーリィロッド,Holy Rod,,6,container-0641.csv container-0644.csv container-0645.csv container-0647.csv container-0649.csv container-0650.csv,
デルージュセプター,Deluge Scepter,,6,container-0641.csv container-0644.csv container-0645.csv container-0647.csv container-0649.csv container-0650.csv,
聖杖ユニコーンズホーン,Unicorn's Horn,,6,container-0641.csv container-0644.csv container-0645.csv container-0647.csv container-0649.csv container-0650.csv,
エーテルセプター,Ether Scepter,,6,container-0641.csv container-0644.csv container-0645.csv container-0647.csv container-0649.csv container-0650.csv,
蛇杖ケーリュケイオン,Caduceus,,6,container-0641.csv container-0644.csv container-0645.csv container-0647.csv container-0649.csv container-0650.csv,
魔杖アポカリプス,Wand of Apocalypse,,6,container-0641.csv container-0644.csv container-0645.csv container-0647.csv container-0649.csv container-0650.csv,
聖杖ミリオンテラー,Holy Wand of Telos,,6,container-0641.csv container-0644.csv container-0645.csv container-0647.csv container-0649.csv container-0650.csv,
ブラッディフロウ,Bloody Nails,,6,container-0641.csv container-0644.csv container-0645.csv container-0647.csv container-0649.csv container-0650.csv,
ブラッディクロー,Bloody Claw,,6,container-0641.csv container-0644.csv container-0645.csv container-0647.csv container-0649.csv container-0650.csv,
ブラッディダスター,Bloody Duster,,6,container-0641.csv container-0644.csv container-0645.csv container-0647.csv container-0649.csv container-0650.csv,
ブラッディアッシュ,Bloody Murder,,6,container-0641.csv container-0644.csv container-0645.csv container-0647.csv container-0649.csv container-0650.csv,
レザーメイル,Leather Mail,,6,container-0641.csv container-0644.csv container-0645.csv container-0647.csv container-0649.csv container-0650.csv,
チェインメイル,Chainmail,,6,container-0641.csv container-0644.csv container-0645.csv container-0647.csv container-0649.csv container-0650.csv,
キュイラス,Cuirass,,6,container-0641.csv container-0644.csv container-0645.csv container-0647.csv container-0649.csv container-0650.csv,
クリスタルチェイン,Crystal Chainmail,,6,container-0641.csv container-0644.csv container-0645.csv container-0647.csv container-0649.csv container-0650.csv,
シルバーキュイラス,Silver Cuirass,,6,container-0641.csv container-0644.csv container-0645.csv container-0647.csv container-0649.csv container-0650.csv,
シルバースケイル,Silver Scales,,6,container-0641.csv container-0644.csv container-0645.csv container-0647.csv container-0649.csv container-0650.csv,
デュエルアーマー,Duel Armor,,6,container-0641.csv container-0644.csv container-0645.csv container-0647.csv container-0649.csv container-0650.csv,
フレイムアーマー,Flame Armor,,6,container-0641.csv container-0644.csv container-0645.csv container-0647.csv container-0649.csv container-0650.csv,
クラッドメイル,Kraadmail,,6,container-0641.csv container-0644.csv container-0645.csv container-0647.csv container-0649.csv container-0650.csv,
シルバーメイル,Silver Mail,,6,container-0641.csv container-0644.csv container-0645.csv container-0647.csv container-0649.csv container-0650.csv,
アイシクルプレート,Icicle Plate,,6,container-0641.csv container-0644.csv container-0645.csv container-0647.csv container-0649.csv container-0650.csv,
ドラゴンアーマー,Dragon Armor,,6,container-0641.csv container-0644.csv container-0645.csv container-0647.csv container-0649.csv container-0650.csv,
ヴァローアーマー,Valor Armor,,6,container-0641.csv container-0644.csv container-0645.csv container-0647.csv container-0649.csv container-0650.csv,
フルプレート,Full Plate,,6,container-0641.csv container-0644.csv container-0645.csv container-0647.csv container-0649.csv container-0650.csv,
ヴァリアントアーマー,Valiant Armor,,6,container-0641.csv container-0644.csv container-0645.csv container-0647.csv container-0649.csv container-0650.csv,
シルバープレート,Silver Plate,,6,container-0641.csv container-0644.csv container-0645.csv container-0647.csv container-0649.csv container-0650.csv,
鏡鎧リフレックス,Reflect Armor,,6,container-0641.csv container-0644.csv container-0645.csv container-0647.csv container-0649.csv container-0650.csv,
ミスリルプレート,Mithril Plate,,6,container-0641.csv container-0644.csv container-0645.csv container-0647.csv container-0649.csv container-0650.csv,
覇王の鎧,Conquerer's Armor,,6,container-0641.csv container-0644.csv container-0645.csv container-0647.csv container-0649.csv container-0650.csv,
聖鎧アレフストレイン,Armor of Aleph,,6,container-0641.csv container-0644.csv container-0645.csv container-0647.csv container-0649.csv container-0650.csv,
煌鎧インフィネイトアドマイア,Infinite Admiration,,6,container-0641.csv container-0644.csv container-0645.csv container-0647.csv container-0649.csv container-0650.csv,
アリーシャのローブ,Alicia's Robe,,6,container-0641.csv container-0644.csv container-0645.csv container-0647.csv container-0649.csv container-0650.csv,
クローク,Cloak,,6,container-0641.csv container-0644.csv container-0645.csv container-0647.csv container-0649.csv container-0650.csv,
シルバークローク,Silver Cloak,,6,container-0641.csv container-0644.csv container-0645.csv container-0647.csv container-0649.csv container-0650.csv,
レザークローク,Leather Cloak,,6,container-0641.csv container-0644.csv container-0645.csv container-0647.csv container-0649.csv container-0650.csv,
ノーブルクローク,Noble Cloak,,6,container-0641.csv container-0644.csv container-0645.csv container-0647.csv container-0649.csv container-0650.csv,
アノイントクローク,Anointed Cloak,,6,container-0641.csv container-0644.csv container-0645.csv container-0647.csv container-0649.csv container-0650.csv,
スプリームガーブ,Supreme Garb,,6,container-0641.csv container-0644.csv container-0645.csv container-0647.csv container-0649.csv container-0650.csv,
幻衣ミラージュローブ,Mirage Robe,,6,container-0641.csv container-0644.csv container-0645.csv container-0647.csv container-0649.csv container-0650.csv,
氷衣クリスタルガーブ,Crystal Garb,,6,container-0641.csv container-0644.csv container-0645.csv container-0647.csv container-0649.csv container-0650.csv,
エルヴンタフタ,Elfin Taffeta,,6,container-0641.csv container-0644.csv container-0645.csv container-0647.csv container-0649.csv container-0650.csv,
フェアリィガーブ,Fairy Garb,,6,container-0641.csv container-0644.csv container-0645.csv container-0647.csv container-0649.csv container-0650.csv,
炎衣フレイムミスト,Flame Mist,,6,container-0641.csv container-0644.csv container-0645.csv container-0647.csv container-0649.csv container-0650.csv,
神衣フェニックスガーブ,Phoenix Garb,,6,container-0641.csv container-0644.csv container-0645.csv container-0647.csv container-0649.csv container-0650.csv,
聖衣ブリタニアガーブ,Robe of Bryttain,,6,container-0641.csv container-0644.csv container-0645.csv container-0647.csv container-0649.csv container-0650.csv,
聖衣シルフレッド,Sylphan Robe,,6,container-0641.csv container-0644.csv container-0645.csv container-0647.csv container-0649.csv container-0650.csv,
縫衣フローレスガーブ,Floral Garb,,6,container-0641.csv container-0644.csv container-0645.csv container-0647.csv container-0649.csv container-0650.csv,
后衣エターナルシャイン,Eternal Shine,,6,container-0641.csv container-0644.csv container-0645.csv container-0647.csv container-0649.csv container-0650.csv,
サレット,Sallet,,6,container-0641.csv container-0644.csv container-0645.csv container-0647.csv container-0649.csv container-0650.csv,
シルバーサレット,Silver Sallet,,6,container-0641.csv container-0644.csv container-0645.csv container-0647.csv container-0649.csv container-0650.csv,
アイアンヘルム,Iron Helm,,6,container-0641.csv container-0644.csv container-0645.csv container-0647.csv container-0649.csv container-0650.csv,
デュエルヘルム,Duel Helm,,6,container-0641.csv container-0644.csv container-0645.csv container-0647.csv container-0649.csv container-0650.csv,
クリスタルヘルム,Crystal Helm,,6,container-0641.csv container-0644.csv container-0645.csv container-0647.csv container-0649.csv container-0650.csv,
シルバーヘルム,Silver Helm,,6,container-0641.csv container-0644.csv container-0645.csv container-0647.csv container-0649.csv container-0650.csv,
ゴーレムヘッド,Golem Headwear,,6,container-0641.csv container-0644.csv container-0645.csv container-0647.csv container-0649.csv container-0650.csv,
ヴァローヘルム,Valor Helm,,6,container-0641.csv container-0644.csv container-0645.csv container-0647.csv container-0649.csv container-0650.csv,
ヴァリアントヘルム,Valiant Helm,,6,container-0641.csv container-0644.csv container-0645.csv container-0647.csv container-0649.csv container-0650.csv,
ルーンヘルム,Rune Helm,,6,container-0641.csv container-0644.csv container-0645.csv container-0647.csv container-0649.csv container-0650.csv,
ミスリルヘルム,Mithril Helm,,6,container-0641.csv container-0644.csv container-0645.csv container-0647.csv container-0649.csv container-0650.csv,
エーテルヘルム,Ether Helm,,6,container-0641.csv container-0644.csv container-0645.csv container-0647.csv container-0649.csv container-0650.csv,
メタルクラウン,Metal Crown,,6,container-0641.csv container-0644.csv container-0645.csv container-0647.csv container-0649.csv container-0650.csv,
オリーブクラウン,Olive Crown,,6,container-0641.csv container-0644.csv container-0645.csv container-0647.csv container-0649.csv container-0650.csv,
アノイントクラウン,Anointed Crown,,6,container-0641.csv container-0644.csv container-0645.csv container-0647.csv container-0649.csv container-0650.csv,
マジシャンハット,Magician's Hat,,6,container-0641.csv container-0644.csv container-0645.csv container-0647.csv container-0649.csv container-0650.csv,
聖皇后のティアラ,Tiara of the Holy Empress,,6,container-0641.csv container-0644.csv container-0645.csv container-0647.csv container-0649.csv container-0650.csv,
エンプレスコロネット,Empress Coronet,,6,container-0641.csv container-0644.csv container-0645.csv container-0647.csv container-0649.csv container-0650.csv,
ルーンクラウン,Rune Crown,,6,container-0641.csv container-0644.csv container-0645.csv container-0647.csv container-0649.csv container-0650.csv,
スプリームクラウン,Supreme Crown,,6,container-0641.csv container-0644.csv container-0645.csv container-0647.csv container-0649.csv container-0650.csv,
ミスリルクラウン,Mithril Crown,,6,container-0641.csv container-0644.csv container-0645.csv container-0647.csv container-0649.csv container-0650.csv,
エーテルクラウン,Ether Crown,,6,container-0641.csv container-0644.csv container-0645.csv container-0647.csv container-0649.csv container-0650.csv,
ガントレット,Gauntlet,,6,container-0641.csv container-0644.csv container-0645.csv container-0647.csv container-0649.csv container-0650.csv,
メタルバックラー,Metal Buckler,,6,container-0641.csv container-0644.csv container-0645.csv container-0647.csv container-0649.csv container-0650.csv,
セイクリッドガーダー,Sacred Guarder,,6,container-0641.csv container-0644.csv container-0645.csv container-0647.csv container-0649.csv container-0650.csv,
シルバーバックラー,Silver Buckler,,6,container-0641.csv container-0644.csv container-0645.csv container-0647.csv container-0649.csv container-0650.csv,
デュエルガーダー,Duel Guarder,,6,container-0641.csv container-0644.csv container-0645.csv container-0647.csv container-0649.csv container-0650.csv,
ヴァローガントレット,Valor Gauntlet,,6,container-0641.csv container-0644.csv container-0645.csv container-0647.csv container-0649.csv container-0650.csv,
ホーリィガントレット,Holy Gauntlet,,6,container-0641.csv container-0644.csv container-0645.csv container-0647.csv container-0649.csv container-0650.csv,
ミスリルガントレット,Mithril Gauntlet,,6,container-0641.csv container-0644.csv container-0645.csv container-0647.csv container-0649.csv container-0650.csv,
エーテルシールド,Ether Shield,,6,container-0641.csv container-0644.csv container-0645.csv container-0647.csv container-0649.csv container-0650.csv,
エクストリームガード,Extreme Guard,,6,container-0641.csv container-0644.csv container-0645.csv container-0647.csv container-0649.csv container-0650.csv,
スターガード,Star Guard,,6,container-0641.csv container-0644.csv container-0645.csv container-0647.csv container-0649.csv container-0650.csv,
レザーグローブ,Leather Glove,,6,container-0641.csv container-0644.csv container-0645.csv container-0647.csv container-0649.csv container-0650.csv,
マジックグローブ,Magic Glove,,6,container-0641.csv container-0644.csv container-0645.csv container-0647.csv container-0649.csv container-0650.csv,
ウインドグローブ,Wind Glove,,6,container-0641.csv container-0644.csv container-0645.csv container-0647.csv container-0649.csv container-0650.csv,
ヴェイングリーブ,Vein Greaves,,6,container-0641.csv container-0644.csv container-0645.csv container-0647.csv container-0649.csv container-0650.csv,
ヴァリアントグリーブ,Valiant Greaves,,6,container-0641.csv container-0644.csv container-0645.csv container-0647.csv container-0649.csv container-0650.csv,
ルーングリーブ,Rune Greaves,,6,container-0641.csv container-0644.csv container-0645.csv container-0647.csv container-0649.csv container-0650.csv,
ミスリルグリーブ,Mithril Greaves,,6,container-0641.csv container-0644.csv container-0645.csv container-0647.csv container-0649.csv container-0650.csv,
エーテルグリーブ,Ether Greaves,,6,container-0641.csv container-0644.csv container-0645.csv container-0647.csv container-0649.csv container-0650.csv,
メタルグリーブ,Metal Greaves,,6,container-0641.csv container-0644.csv container-0645.csv container-0647.csv container-0649.csv container-0650.csv,
デュエルグリーブ,Duel Greaves,,6,container-0641.csv container-0644.csv container-0645.csv container-0647.csv container-0649.csv container-0650.csv,
シルバーグリーブ,Silver Greaves,,6,container-0641.csv container-0644.csv container-0645.csv container-0647.csv container-0649.csv container-0650.csv,
ヴァローグリーブ,Valor Greaves,,6,container-0641.csv container-0644.csv container-0645.csv container-0647.csv container-0649.csv container-0650.csv,
スエードブーツ,Suede Boots,,6,container-0641.csv container-0644.csv container-0645.csv container-0647.csv container-0649.csv container-0650.csv,
エルヴンブーツ,Elfin Boots,,6,container-0641.csv container-0644.csv container-0645.csv container-0647.csv container-0649.csv container-0650.csv,
レッドブーツ,Red Boots,,6,container-0641.csv container-0644.csv container-0645.csv container-0647.csv container-0649.csv container-0650.csv,
ガードリング,Guard Ring,,6,container-0641.csv container-0644.csv container-0645.csv container-0647.csv container-0649.csv container-0650.csv,
プロテクトリング,Protect Ring,,6,container-0641.csv container-0644.csv container-0645.csv container-0647.csv container-0649.csv container-0650.csv,
ヒットリング,Hit Ring,,6,container-0641.csv container-0644.csv container-0645.csv container-0647.csv container-0649.csv container-0650.csv,
マジックリング,Magic Ring,,6,container-0641.csv container-0644.csv container-0645.csv container-0647.csv container-0649.csv container-0650.csv,
フレイムリング,Flame Ring,,6,container-0641.csv container-0644.csv container-0645.csv container-0647.csv container-0649.csv container-0650.csv,
アイスリング,Ice Ring,,6,container-0641.csv container-0644.csv container-0645.csv container-0647.csv container-0649.csv container-0650.csv,
サンダーリング,Thunder Ring,,6,container-0641.csv container-0644.csv container-0645.csv container-0647.csv container-0649.csv container-0650.csv,
ポイズンリング,Poison Ring,,6,container-0641.csv container-0644.csv container-0645.csv container-0647.csv container-0649.csv container-0650.csv,
ライトリング,Light Ring,,6,container-0641.csv container-0644.csv container-0645.csv container-0647.csv container-0649.csv container-0650.csv,
ダークリング,Dark Ring,,6,container-0641.csv container-0644.csv container-0645.csv container-0647.csv container-0649.csv container-0650.csv,
ドラゴンリング,Dragon Ring,,6,container-0641.csv container-0644.csv container-0645.csv container-0647.csv container-0649.csv container-0650.csv,
デーモンリング,Demon Ring,,6,container-0641.csv container-0644.csv container-0645.csv container-0647.csv container-0649.csv container-0650.csv,
ミラージュリング,Mirage Ring,,6,container-0641.csv container-0644.csv container-0645.csv container-0647.csv container-0649.csv container-0650.csv,
ジャイアントリング,Giant Ring,,6,container-0641.csv container-0644.csv container-0645.csv container-0647.csv container-0649.csv container-0650.csv,
戦乙女のペンダント,Goddess Pendant,,6,container-0641.csv container-0644.csv container-0645.csv container-0647.csv container-0649.csv container-0650.csv,
トライエンブレム,tri-Emblem,,6,container-0641.csv container-0644.csv container-0645.csv container-0647.csv container-0649.csv container-0650.csv,
フレアクリスタル,Flare Crystal,,6,container-0641.csv container-0644.csv container-0645.csv container-0647.csv container-0649.csv container-0650.csv,
アイスクリスタル,Ice Crystal,,6,container-0641.csv container-0644.csv container-0645.csv container-0647.csv container-0649.csv container-0650.csv,
アースクリスタル,Earth Crystal,,6,container-0641.csv container-0644.csv container-0645.csv container-0647.csv container-0649.csv container-0650.csv,
サンダークリスタル,Thunder Crystal,,6,container-0641.csv container-0644.csv container-0645.csv container-0647.csv container-0649.csv container-0650.csv,
ホーリィクリスタル,Holy Crystal,,6,container-0641.csv container-0644.csv container-0645.csv container-0647.csv container-0649.csv container-0650.csv,
シャドウクリスタル,Shadow Crystal,,6,container-0641.csv container-0644.csv container-0645.csv container-0647.csv container-0649.csv container-0650.csv,
プリズムクリスタル,Prism Crystal,,6,container-0641.csv container-0644.csv container-0645.csv container-0647.csv container-0649.csv container-0650.csv,
フレアジェム,Flare Gem,,6,container-0641.csv container-0644.csv container-0645.csv container-0647.csv container-0649.csv container-0650.csv,
アイスジェム,Ice Gem,,6,container-0641.csv container-0644.csv container-0645.csv container-0647.csv container-0649.csv container-0650.csv,
サンダージェム,Thunder Gem,,6,container-0641.csv container-0644.csv container-0645.csv container-0647.csv container-0649.csv container-0650.csv,
アースジェム,Earth Gem,,6,container-0641.csv container-0644.csv container-0645.csv container-0647.csv container-0649.csv container-0650.csv,
ホーリィジェム,Holy Gem,,6,container-0641.csv container-0644.csv container-0645.csv container-0647.csv container-0649.csv container-0650.csv,
シャドウジェム,Shadow Gem,,6,container-0641.csv container-0644.csv container-0645.csv container-0647.csv container-0649.csv container-0650.csv,
プリズムジェム,Prism Gem,,6,container-0641.csv container-0644.csv container-0645.csv container-0647.csv container-0649.csv container-0650.csv,
ミトラの聖水,Holy Water of Mithra,,6,container-0641.csv container-0644.csv container-0645.csv container-0647.csv container-0649.csv container-0650.csv,
赤の液体,Red Liquid,,6,container-0641.csv container-0644.csv container-0645.csv container-0647.csv container-0649.csv container-0650.csv,
混乱の書,Tome of Anarchy,,6,container-0641.csv container-0644.csv container-0645.csv container-0647.csv container-0649.csv container-0650.csv,
錬金術の書,Tome of Alchemy,,6,container-0641.csv container-0644.csv container-0645.csv container-0647.csv container-0649.csv container-0650.csv,
戦士の秘薬,Warrior's Arcanum,,6,container-0641.csv container-0644.csv container-0645.csv container-0647.csv container-0649.csv container-0650.csv,
薬士の秘薬,Apothecary's Arcanum,,6,container-0641.csv container-0644.csv container-0645.csv container-0647.csv container-0649.csv container-0650.csv,
魔女の秘薬,Witch's Arcanum,,6,container-0641.csv container-0644.csv container-0645.csv container-0647.csv container-0649.csv container-0650.csv,
賢者の秘薬,Sage's Arcanum,,6,container-0641.csv container-0644.csv container-0645.csv container-0647.csv container-0649.csv container-0650.csv,
小人の霊薬,Dwarf Tincture,,6,container-0641.csv container-0644.csv container-0645.csv container-0647.csv container-0649.csv container-0650.csv,
妖精の霊薬,Fairy Tincture,,6,container-0641.csv container-0644.csv container-0645.csv container-0647.csv container-0649.csv container-0650.csv,
精霊の霊薬,Spirit Tincture,,6,container-0641.csv container-0644.csv container-0645.csv container-0647.csv container-0649.csv container-0650.csv,
女神の霊薬,Goddess Tincture,,6,container-0641.csv container-0644.csv container-0645.csv container-0647.csv container-0649.csv container-0650.csv,
エリクサー,Elixir,,6,container-0641.csv container-0644.csv container-0645.csv container-0647.csv container-0649.csv container-0650.csv,
プライムエリクサー,Prime Elixir,,6,container-0641.csv container-0644.csv container-0645.csv container-0647.csv container-0649.csv container-0650.csv,
ノーブルエリクサー,Noble Elixir,,6,container-0641.csv container-0644.csv container-0645.csv container-0647.csv container-0649.csv container-0650.csv,
ユニオンプラム,Union Plume,,6,container-0641.csv container-0644.csv container-0645.csv container-0647.csv container-0649.csv container-0650.csv,
聖水,Holy Water,,6,container-0641.csv container-0644.csv container-0645.csv container-0647.csv container-0649.csv container-0650.csv,
聖杯,Holy Grail,,6,container-0641.csv container-0644.csv container-0645.csv container-0647.csv container-0649.csv container-0650.csv,
イズンの林檎,Idun's Apples,,6,container-0641.csv container-0644.csv container-0645.csv container-0647.csv container-0649.csv container-0650.csv,
やわらかな石,Soft Stone,,6,container-0641.csv container-0644.csv container-0645.csv container-0647.csv container-0649.csv container-0650.csv,
方位石,Aspect Stone,,6,container-0641.csv container-0644.csv container-0645.csv container-0647.csv container-0649.csv container-0650.csv,
星読みの石版,Horoscope Tablet,,6,container-0641.csv container-0644.csv container-0645.csv container-0647.csv container-0649.csv container-0650.csv,
耐炎の護符,Fireproof Trinket,,6,container-0641.csv container-0644.csv container-0645.csv container-0647.csv container-0649.csv container-0650.csv,
防寒の護符,Iceproof Trinket,,6,container-0641.csv container-0644.csv container-0645.csv container-0647.csv container-0649.csv container-0650.csv,
砕土の護符,Earthproof Trinket,,6,container-0641.csv container-0644.csv container-0645.csv container-0647.csv container-0649.csv container-0650.csv,
避雷の護符,Lightningproof Trinket,,6,container-0641.csv container-0644.csv container-0645.csv container-0647.csv container-0649.csv container-0650.csv,
無欠の護符,Foolproof Trinket,,6,container-0641.csv container-0644.csv container-0645.csv container-0647.csv container-0649.csv container-0650.csv,
耐炎のタリスマン,Fireproof Talisman,,6,container-0641.csv container-0644.csv container-0645.csv container-0647.csv container-0649.csv container-0650.csv,
防寒のタリスマン,Iceproof Talisman,,6,container-0641.csv container-0644.csv container-0645.csv container-0647.csv container-0649.csv container-0650.csv,
砕土のタリスマン,Earthproof Talisman,,6,container-0641.csv container-0644.csv container-0645.csv container-0647.csv container-0649.csv container-0650.csv,
避雷のタリスマン,Lightningproof Talisman,,6,container-0641.csv container-0644.csv container-0645.csv container-0647.csv container-0649.csv container-0650.csv,
無欠のタリスマン,Foolproof Talisman,,6,container-0641.csv container-0644.csv container-0645.csv container-0647.csv container-0649.csv container-0650.csv,
リキュールポーシヨン,Nectar Potion,,6,container-0641.csv container-0644.csv container-0645.csv container-0647.csv container-0649.csv container-0650.csv,
チャージブレイク,Charge Break,,6,container-0641.csv container-0644.csv container-0645.csv container-0647.csv container-0649.csv container-0650.csv,
マイトポーシヨン,Might Potion,,6,container-0641.csv container-0644.csv container-0645.csv container-0647.csv container-0649.csv container-0650.csv,
ガードポーシヨン,Guard Potion,,6,container-0641.csv container-0644.csv container-0645.csv container-0647.csv container-0649.csv container-0650.csv,
スペルポーシヨン,Spell Potion,,6,container-0641.csv container-0644.csv container-0645.csv container-0647.csv container-0649.csv container-0650.csv,
オーバードライブ,Overdrive,,6,container-0641.csv container-0644.csv container-0645.csv container-0647.csv container-0649.csv container-0650.csv,
転移の書,Tome of Teleportation,,6,container-0641.csv container-0644.csv container-0645.csv container-0647.csv container-0649.csv container-0650.csv,
転換の杖,Wand of Exchange,,6,container-0641.csv container-0644.csv container-0645.csv container-0647.csv container-0649.csv container-0650.csv,
緋炎石,Rose Gem,,6,container-0641.csv container-0644.csv container-0645.csv container-0647.csv container-0649.csv container-0650.csv,
蒼炎石,Azure Gem,,6,container-0641.csv container-0644.csv container-0645.csv container-0647.csv container-0649.csv container-0650.csv,
翠炎石,Jade Gem,,6,container-0641.csv container-0644.csv container-0645.csv container-0647.csv container-0649.csv container-0650.csv,
識者の経験,Expert's Experience,,6,container-0641.csv container-0644.csv container-0645.csv container-0647.csv container-0649.csv container-0650.csv,
アンブロシア,Ambrosia,,6,container-0641.csv container-0644.csv container-0645.csv container-0647.csv container-0649.csv container-0650.csv,
剣士の知識,Fencer's Familiarity,,6,container-0641.csv container-0644.csv container-0645.csv container-0647.csv container-0649.csv container-0650.csv,
魔術師の知識,Sorcerer's Savvy,,6,container-0641.csv container-0644.csv container-0645.csv container-0647.csv container-0649.csv container-0650.csv,
弓闘士の知識,Archer's Aptitude,,6,container-0641.csv container-0644.csv container-0645.csv container-0647.csv container-0649.csv container-0650.csv,
盗賊の知識,Thief's Thoughts,,6,container-0641.csv container-0644.csv container-0645.csv container-0647.csv container-0649.csv container-0650.csv,
重戦士の知識,Warrior's Wits,,6,container-0641.csv container-0644.csv container-0645.csv container-0647.csv container-0649.csv container-0650.csv,
金の卵,Golden Egg,,6,container-0641.csv container-0644.csv container-0645.csv container-0647.csv container-0649.csv container-0650.csv,
天空の瞳,Eye of Heaven,,6,container-0641.csv container-0644.csv container-0645.csv container-0647.csv container-0649.csv container-0650.csv,
ダブルサーチ,Double-check,,6,container-0641.csv container-0644.csv container-0645.csv container-0647.csv container-0649.csv container-0650.csv,
スペクタクルズ,Spectacles,,6,container-0641.csv container-0644.csv container-0645.csv container-0647.csv container-0649.csv container-0650.csv,
幻視の珠,Gem of Illusion,,6,container-0641.csv container-0644.csv container-0645.csv container-0647.csv container-0649.csv container-0650.csv,
神速の書,Tome of Godspeed,,6,container-0641.csv container-0644.csv container-0645.csv container-0647.csv container-0649.csv container-0650.csv,
巨大な前歯,Immense Incisor,,6,container-0641.csv container-0644.csv container-0645.csv container-0647.csv container-0649.csv container-0650.csv,
巨大な奥歯,Monstrous Molar,,6,container-0641.csv container-0644.csv container-0645.csv container-0647.csv container-0649.csv container-0650.csv,
巨大な犬歯,Colossal Canine Tooth,,6,container-0641.csv container-0644.csv container-0645.csv container-0647.csv container-0649.csv container-0650.csv,
トロルクレイ,Troll Clay,,6,container-0641.csv container-0644.csv container-0645.csv container-0647.csv container-0649.csv container-0650.csv,
腐った棍棒,Rotted Bludgeon,,6,container-0641.csv container-0644.csv container-0645.csv container-0647.csv container-0649.csv container-0650.csv,
ドクロの器,Skull Receptacle,,6,container-0641.csv container-0644.csv container-0645.csv container-0647.csv container-0649.csv container-0650.csv,
がいこつの杯,Skeleton Goblet,,6,container-0641.csv container-0644.csv container-0645.csv container-0647.csv container-0649.csv container-0650.csv,
黒いドクロ,Black Skull,,6,container-0641.csv container-0644.csv container-0645.csv container-0647.csv container-0649.csv container-0650.csv,
漆黒の結晶,Black Crystal,,6,container-0641.csv container-0644.csv container-0645.csv container-0647.csv container-0649.csv container-0650.csv,
骨クズ,Bonemeal,,6,container-0641.csv container-0644.csv container-0645.csv container-0647.csv container-0649.csv container-0650.csv,
緋炎の尖晶石,Fuchsia Spinel,,6,container-0641.csv container-0644.csv container-0645.csv container-0647.csv container-0649.csv container-0650.csv,
蒼炎の尖晶石,Teal Spinel,,6,container-0641.csv container-0644.csv container-0645.csv container-0647.csv container-0649.csv container-0650.csv,
翠炎の尖晶石,Chartreuse Spinel,,6,container-0641.csv container-0644.csv container-0645.csv container-0647.csv container-0649.csv container-0650.csv,
赤雷の珠,Scarlet Alloy,,6,container-0641.csv container-0644.csv container-0645.csv container-0647.csv container-0649.csv container-0650.csv,
青雷の珠,Cerulean Alloy,,6,container-0641.csv container-0644.csv container-0645.csv container-0647.csv container-0649.csv container-0650.csv,
翠雷の珠,Verdigris Alloy,,6,container-0641.csv container-0644.csv container-0645.csv container-0647.csv container-0649.csv container-0650.csv,
錬赤鉱,Polished Red Ore,,6,container-0641.csv container-0644.csv container-0645.csv container-0647.csv container-0649.csv container-0650.csv,
錬青鉱,Polished Blue Ore,,6,container-0641.csv container-0644.csv container-0645.csv container-0647.csv container-0649.csv container-0650.csv,
錬翠鉱,Polished Green Ore,,6,container-0641.csv container-0644.csv container-0645.csv container-0647.csv container-0649.csv container-0650.csv,
赤氷珠,Rose Quartz,,6,container-0641.csv container-0644.csv container-0645.csv container-0647.csv container-0649.csv container-0650.csv,
青氷珠,Indigo Quartz,,6,container-0641.csv container-0644.csv container-0645.csv container-0647.csv container-0649.csv container-0650.csv,
翠氷珠,Sage Quartz,,6,container-0641.csv container-0644.csv container-0645.csv container-0647.csv container-0649.csv container-0650.csv,
折れた刀身,Broken Blade,,6,container-0641.csv container-0644.csv container-0645.csv container-0647.csv container-0649.csv container-0650.csv,
折れた剣,Broken Sword,,6,container-0641.csv container-0644.csv container-0645.csv container-0647.csv container-0649.csv container-0650.csv,
レッドホーン,Red Horn,,6,container-0641.csv container-0644.csv container-0645.csv container-0647.csv container-0649.csv container-0650.csv,
竜の角,Dragon's Horn,,6,container-0641.csv container-0644.csv container-0645.csv container-0647.csv container-0649.csv container-0650.csv,
レッドファング,Red Fang,,6,container-0641.csv container-0644.csv container-0645.csv container-0647.csv container-0649.csv container-0650.csv,
竜の牙,Dragon's Fang,,6,container-0641.csv container-0644.csv container-0645.csv container-0647.csv container-0649.csv container-0650.csv,
ドラゴンサファイア,Dragon Sapphire,,6,container-0641.csv container-0644.csv container-0645.csv container-0647.csv container-0649.csv container-0650.csv,
ドラゴンエメラルド,Dragon Emerald,,6,container-0641.csv container-0644.csv container-0645.csv container-0647.csv container-0649.csv container-0650.csv,
ドラゴンルビー,Dragon Ruby,,6,container-0641.csv container-0644.csv container-0645.csv container-0647.csv container-0649.csv container-0650.csv,
竜の翼骨,Dragon's Wingbone,,6,container-0641.csv container-0644.csv container-0645.csv container-0647.csv container-0649.csv container-0650.csv,
エメラルドホーン,Emerald Horn,,6,container-0641.csv container-0644.csv container-0645.csv container-0647.csv container-0649.csv container-0650.csv,
竜の斬爪,Dragon's Talon,,6,container-0641.csv container-0644.csv container-0645.csv container-0647.csv container-0649.csv container-0650.csv,
竜神の逆鱗,Dragonlord's Nerves,,6,container-0641.csv container-0644.csv container-0645.csv container-0647.csv container-0649.csv container-0650.csv,
竜の眼珠,Dragon's Eyeball,,6,container-0641.csv container-0644.csv container-0645.csv container-0647.csv container-0649.csv container-0650.csv,
竜のうろこ,Dragon Scales,,6,container-0641.csv container-0644.csv container-0645.csv container-0647.csv container-0649.csv container-0650.csv,
魔物のうろこ,Monster Scales,,6,container-0641.csv container-0644.csv container-0645.csv container-0647.csv container-0649.csv container-0650.csv,
深緑のうろこ,Evergreen Scales,,6,container-0641.csv container-0644.csv container-0645.csv container-0647.csv container-0649.csv container-0650.csv,
虹色のうろこ,Rainbow Scales,,6,container-0641.csv container-0644.csv container-0645.csv container-0647.csv container-0649.csv container-0650.csv,
ジャンクシールド,Worn Shield,,6,container-0641.csv container-0644.csv container-0645.csv container-0647.csv container-0649.csv container-0650.csv,
クラウン,Crown,,6,container-0641.csv container-0644.csv container-0645.csv container-0647.csv container-0649.csv container-0650.csv,
ワニ皮,Alligator Skin,,6,container-0641.csv container-0644.csv container-0645.csv container-0647.csv container-0649.csv container-0650.csv,
するどい矛先,Sharp Spearhead,,6,container-0641.csv container-0644.csv container-0645.csv container-0647.csv container-0649.csv container-0650.csv,
こうもりの羽,Bat Wing,,6,container-0641.csv container-0644.csv container-0645.csv container-0647.csv container-0649.csv container-0650.csv,
黒い飛膜,Black Wing Skin,,6,container-0641.csv container-0644.csv container-0645.csv container-0647.csv container-0649.csv container-0650.csv,
こうもり傘,Bat Umbrella,,6,container-0641.csv container-0644.csv container-0645.csv container-0647.csv container-0649.csv container-0650.csv,
こうもりの耳,Bat Ear,,6,container-0641.csv container-0644.csv container-0645.csv container-0647.csv container-0649.csv container-0650.csv,
大ワシの心臓,Great Eagle Heart,,6,container-0641.csv container-0644.csv container-0645.csv container-0647.csv container-0649.csv container-0650.csv,
風切羽,Wing Feather,,6,container-0641.csv container-0644.csv container-0645.csv container-0647.csv container-0649.csv container-0650.csv,
封雷の尾羽,Charged Tailfeather,,6,container-0641.csv container-0644.csv container-0645.csv container-0647.csv container-0649.csv container-0650.csv,
封嵐の尾羽,Windswept Tailfeather,,6,container-0641.csv container-0644.csv container-0645.csv container-0647.csv container-0649.csv container-0650.csv,
猛禽の爪,Raptor's Talon,,6,container-0641.csv container-0644.csv container-0645.csv container-0647.csv container-0649.csv container-0650.csv,
獣の牙,Beast's Fang,,6,container-0641.csv container-0644.csv container-0645.csv container-0647.csv container-0649.csv container-0650.csv,
真紅の牙,Scarlet Fang,,6,container-0641.csv container-0644.csv container-0645.csv container-0647.csv container-0649.csv container-0650.csv,
ファイアブレスコア,Firebreath Core,,6,container-0641.csv container-0644.csv container-0645.csv container-0647.csv container-0649.csv container-0650.csv,
ブレイズブレスコア,Blazebreath Core,,6,container-0641.csv container-0644.csv container-0645.csv container-0647.csv container-0649.csv container-0650.csv,
フレイムブレスコア,Flamebreath Core,,6,container-0641.csv container-0644.csv container-0645.csv container-0647.csv container-0649.csv container-0650.csv,
アイスブレスコア,Icebreath Core,,6,container-0641.csv container-0644.csv container-0645.csv container-0647.csv container-0649.csv container-0650.csv,
コールドブレスコア,Frostbreath Core,,6,container-0641.csv container-0644.csv container-0645.csv container-0647.csv container-0649.csv container-0650.csv,
ブリザードブレスコア,Blizzardbreath Core,,6,container-0641.csv container-0644.csv container-0645.csv container-0647.csv container-0649.csv container-0650.csv,
ガスブレスコア,Gasbreath Core,,6,container-0641.csv container-0644.csv container-0645.csv container-0647.csv container-0649.csv container-0650.csv,
ポイズンブレスコア,Poisonbreath Core,,6,container-0641.csv container-0644.csv container-0645.csv container-0647.csv container-0649.csv container-0650.csv,
ハームブレスコア,Toxicbreath Core,,6,container-0641.csv container-0644.csv container-0645.csv container-0647.csv container-0649.csv container-0650.csv,
五色のブレスコア,Pentachrome Breath Core,,6,container-0641.csv container-0644.csv container-0645.csv container-0647.csv container-0649.csv container-0650.csv,
獣の毛皮,Beast Pelt,,6,container-0641.csv container-0644.csv container-0645.csv container-0647.csv container-0649.csv container-0650.csv,
獣肉,Beast's Flesh,,6,container-0641.csv container-0644.csv container-0645.csv container-0647.csv container-0649.csv container-0650.csv,
スリングトップ,Koboldapult,,6,container-0641.csv container-0644.csv container-0645.csv container-0647.csv container-0649.csv container-0650.csv,
コボルトランサー,Koboldriller,,6,container-0641.csv container-0644.csv container-0645.csv container-0647.csv container-0649.csv container-0650.csv,
コボルトハンマー,Koboldriver,,6,container-0641.csv container-0644.csv container-0645.csv container-0647.csv container-0649.csv container-0650.csv,
銅のコイン,Copper Coin,,6,container-0641.csv container-0644.csv container-0645.csv container-0647.csv container-0649.csv container-0650.csv,
銀のコイン,Silver Coin,,6,container-0641.csv container-0644.csv container-0645.csv container-0647.csv container-0649.csv container-0650.csv,
金のコイン,Gold Coin,,6,container-0641.csv container-0644.csv container-0645.csv container-0647.csv container-0649.csv container-0650.csv,
稲妻のコイン,Bolt Coin,,6,container-0641.csv container-0644.csv container-0645.csv container-0647.csv container-0649.csv container-0650.csv,
鉄鉱石,Iron Ore,,6,container-0641.csv container-0644.csv container-0645.csv container-0647.csv container-0649.csv container-0650.csv,
巨獣の手羽,Gargoyle's Arch,,6,container-0641.csv container-0644.csv container-0645.csv container-0647.csv container-0649.csv container-0650.csv,
巨獣の翼,Gargoyle's Wings,,6,container-0641.csv container-0644.csv container-0645.csv container-0647.csv container-0649.csv container-0650.csv,
真紅の羽根,Crimson Feather,,6,container-0641.csv container-0644.csv container-0645.csv container-0647.csv container-0649.csv container-0650.csv,
深緑の羽根,Evergreen Feather,,6,container-0641.csv container-0644.csv container-0645.csv container-0647.csv container-0649.csv container-0650.csv,
純白の飾り羽,Pure White Plume,,6,container-0641.csv container-0644.csv container-0645.csv container-0647.csv container-0649.csv container-0650.csv,
藍色の飾り羽,Indigo Plume,,6,container-0641.csv container-0644.csv container-0645.csv container-0647.csv container-0649.csv container-0650.csv,
くちばし,Beak,,6,container-0641.csv container-0644.csv container-0645.csv container-0647.csv container-0649.csv container-0650.csv,
羽毛,Feather,,6,container-0641.csv container-0644.csv container-0645.csv container-0647.csv container-0649.csv container-0650.csv,
金剛石,Garnet,,6,container-0641.csv container-0644.csv container-0645.csv container-0647.csv container-0649.csv container-0650.csv,
白い花弁,White Flower Petal,,6,container-0641.csv container-0644.csv container-0645.csv container-0647.csv container-0649.csv container-0650.csv,
赤い花弁,Red Flower Petal,,6,container-0641.csv container-0644.csv container-0645.csv container-0647.csv container-0649.csv container-0650.csv,
ポイズンシード,Poison Seed,,6,container-0641.csv container-0644.csv container-0645.csv container-0647.csv container-0649.csv container-0650.csv,
ハームシード,Toxic Seed,,6,container-0641.csv container-0644.csv container-0645.csv container-0647.csv container-0649.csv container-0650.csv,
ベラドンナ,Nightshade,,6,container-0641.csv container-0644.csv container-0645.csv container-0647.csv container-0649.csv container-0650.csv,
虫のトゲ,Insect Stinger,,6,container-0641.csv container-0644.csv container-0645.csv container-0647.csv container-0649.csv container-0650.csv,
ヒートプレート,Hot Plate,,6,container-0641.csv container-0644.csv container-0645.csv container-0647.csv container-0649.csv container-0650.csv,
甲虫の角,Beetle Horn,,6,container-0641.csv container-0644.csv container-0645.csv container-0647.csv container-0649.csv container-0650.csv,
甲虫の殻片,Beetle Shell,,6,container-0641.csv container-0644.csv container-0645.csv container-0647.csv container-0649.csv container-0650.csv,
ブルーバブルコア,Blue Bubble Core,,6,container-0641.csv container-0644.csv container-0645.csv container-0647.csv container-0649.csv container-0650.csv,
グリーンバブルコア,Green Bubble Core,,6,container-0641.csv container-0644.csv container-0645.csv container-0647.csv container-0649.csv container-0650.csv,
ソードホーン,Swordfish Snout,,6,container-0641.csv container-0644.csv container-0645.csv container-0647.csv container-0649.csv container-0650.csv,
バンカーホーン,Narwhal Tooth,,6,container-0641.csv container-0644.csv container-0645.csv container-0647.csv container-0649.csv container-0650.csv,
海鮮肉,Seafood,,6,container-0641.csv container-0644.csv container-0645.csv container-0647.csv container-0649.csv container-0650.csv,
ガスバレル,Gas Ejector,,6,container-0641.csv container-0644.csv container-0645.csv container-0647.csv container-0649.csv container-0650.csv,
ジェットバレル,Jet Ejector,,6,container-0641.csv container-0644.csv container-0645.csv container-0647.csv container-0649.csv container-0650.csv,
レッドバレル,Red Ejector,,6,container-0641.csv container-0644.csv container-0645.csv container-0647.csv container-0649.csv container-0650.csv,
ストーンブリット,Stone Bullet,,6,container-0641.csv container-0644.csv container-0645.csv container-0647.csv container-0649.csv container-0650.csv,
貝殻の弾丸,Ammunition Shell,,6,container-0641.csv container-0644.csv container-0645.csv container-0647.csv container-0649.csv container-0650.csv,
アーマーピアス,Armor Piercer,,6,container-0641.csv container-0644.csv container-0645.csv container-0647.csv container-0649.csv container-0650.csv,
黒真珠,Black Pearl,,6,container-0641.csv container-0644.csv container-0645.csv container-0647.csv container-0649.csv container-0650.csv,
粘着液,Adhesive,,6,container-0641.csv container-0644.csv container-0645.csv container-0647.csv container-0649.csv container-0650.csv,
歩行花の脚,Walkflower Leg,,6,container-0641.csv container-0644.csv container-0645.csv container-0647.csv container-0649.csv container-0650.csv,
歩行花の根,Walkflower Root,,6,container-0641.csv container-0644.csv container-0645.csv container-0647.csv container-0649.csv container-0650.csv,
歩行花のツル,Walkflower Tendril,,6,container-0641.csv container-0644.csv container-0645.csv container-0647.csv container-0649.csv container-0650.csv,
歩行花の剣,Walkflower Blade,,6,container-0641.csv container-0644.csv container-0645.csv container-0647.csv container-0649.csv container-0650.csv,
ロウの塊,Wax Clump,,6,container-0641.csv container-0644.csv container-0645.csv container-0647.csv container-0649.csv container-0650.csv,
植物の種,Vegetable Seed,,6,container-0641.csv container-0644.csv container-0645.csv container-0647.csv container-0649.csv container-0650.csv,
仮面の欠片,Mask Fragment,,6,container-0641.csv container-0644.csv container-0645.csv container-0647.csv container-0649.csv container-0650.csv,
ボーンマスク,Bone Mask,,6,container-0641.csv container-0644.csv container-0645.csv container-0647.csv container-0649.csv container-0650.csv,
ダークアミュレット,Dark Amulet,,6,container-0641.csv container-0644.csv container-0645.csv container-0647.csv container-0649.csv container-0650.csv,
カオスフォース,Chaos Force,,6,container-0641.csv container-0644.csv container-0645.csv container-0647.csv container-0649.csv container-0650.csv,
崩虚珠,Desolation Gem,,6,container-0641.csv container-0644.csv container-0645.csv container-0647.csv container-0649.csv container-0650.csv,
オーラフォース,Aura Force,,6,container-0641.csv container-0644.csv container-0645.csv container-0647.csv container-0649.csv container-0650.csv,
ボーンレリーフ,Bone Relief,,6,container-0641.csv container-0644.csv container-0645.csv container-0647.csv container-0649.csv container-0650.csv,
不死者の書,Tome of Necromancy,,6,container-0641.csv container-0644.csv container-0645.csv container-0647.csv container-0649.csv container-0650.csv,
ゴーレムアイ,Golem Eye,,6,container-0641.csv container-0644.csv container-0645.csv container-0647.csv container-0649.csv container-0650.csv,
偽りの水晶,Counterfeit Crystal,,6,container-0641.csv container-0644.csv container-0645.csv container-0647.csv container-0649.csv container-0650.csv,
ピクシーキューブ,Pixie Cube,,6,container-0641.csv container-0644.csv container-0645.csv container-0647.csv container-0649.csv container-0650.csv,
ゴーレムハート,Golem Heart,,6,container-0641.csv container-0644.csv container-0645.csv container-0647.csv container-0649.csv container-0650.csv,
卑金属,Base Metal,,6,container-0641.csv container-0644.csv container-0645.csv container-0647.csv container-0649.csv container-0650.csv,
レッドソウルフレイム,Red Soul Flame,,6,container-0641.csv container-0644.csv container-0645.csv container-0647.csv container-0649.csv container-0650.csv,
ブルーソウルフレイム,Blue Soul Flame,,6,container-0641.csv container-0644.csv container-0645.csv container-0647.csv container-0649.csv container-0650.csv,
首のない人形,Headless Doll,,6,container-0641.csv container-0644.csv container-0645.csv container-0647.csv container-0649.csv container-0650.csv,
氷の宝珠,Ice Jewel,,6,container-0641.csv container-0644.csv container-0645.csv container-0647.csv container-0649.csv container-0650.csv,
雹の宝珠,Hail Jewel,,6,container-0641.csv container-0644.csv container-0645.csv container-0647.csv container-0649.csv container-0650.csv,
穿孔の刻印,Drilling Imprint,,6,container-0641.csv container-0644.csv container-0645.csv container-0647.csv container-0649.csv container-0650.csv,
貫通の刻印,Piercing Imprint,,6,container-0641.csv container-0644.csv container-0645.csv container-0647.csv container-0649.csv container-0650.csv,
魔鏡の欠片,Mirror Fragment,,6,container-0641.csv container-0644.csv container-0645.csv container-0647.csv container-0649.csv container-0650.csv,
イビルミラー,Evil Mirror,,6,container-0641.csv container-0644.csv container-0645.csv container-0647.csv container-0649.csv container-0650.csv,
赤銅の聖印,Copper Signet,,6,container-0641.csv container-0644.csv container-0645.csv container-0647.csv container-0649.csv container-0650.csv,
闇の神器,Cask of Offering,,6,container-0641.csv container-0644.csv container-0645.csv container-0647.csv container-0649.csv container-0650.csv,
契約の鎖,Pact Chain,,6,container-0641.csv container-0644.csv container-0645.csv container-0647.csv container-0649.csv container-0650.csv,
デーモンホーン,Demon Horn,,6,container-0641.csv container-0644.csv container-0645.csv container-0647.csv container-0649.csv container-0650.csv,
ディアブロホーン,Diablo Horn,,6,container-0641.csv container-0644.csv container-0645.csv container-0647.csv container-0649.csv container-0650.csv,
死者の宝珠,Dead Man's Gem,,6,container-0641.csv container-0644.csv container-0645.csv container-0647.csv container-0649.csv container-0650.csv,
愚者の宝珠,Fool's Gem,,6,container-0641.csv container-0644.csv container-0645.csv container-0647.csv container-0649.csv container-0650.csv,
漆黒の翼,Jet Black Wing,,6,container-0641.csv container-0644.csv container-0645.csv container-0647.csv container-0649.csv container-0650.csv,
暗黒の翼,Wing of Darkness,,6,container-0641.csv container-0644.csv container-0645.csv container-0647.csv container-0649.csv container-0650.csv,
デモンズブレイズ,Demon's Blaze,,6,container-0641.csv container-0644.csv container-0645.csv container-0647.csv container-0649.csv container-0650.csv,
ヴァンパイアハート,Vampire Heart,,6,container-0641.csv container-0644.csv container-0645.csv container-0647.csv container-0649.csv container-0650.csv,
不滅の炎,Eternal Flame,,6,container-0641.csv container-0644.csv container-0645.csv container-0647.csv container-0649.csv container-0650.csv,
ヴァンパイアファング,Vampire Fang,,6,container-0641.csv container-0644.csv container-0645.csv container-0647.csv container-0649.csv container-0650.csv,
吸血牙,Bloodsucking Fang,,6,container-0641.csv container-0644.csv container-0645.csv container-0647.csv container-0649.csv container-0650.csv,
ヴァンパイアクロー,Vampire Claw,,6,container-0641.csv container-0644.csv container-0645.csv container-0647.csv container-0649.csv container-0650.csv,
シャープシザーハート,Sharp Scissor Heart,,6,container-0641.csv container-0644.csv container-0645.csv container-0647.csv container-0649.csv container-0650.csv,
シャープシザーの翼,Sharp Scissor Wing,,6,container-0641.csv container-0644.csv container-0645.csv container-0647.csv container-0649.csv container-0650.csv,
シザーハンド,Scissorhand,,6,container-0641.csv container-0644.csv container-0645.csv container-0647.csv container-0649.csv container-0650.csv,
黄水晶,Citrine,,6,container-0641.csv container-0644.csv container-0645.csv container-0647.csv container-0649.csv container-0650.csv,
バラの刻印,Rose Imprint,,6,container-0641.csv container-0644.csv container-0645.csv container-0647.csv container-0649.csv container-0650.csv,
大ばさみ,Giant Pincers,,6,container-0641.csv container-0644.csv container-0645.csv container-0647.csv container-0649.csv container-0650.csv,
断岩鋏,Stonecutting Pincers,,6,container-0641.csv container-0644.csv container-0645.csv container-0647.csv container-0649.csv container-0650.csv,
ガイストコア,Geist Core,,6,container-0641.csv container-0644.csv container-0645.csv container-0647.csv container-0649.csv container-0650.csv,
グレムリンコア,Gremlin Core,,6,container-0641.csv container-0644.csv container-0645.csv container-0647.csv container-0649.csv container-0650.csv,
ビッグラム,Ram's Horn,,6,container-0641.csv container-0644.csv container-0645.csv container-0647.csv container-0649.csv container-0650.csv,
ブレイクラム,Battering Ram's Horn,,6,container-0641.csv container-0644.csv container-0645.csv container-0647.csv container-0649.csv container-0650.csv,
アーマーテイル,Tail Armor,,6,container-0641.csv container-0644.csv container-0645.csv container-0647.csv container-0649.csv container-0650.csv,
蛇腹の装甲,Snakebelly Armor,,6,container-0641.csv container-0644.csv container-0645.csv container-0647.csv container-0649.csv container-0650.csv,
虚ろの殻,Empty Shell,,6,container-0641.csv container-0644.csv container-0645.csv container-0647.csv container-0649.csv container-0650.csv,
虚無殻,Hollow Shell,,6,container-0641.csv container-0644.csv container-0645.csv container-0647.csv container-0649.csv container-0650.csv,
らせんの矢じり,Spiral Arrowhead,,6,container-0641.csv container-0644.csv container-0645.csv container-0647.csv container-0649.csv container-0650.csv,
バラカ,Baraka,,6,container-0641.csv container-0644.csv container-0645.csv container-0647.csv container-0649.csv container-0650.csv,
魔眼の宝珠,Evil Eye Gem,,6,container-0641.csv container-0644.csv container-0645.csv container-0647.csv container-0649.csv container-0650.csv,
眼珠,Eyeball,,6,container-0641.csv container-0644.csv container-0645.csv container-0647.csv container-0649.csv container-0650.csv,
ハートコア,Heart Core,,6,container-0641.csv container-0644.csv container-0645.csv container-0647.csv container-0649.csv container-0650.csv,
エメラルドハートコア,Emerald Heart Core,,6,container-0641.csv container-0644.csv container-0645.csv container-0647.csv container-0649.csv container-0650.csv,
堅牢骨,Thick Bone,,6,container-0641.csv container-0644.csv container-0645.csv container-0647.csv container-0649.csv container-0650.csv,
ボーンメイス,Bone Mace,,6,container-0641.csv container-0644.csv container-0645.csv container-0647.csv container-0649.csv container-0650.csv,
極硬骨,Bonafide Bone,,6,container-0641.csv container-0644.csv container-0645.csv container-0647.csv container-0649.csv container-0650.csv,
テンタクルス,Tentacles,,6,container-0641.csv container-0644.csv container-0645.csv container-0647.csv container-0649.csv container-0650.csv,
小鬼の牙,Goblin Tooth,,6,container-0641.csv container-0644.csv container-0645.csv container-0647.csv container-0649.csv container-0650.csv,
悪魔の犬歯,Monsters Canine Tooth,,6,container-0641.csv container-0644.csv container-0645.csv container-0647.csv container-0649.csv container-0650.csv,
ドレインウイング,Drainwing,,6,container-0641.csv container-0644.csv container-0645.csv container-0647.csv container-0649.csv container-0650.csv,
スティールウイング,Steelwing,,6,container-0641.csv container-0644.csv container-0645.csv container-0647.csv container-0649.csv container-0650.csv,
トリックスターの刻印,Trickster Imprint,,6,container-0641.csv container-0644.csv container-0645.csv container-0647.csv container-0649.csv container-0650.csv,
小悪魔の心臓,Little Devil Heart,,6,container-0641.csv container-0644.csv container-0645.csv container-0647.csv container-0649.csv container-0650.csv,
ポルト酒,Burgundy Flask,,6,container-0641.csv container-0644.csv container-0645.csv container-0647.csv container-0649.csv container-0650.csv,
レギオン,Legion,,6,container-0641.csv container-0644.csv container-0645.csv container-0647.csv container-0649.csv container-0650.csv,
クリムゾンワスプ,Crimson Wasp,,6,container-0641.csv container-0644.csv container-0645.csv container-0647.csv container-0649.csv container-0650.csv,
プラチナアイ,Platinum Eye,,6,container-0641.csv container-0644.csv container-0645.csv container-0647.csv container-0649.csv container-0650.csv,
大複眼,Big Bugeye,,6,container-0641.csv container-0644.csv container-0645.csv container-0647.csv container-0649.csv container-0650.csv,
ジャイアントアンバー,Giant Amber,,6,container-0641.csv container-0644.csv container-0645.csv container-0647.csv container-0649.csv container-0650.csv,
アンバーコア,Amber Core,,6,container-0641.csv container-0644.csv container-0645.csv container-0647.csv container-0649.csv container-0650.csv,
ビッグニードル,Big Needle,,6,container-0641.csv container-0644.csv container-0645.csv container-0647.csv container-0649.csv container-0650.csv,
ランサーニードル,Lance Needle,,6,container-0641.csv container-0644.csv container-0645.csv container-0647.csv container-0649.csv container-0650.csv,
王虫の羽,Insect King's Wing,,6,container-0641.csv container-0644.csv container-0645.csv container-0647.csv container-0649.csv container-0650.csv,
藍色の羽,Indigo Wing,,6,container-0641.csv container-0644.csv container-0645.csv container-0647.csv container-0649.csv container-0650.csv,
ロイヤルゼリー,Royal Jelly,,6,container-0641.csv container-0644.csv container-0645.csv container-0647.csv container-0649.csv container-0650.csv,
真紅の軟骨,Vermillion Cartilage,,6,container-0641.csv container-0644.csv container-0645.csv container-0647.csv container-0649.csv container-0650.csv,
翡翠の軟骨,Verdigris Cartilage,,6,container-0641.csv container-0644.csv container-0645.csv container-0647.csv container-0649.csv container-0650.csv,
メイスヘッド,Mace Head,,6,container-0641.csv container-0644.csv container-0645.csv container-0647.csv container-0649.csv container-0650.csv,
羊の角,Lamb's Horn,,6,container-0641.csv container-0644.csv container-0645.csv container-0647.csv container-0649.csv container-0650.csv,
歪んだ角,Warped Horn,,6,container-0641.csv container-0644.csv container-0645.csv container-0647.csv container-0649.csv container-0650.csv,
シェルシェード,Shell Shade,,6,container-0641.csv container-0644.csv container-0645.csv container-0647.csv container-0649.csv container-0650.csv,
プロテクトシェード,Protection Shade,,6,container-0641.csv container-0644.csv container-0645.csv container-0647.csv container-0649.csv container-0650.csv,
鷹の刻印,Falcon Imprint,,6,container-0641.csv container-0644.csv container-0645.csv container-0647.csv container-0649.csv container-0650.csv,
必中の刻印,Accuracy Imprint,,6,container-0641.csv container-0644.csv container-0645.csv container-0647.csv container-0649.csv container-0650.csv,
羊の前歯,Lamb's Tooth,,6,container-0641.csv container-0644.csv container-0645.csv container-0647.csv container-0649.csv container-0650.csv,
歪んだ前歯,Warped Teeth,,6,container-0641.csv container-0644.csv container-0645.csv container-0647.csv container-0649.csv container-0650.csv,
蘭の銀細工,Silverwork Orchid,,6,container-0641.csv container-0644.csv container-0645.csv container-0647.csv container-0649.csv container-0650.csv,
飛竜の風切骨,Wyvern's Wingbone,,6,container-0641.csv container-0644.csv container-0645.csv container-0647.csv container-0649.csv container-0650.csv,
竜胆石,Dragon Gallstones,,6,container-0641.csv container-0644.csv container-0645.csv container-0647.csv container-0649.csv container-0650.csv,
竜赤胆,Red Dragon Bile,,6,container-0641.csv container-0644.csv container-0645.csv container-0647.csv container-0649.csv container-0650.csv,
テイルクロー,Tailclaw,,6,container-0641.csv container-0644.csv container-0645.csv container-0647.csv container-0649.csv container-0650.csv,
テイルバンカー,Tailbanger,,6,container-0641.csv container-0644.csv container-0645.csv container-0647.csv container-0649.csv container-0650.csv,
翡翠胆,Green Gallbladder,,6,container-0641.csv container-0644.csv container-0645.csv container-0647.csv container-0649.csv container-0650.csv,
真竜胆,Draconic Gallstone,,6,container-0641.csv container-0644.csv container-0645.csv container-0647.csv container-0649.csv container-0650.csv,
ブリリアントピースメーカー,Brilliant Peacemaker,,6,container-0641.csv container-0644.csv container-0645.csv container-0647.csv container-0649.csv container-0650.csv,
ジェントルカード,Trade Card,,6,container-0641.csv container-0644.csv container-0645.csv container-0647.csv container-0649.csv container-0650.csv,
セイクリッドオーパーツ,Sacred O Part,,6,container-0641.csv container-0644.csv container-0645.csv container-0647.csv container-0649.csv container-0650.csv,
ホーリィスピネル,Sacred Spinel,,6,container-0641.csv container-0644.csv container-0645.csv container-0647.csv container-0649.csv container-0650.csv,
麻の紐,Hemp Laces,,6,container-0641.csv container-0644.csv container-0645.csv container-0647.csv container-0649.csv container-0650.csv,
コアスピネル,Core Spinel,,6,container-0641.csv container-0644.csv container-0645.csv container-0647.csv container-0649.csv container-0650.csv,
スプリントカッパー,Copper Splint,,6,container-0641.csv container-0644.csv container-0645.csv container-0647.csv container-0649.csv container-0650.csv,
コアエメラルド,Core Emerald,,6,container-0641.csv container-0644.csv container-0645.csv container-0647.csv container-0649.csv container-0650.csv,
コアルビー,Core Ruby,,6,container-0641.csv container-0644.csv container-0645.csv container-0647.csv container-0649.csv container-0650.csv,
銀の燭台,Silver Sconce,,6,container-0641.csv container-0644.csv container-0645.csv container-0647.csv container-0649.csv container-0650.csv,
ダークブレスコア,Darkbreath Core,,6,container-0641.csv container-0644.csv container-0645.csv container-0647.csv container-0649.csv container-0650.csv,
ブラックブレスコア,Blackbreath Core,,6,container-0641.csv container-0644.csv container-0645.csv container-0647.csv container-0649.csv container-0650.csv,
翡翠のうろこ,Verdigris Scales,,6,container-0641.csv container-0644.csv container-0645.csv container-0647.csv container-0649.csv container-0650.csv,
エレキブレスコア,Electricbreath Core,,6,container-0641.csv container-0644.csv container-0645.csv container-0647.csv container-0649.csv container-0650.csv,
サンダーブレスコア,Thunderbreath Core,,6,container-0641.csv container-0644.csv container-0645.csv container-0647.csv container-0649.csv container-0650.csv,
ボルトブレスコア,Boltbreath Core,,6,container-0641.csv container-0644.csv container-0645.csv container-0647.csv container-0649.csv container-0650.csv,
ルビーブレスコア,Ruby Breath Core,,6,container-0641.csv container-0644.csv container-0645.csv container-0647.csv container-0649.csv container-0650.csv,
真紅のうろこ,Vermillion Scales,,6,container-0641.csv container-0644.csv container-0645.csv container-0647.csv container-0649.csv container-0650.csv,
紅蓮の吐息,Scarlet Exhalation,,6,container-0641.csv container-0644.csv container-0645.csv container-0647.csv container-0649.csv container-0650.csv,
五色のうろこ,Pentachrome Scales,,6,container-0641.csv container-0644.csv container-0645.csv container-0647.csv container-0649.csv container-0650.csv,
火炎鉱石,Flare Ore,,6,container-0641.csv container-0644.csv container-0645.csv container-0647.csv container-0649.csv container-0650.csv,
緑炎鉱石,Pyrotechnic Ore,,6,container-0641.csv container-0644.csv container-0645.csv container-0647.csv container-0649.csv container-0650.csv,
ダマスカス鉱,Damascus Ore,,6,container-0641.csv container-0644.csv container-0645.csv container-0647.csv container-0649.csv container-0650.csv,
ミスリル鉱,Mithril Ore,,6,container-0641.csv container-0644.csv container-0645.csv container-0647.csv container-0649.csv container-0650.csv,
太陽の宝珠,Solar Jewel,,6,container-0641.csv container-0644.csv container-0645.csv container-0647.csv container-0649.csv container-0650.csv,
命の輝石,Augite of Life,,6,container-0641.csv container-0644.csv container-0645.csv container-0647.csv container-0649.csv container-0650.csv,
アダマンタイト,Adamantite,,6,container-0641.csv container-0644.csv container-0645.csv container-0647.csv container-0649.csv container-0650.csv,
燐鉱,Phosphate Ore,,6,container-0641.csv container-0644.csv container-0645.csv container-0647.csv container-0649.csv container-0650.csv,
竜のドクロ,Dragon Skull,,6,container-0641.csv container-0644.csv container-0645.csv container-0647.csv container-0649.csv container-0650.csv,
屍竜骨,Undead Dragon Bone,,6,container-0641.csv container-0644.csv container-0645.csv container-0647.csv container-0649.csv container-0650.csv,
竜蛆,Dragonmaggots,,6,container-0641.csv container-0644.csv container-0645.csv container-0647.csv container-0649.csv container-0650.csv,
竜甲虫,Dragonfleas,,6,container-0641.csv container-0644.csv container-0645.csv container-0647.csv container-0649.csv container-0650.csv,
腐ったうろこ,Rotted Scales,,6,container-0641.csv container-0644.csv container-0645.csv container-0647.csv container-0649.csv container-0650.csv,
黒ずんだうろこ,Blackened Scales,,6,container-0641.csv container-0644.csv container-0645.csv container-0647.csv container-0649.csv container-0650.csv,
虹彩翼,Spectral Wing,,6,container-0641.csv container-0644.csv container-0645.csv container-0647.csv container-0649.csv container-0650.csv,
透明翼,Transparent Wing,,6,container-0641.csv container-0644.csv container-0645.csv container-0647.csv container-0649.csv container-0650.csv,
黒の竜胆,Black Dragon Gallstone,,6,container-0641.csv container-0644.csv container-0645.csv container-0647.csv container-0649.csv container-0650.csv,
漆黒の竜鱗,Sable Dragonscales,,6,container-0641.csv container-0644.csv container-0645.csv container-0647.csv container-0649.csv container-0650.csv,
暗黒殻,Dark Carapace,,6,container-0641.csv container-0644.csv container-0645.csv container-0647.csv container-0649.csv container-0650.csv,
竜の黒曜爪,Black Dragon Talon,,6,container-0641.csv container-0644.csv container-0645.csv container-0647.csv container-0649.csv container-0650.csv,
白銀蝿,Platinum Fly,,6,container-0641.csv container-0644.csv container-0645.csv container-0647.csv container-0649.csv container-0650.csv,
麗人の炎,Noblewoman's Fire,,6,container-0641.csv container-0644.csv container-0645.csv container-0647.csv container-0649.csv container-0650.csv,
麗人の燐光,Noblewoman's Phosphor,,6,container-0641.csv container-0644.csv container-0645.csv container-0647.csv container-0649.csv container-0650.csv,
麗人の玉,Noblewoman's Ball,,6,container-0641.csv container-0644.csv container-0645.csv container-0647.csv container-0649.csv container-0650.csv,
クリスタルマスク,Crystal Mask,,6,container-0641.csv container-0644.csv container-0645.csv container-0647.csv container-0649.csv container-0650.csv,
ソウルパール,Soul Pearl,,6,container-0641.csv container-0644.csv container-0645.csv container-0647.csv container-0649.csv container-0650.csv,
カッティングクロー,Cutting Claw,,6,container-0641.csv container-0644.csv container-0645.csv container-0647.csv container-0649.csv container-0650.csv,
神器,Divine Cask,,6,container-0641.csv container-0644.csv container-0645.csv container-0647.csv container-0649.csv container-0650.csv,
聖遺物,Holy Relic,,6,container-0641.csv container-0644.csv container-0645.csv container-0647.csv container-0649.csv container-0650.csv,
純白の腰布,White Loincloth,,6,container-0641.csv container-0644.csv container-0645.csv container-0647.csv container-0649.csv container-0650.csv,
英知の宝珠,Wisdom Jewel,,6,container-0641.csv container-0644.csv container-0645.csv container-0647.csv container-0649.csv container-0650.csv,
透器エーテル・レイザー,Ether Laser,Laser de Éter,6,container-0641.csv container-0644.csv container-0645.csv container-0647.csv container-0649.csv container-0650.csv,
レナス人形・フルカラー,Full-color Lenneth,,6,container-0641.csv container-0644.csv container-0645.csv container-0647.csv container-0649.csv container-0650.csv,
ごぶりっち,Gobligotchi,,6,container-0641.csv container-0644.csv container-0645.csv container-0647.csv container-0649.csv container-0650.csv,
トライエンブレムα,tri-Emblem Alpha,,6,container-0641.csv container-0644.csv container-0645.csv container-0647.csv container-0649.csv container-0650.csv,
トライエンブレムβ,tri-Emblem Beta,,6,container-0641.csv container-0644.csv container-0645.csv container-0647.csv container-0649.csv container-0650.csv,
カースチェック,Curse Check,,6,container-0641.csv container-0644.csv container-0645.csv container-0647.csv container-0649.csv container-0650.csv,
フリーズチェック,Freeze Check,,6,container-0641.csv container-0644.csv container-0645.csv container-0647.csv container-0649.csv container-0650.csv,
スタンチェック,Stun Check,,6,container-0641.csv container-0644.csv container-0645.csv container-0647.csv container-0649.csv container-0650.csv,
ストーンチェック,Stone Check,,6,container-0641.csv container-0644.csv container-0645.csv container-0647.csv container-0649.csv container-0650.csv,
パラライチェック,Paralyze Check,,6,container-0641.csv container-0644.csv container-0645.csv container-0647.csv container-0649.csv container-0650.csv,
ポイズンチェック,Poison Check,,6,container-0641.csv container-0644.csv container-0645.csv container-0647.csv container-0649.csv container-0650.csv,
サイレンスチェック,Silence Check,,6,container-0641.csv container-0644.csv container-0645.csv container-0647.csv container-0649.csv container-0650.csv,
コンフューズチェック,Confuse Check,,6,container-0641.csv container-0644.csv container-0645.csv container-0647.csv container-0649.csv container-0650.csv,
ウィークチェック,Frailty Check,,6,container-0641.csv container-0644.csv container-0645.csv container-0647.csv container-0649.csv container-0650.csv,
フィアーチェック,Fear Check,,6,container-0641.csv container-0644.csv container-0645.csv container-0647.csv container-0649.csv container-0650.csv,
パワーバングル,Power Bangle,,6,container-0641.csv container-0644.csv container-0645.csv container-0647.csv container-0649.csv container-0650.csv,
マジックバングル,Magic Bangle,,6,container-0641.csv container-0644.csv container-0645.csv container-0647.csv container-0649.csv container-0650.csv,
ヒールリング,Ring of Healing,,6,container-0641.csv container-0644.csv container-0645.csv container-0647.csv container-0649.csv container-0650.csv,
樽酒,Keg,,6,container-0641.csv container-0644.csv container-0645.csv container-0647.csv container-0649.csv container-0650.csv,
淀んだ水,Stagnant Water,,6,container-0641.csv container-0644.csv container-0645.csv container-0647.csv container-0649.csv container-0650.csv,
壊れたアミュレット,Broken Amulet,,6,container-0641.csv container-0644.csv container-0645.csv container-0647.csv container-0649.csv container-0650.csv,
死灰,Dead Ashes,,6,container-0641.csv container-0644.csv container-0645.csv container-0647.csv container-0649.csv container-0650.csv,
青白の仮面,Pallid Mask,,6,container-0641.csv container-0644.csv container-0645.csv container-0647.csv container-0649.csv container-0650.csv,
祭祀書,Shrine Chronicles,,6,container-0641.csv container-0644.csv container-0645.csv container-0647.csv container-0649.csv container-0650.csv,
骨付き肉,Meat Chops,,6,container-0641.csv container-0644.csv container-0645.csv container-0647.csv container-0649.csv container-0650.csv,
魚燐,Fish Scales,,6,container-0641.csv container-0644.csv container-0645.csv container-0647.csv container-0649.csv container-0650.csv,
Gシード,G-seed,,6,container-0641.csv container-0644.csv container-0645.csv container-0647.csv container-0649.csv container-0650.csv,
妖精の小箱,Fairy-in-the-box,,6,container-0641.csv container-0644.csv container-0645.csv container-0647.csv container-0649.csv container-0650.csv,
ドリルラム,Drilling Ram's Horn,,6,container-0641.csv container-0644.csv container-0645.csv container-0647.csv container-0649.csv container-0650.csv,
トネリコの化石,Petrified Ash,,6,container-0641.csv container-0644.csv container-0645.csv container-0647.csv container-0649.csv container-0650.csv,
壊れた槍,Busted Spear,,6,container-0641.csv container-0644.csv container-0645.csv container-0647.csv container-0649.csv container-0650.csv,
壊れた剣,Busted Sword,,6,container-0641.csv container-0644.csv container-0645.csv container-0647.csv container-0649.csv container-0650.csv,
壊れた弓,Busted Bow,,6,container-0641.csv container-0644.csv container-0645.csv container-0647.csv container-0649.csv container-0650.csv,
壊れた大剣,Busted Greatsword,,6,container-0641.csv container-0644.csv container-0645.csv container-0647.csv container-0649.csv container-0650.csv,
壊れた杖,Busted Staff,,6,container-0641.csv container-0644.csv container-0645.csv container-0647.csv container-0649.csv container-0650.csv,
壊れた槌,Busted Hammer,,6,container-0641.csv container-0644.csv container-0645.csv container-0647.csv container-0649.csv container-0650.csv,
金銀花の露,Honeysuckle Dew,,6,container-0641.csv container-0644.csv container-0645.csv container-0647.csv container-0649.csv container-0650.csv,
ベルセルクの草片,Berserker Herb,,6,container-0641.csv container-0644.csv container-0645.csv container-0647.csv container-0649.csv container-0650.csv,
秩序の原理,The Cosmic Order,,6,container-0641.csv container-0644.csv container-0645.csv container-0647.csv container-0649.csv container-0650.csv,
ブラギの詩篇,Bragi's Song,,6,container-0641.csv container-0644.csv container-0645.csv container-0647.csv container-0649.csv container-0650.csv,
雪解け水,Thaw Water,,6,container-0641.csv container-0644.csv container-0645.csv container-0647.csv container-0649.csv container-0650.csv,
真珠草,Pearl Grass,,6,container-0641.csv container-0644.csv container-0645.csv container-0647.csv container-0649.csv container-0650.csv,
コカトリスの卵,Cockatrice Egg,,6,container-0641.csv container-0644.csv container-0645.csv container-0647.csv container-0649.csv container-0650.csv,
覚醒の実,Awakening Berry,,6,container-0641.csv container-0644.csv container-0645.csv container-0647.csv container-0649.csv container-0650.csv,
ディパンのペナント,Dipan Pennant,,6,container-0641.csv container-0644.csv container-0645.csv container-0647.csv container-0649.csv container-0650.csv,
ホーリィブレスコア,Holybreath Core,,6,container-0641.csv container-0644.csv container-0645.csv container-0647.csv container-0649.csv container-0650.csv,
シャイニングブレスコア,Shiningbreath Core,,6,container-0641.csv container-0644.csv container-0645.csv container-0647.csv container-0649.csv container-0650.csv,
腐竜肝,Rotten Dragon Liver,,6,container-0641.csv container-0644.csv container-0645.csv container-0647.csv container-0649.csv container-0650.csv,
セイバートゥース,Sabertooth,,6,container-0641.csv container-0644.csv container-0645.csv container-0647.csv container-0649.csv container-0650.csv,
虫のカギ爪,Insect Claw,,6,container-0641.csv container-0644.csv container-0645.csv container-0647.csv container-0649.csv container-0650.csv,
インセクトブレイダー,Insect Blade,,6,container-0641.csv container-0644.csv container-0645.csv container-0647.csv container-0649.csv container-0650.csv,
バンシースケイル,Banshee Scales,,6,container-0641.csv container-0644.csv container-0645.csv container-0647.csv container-0649.csv container-0650.csv,
音叉羽,Tuning Wing,,6,container-0641.csv container-0644.csv container-0645.csv container-0647.csv container-0649.csv container-0650.csv,
クレストエストック,Crest Estoc,,6,container-0641.csv container-0644.csv container-0645.csv container-0647.csv container-0649.csv container-0650.csv,
琥珀,Amber,,6,container-0641.csv container-0644.csv container-0645.csv container-0647.csv container-0649.csv container-0650.csv,
堅牢なヒレ,Tough Fin,,6,container-0641.csv container-0644.csv container-0645.csv container-0647.csv container-0649.csv container-0650.csv,
レイフォース,Ray Force,,6,container-0641.csv container-0644.csv container-0645.csv container-0647.csv container-0649.csv container-0650.csv,
折れた爪,Broken Claw,,6,container-0641.csv container-0644.csv container-0645.csv container-0647.csv container-0649.csv container-0650.csv,
戦斧殻,Axe Crust,,6,container-0641.csv container-0644.csv container-0645.csv container-0647.csv container-0649.csv container-0650.csv,
視玉,Sight Stone,,6,container-0641.csv container-0644.csv container-0645.csv container-0647.csv container-0649.csv container-0650.csv,
ビジヨンオーブ,Vision Orb,,6,container-0641.csv container-0644.csv container-0645.csv container-0647.csv container-0649.csv container-0650.csv,
ブラッディクロス,Bloody Patch,,6,container-0641.csv container-0644.csv container-0645.csv container-0647.csv container-0649.csv container-0650.csv,
魔眼のピアス,Evil Eyebrow Ring,,6,container-0641.csv container-0644.csv container-0645.csv container-0647.csv container-0649.csv container-0650.csv,
鋼の蹄鉄,Steel Horseshoe,,6,container-0641.csv container-0644.csv container-0645.csv container-0647.csv container-0649.csv container-0650.csv,
マイトシンボル,Symbol of Might,,6,container-0641.csv container-0644.csv container-0645.csv container-0647.csv container-0649.csv container-0650.csv,
旋風の紋章,Vortex Crest,,6,container-0641.csv container-0644.csv container-0645.csv container-0647.csv container-0649.csv container-0650.csv,
強襲爪,Rising Dragon Talon,,6,container-0641.csv container-0644.csv container-0645.csv container-0647.csv container-0649.csv container-0650.csv,
スパイククロー,Spiked Claw,,6,container-0641.csv container-0644.csv container-0645.csv container-0647.csv container-0649.csv container-0650.csv,
サイズクロー,Scythe Claw,,6,container-0641.csv container-0644.csv container-0645.csv container-0647.csv container-0649.csv container-0650.csv,
黒曜の爪,Obsidian Claw,,6,container-0641.csv container-0644.csv container-0645.csv container-0647.csv container-0649.csv container-0650.csv,
ブレイドクロー,Blade Claw,,6,container-0641.csv container-0644.csv container-0645.csv container-0647.csv container-0649.csv container-0650.csv,
ドラゴンリブ,Dragon Rib,,6,container-0641.csv container-0644.csv container-0645.csv container-0647.csv container-0649.csv container-0650.csv,
竜の肉味噌,Dragon Meat Paste,,6,container-0641.csv container-0644.csv container-0645.csv container-0647.csv container-0649.csv container-0650.csv,
アルカンシェル,Arc-en-Ciel,,6,container-0641.csv container-0644.csv container-0645.csv container-0647.csv container-0649.csv container-0650.csv,
視殺の魔眼,Evil Eye of Death,,6,container-0641.csv container-0644.csv container-0645.csv container-0647.csv container-0649.csv container-0650.csv,
魔竜の大角,Magic Dragon Horn,,6,container-0641.csv container-0644.csv container-0645.csv container-0647.csv container-0649.csv container-0650.csv,
羅針鱗,Orientation Scales,,6,container-0641.csv container-0644.csv container-0645.csv container-0647.csv container-0649.csv container-0650.csv,
飛燕鱗,Unladen Swallow Scales,,6,container-0641.csv container-0644.csv container-0645.csv container-0647.csv container-0649.csv container-0650.csv,
ホーミングスケイル,Homing Scales,,6,container-0641.csv container-0644.csv container-0645.csv container-0647.csv container-0649.csv container-0650.csv,
紅蓮のうろこ,Crimson Scales,,6,container-0641.csv container-0644.csv container-0645.csv container-0647.csv container-0649.csv container-0650.csv,
ギブリスケイル,Ghibli Scales,,6,container-0641.csv container-0644.csv container-0645.csv container-0647.csv container-0649.csv container-0650.csv,
ボーラスケイル,Bora Scales,,6,container-0641.csv container-0644.csv container-0645.csv container-0647.csv container-0649.csv container-0650.csv,
カムシーンスケイル,Khamsin Scales,,6,container-0641.csv container-0644.csv container-0645.csv container-0647.csv container-0649.csv container-0650.csv,
ユミルの涙,Ymir's Tear,,6,container-0641.csv container-0644.csv container-0645.csv container-0647.csv container-0649.csv container-0650.csv,
トールレイジ,Thor's Rage,,6,container-0641.csv container-0644.csv container-0645.csv container-0647.csv container-0649.csv container-0650.csv,
ディープドゥーム,Deep Doom,,6,container-0641.csv container-0644.csv container-0645.csv container-0647.csv container-0649.csv container-0650.csv,
ブラッドジュエリー,Blood Jewel,,6,container-0641.csv container-0644.csv container-0645.csv container-0647.csv container-0649.csv container-0650.csv,
蛍火,Firefly Fire,,6,container-0641.csv container-0644.csv container-0645.csv container-0647.csv container-0649.csv container-0650.csv,
怨念の塊,Cursed Soul,,6,container-0641.csv container-0644.csv container-0645.csv container-0647.csv container-0649.csv container-0650.csv,
ダークマター,Dark Matter,,6,container-0641.csv container-0644.csv container-0645.csv container-0647.csv container-0649.csv container-0650.csv,
暗闇のマント,Abyss Cloak,,6,container-0641.csv container-0644.csv container-0645.csv container-0647.csv container-0649.csv container-0650.csv,
悪魔の右腕,Demon's Right Arm,,6,container-0641.csv container-0644.csv container-0645.csv container-0647.csv container-0649.csv container-0650.csv,
悪魔の左腕,Demon's Left Arm,,6,container-0641.csv container-0644.csv container-0645.csv container-0647.csv container-0649.csv container-0650.csv,
悪魔のひづめ,Demon's Hoof,,6,container-0641.csv container-0644.csv container-0645.csv container-0647.csv container-0649.csv container-0650.csv,
不滅銀,Eternal Silver,,6,container-0641.csv container-0644.csv container-0645.csv container-0647.csv container-0649.csv container-0650.csv,
オリハルコン,Orichalcum,,6,container-0641.csv container-0644.csv container-0645.csv container-0647.csv container-0649.csv container-0650.csv,
電気骨,Electric Bone,,6,container-0641.csv container-0644.csv container-0645.csv container-0647.csv container-0649.csv container-0650.csv,
稲妻石,Lightning Stone,,6,container-0641.csv container-0644.csv container-0645.csv container-0647.csv container-0649.csv container-0650.csv,
スプリントセル,Sprinter Cell,,6,container-0641.csv container-0644.csv container-0645.csv container-0647.csv container-0649.csv container-0650.csv,
大粒の真珠,Giant Pearl,,6,container-0641.csv container-0644.csv container-0645.csv container-0647.csv container-0649.csv container-0650.csv,
クラーケンファング,Kraken Fang,,6,container-0641.csv container-0644.csv container-0645.csv container-0647.csv container-0649.csv container-0650.csv,
メタボライザー,Metabolizer,,6,container-0641.csv container-0644.csv container-0645.csv container-0647.csv container-0649.csv container-0650.csv,
ブリッツオブイービル,Bullets of Evil,,6,container-0641.csv container-0644.csv container-0645.csv container-0647.csv container-0649.csv container-0650.csv,
ムーンパール,Moon Pearl,,6,container-0641.csv container-0644.csv container-0645.csv container-0647.csv container-0649.csv container-0650.csv,
破砕骨,Pulverizing Bone,,6,container-0641.csv container-0644.csv container-0645.csv container-0647.csv container-0649.csv container-0650.csv,
アサルトミサイル,Assault Missile,,6,container-0641.csv container-0644.csv container-0645.csv container-0647.csv container-0649.csv container-0650.csv,
シルフィードアロートップ,Sylphide's Arrowhead,,6,container-0641.csv container-0644.csv container-0645.csv container-0647.csv container-0649.csv container-0650.csv,
しっぱホルダー,Lucky Tail,,6,container-0641.csv container-0644.csv container-0645.csv container-0647.csv container-0649.csv container-0650.csv,
空の小箱,Empty Box,,6,container-0641.csv container-0644.csv container-0645.csv container-0647.csv container-0649.csv container-0650.csv,
火ネズミの毛皮,Firemouse Fur,,6,container-0641.csv container-0644.csv container-0645.csv container-0647.csv container-0649.csv container-0650.csv,
悪魔のパラボラ,Demon's Parabola,,6,container-0641.csv container-0644.csv container-0645.csv container-0647.csv container-0649.csv container-0650.csv,
こうもりのマント,Bat Cloak,,6,container-0641.csv container-0644.csv container-0645.csv container-0647.csv container-0649.csv container-0650.csv,
グリフォンの爪,Griffon Talon,,6,container-0641.csv container-0644.csv container-0645.csv container-0647.csv container-0649.csv container-0650.csv,
穿孔のくちばし,Drilling Beak,,6,container-0641.csv container-0644.csv container-0645.csv container-0647.csv container-0649.csv container-0650.csv,
銀枠のカズラ,Silver Vine Frame,,6,container-0641.csv container-0644.csv container-0645.csv container-0647.csv container-0649.csv container-0650.csv,
湖面の鏡,Mirror of the Lake,,6,container-0641.csv container-0644.csv container-0645.csv container-0647.csv container-0649.csv container-0650.csv,
ネジ巻き,Wind-up Screw,,6,container-0641.csv container-0644.csv container-0645.csv container-0647.csv container-0649.csv container-0650.csv,
フェイタルシード,Fatal Seed,,6,container-0641.csv container-0644.csv container-0645.csv container-0647.csv container-0649.csv container-0650.csv,
ちいさな花,Tiny Flower,,6,container-0641.csv container-0644.csv container-0645.csv container-0647.csv container-0649.csv container-0650.csv,
リリィ,Lily,,6,container-0641.csv container-0644.csv container-0645.csv container-0647.csv container-0649.csv container-0650.csv,
スズラン,Weeping Lily,,6,container-0641.csv container-0644.csv container-0645.csv container-0647.csv container-0649.csv container-0650.csv,
グラジオラス,Gladiolus,,6,container-0641.csv container-0644.csv container-0645.csv container-0647.csv container-0649.csv container-0650.csv,
レナス人形・アンバー,Amber Lenneth,,6,container-0641.csv container-0644.csv container-0645.csv container-0647.csv container-0649.csv container-0650.csv,
レナス人形・メタリック,Metallic Lenneth,,6,container-0641.csv container-0644.csv container-0645.csv container-0647.csv container-0649.csv container-0650.csv,
レナス人形・クリスタル,Crystal Lenneth,,6,container-0641.csv container-0644.csv container-0645.csv container-0647.csv container-0649.csv container-0650.csv,
トゥルサード,Truthade,,6,container-0641.csv container-0644.csv container-0645.csv container-0647.csv container-0649.csv container-0650.csv,
インセンス,Incense,,6,container-0641.csv container-0644.csv container-0645.csv container-0647.csv container-0649.csv container-0650.csv,
竜の掌,Dragon Palm,,6,container-0641.csv container-0644.csv container-0645.csv container-0647.csv container-0649.csv container-0650.csv,
跳ね馬の銅像,Prancing Horse,,6,container-0641.csv container-0644.csv container-0645.csv container-0647.csv container-0649.csv container-0650.csv,
青磁のひよこ,Celadon Chick,,6,container-0641.csv container-0644.csv container-0645.csv container-0647.csv container-0649.csv container-0650.csv,
ルビーのミツバチ,Ruby-Eyed Bee,,6,container-0641.csv container-0644.csv container-0645.csv container-0647.csv container-0649.csv container-0650.csv,
緑柱石の腕輪,Beryl Bracelet,,6,container-0641.csv container-0644.csv container-0645.csv container-0647.csv container-0649.csv container-0650.csv,
赤銅の鏡,Red Copper Mirror,,6,container-0641.csv container-0644.csv container-0645.csv container-0647.csv container-0649.csv container-0650.csv,
青銅の鏡,Blue Bronze Mirror,,6,container-0641.csv container-0644.csv container-0645.csv container-0647.csv container-0649.csv container-0650.csv,
青い人形,Blue Doll,,6,container-0641.csv container-0644.csv container-0645.csv container-0647.csv container-0649.csv container-0650.csv,
緑の子猫,Green Kittens,,6,container-0641.csv container-0644.csv container-0645.csv container-0647.csv container-0649.csv container-0650.csv,
レッドチェリー,Red Cherry,,6,container-0641.csv container-0644.csv container-0645.csv container-0647.csv container-0649.csv container-0650.csv,
ブルーアップル,Blue Apple,,6,container-0641.csv container-0644.csv container-0645.csv container-0647.csv container-0649.csv container-0650.csv,
闇の祭器,Dark Votive Cup,,6,container-0641.csv container-0644.csv container-0645.csv container-0647.csv container-0649.csv container-0650.csv,
狩剣ヒルド,Hildr's Sword,,6,container-0641.csv container-0644.csv container-0645.csv container-0647.csv container-0649.csv container-0650.csv,
誓剣オートクレイル,Hauteclaire,,6,container-0641.csv container-0644.csv container-0645.csv container-0647.csv container-0649.csv container-0650.csv,
クロスグリーブ,Cloth Greaves,,6,container-0641.csv container-0644.csv container-0645.csv container-0647.csv container-0649.csv container-0650.csv,
ナイトグリーブ,Knight Greaves,,6,container-0641.csv container-0644.csv container-0645.csv container-0647.csv container-0649.csv container-0650.csv,
レザーブーツ,Leather Boots,,6,container-0641.csv container-0644.csv container-0645.csv container-0647.csv container-0649.csv container-0650.csv,
マジックブーツ,Magic Boots,,6,container-0641.csv container-0644.csv container-0645.csv container-0647.csv container-0649.csv container-0650.csv,
ワークブーツ,Work Boots,,6,container-0641.csv container-0644.csv container-0645.csv container-0647.csv container-0649.csv container-0650.csv,
お守り,Charm,,6,container-0641.csv container-0644.csv container-0645.csv container-0647.csv container-0649.csv container-0650.csv,
ロイヤルグローブ,Royal Glove,,6,container-0641.csv container-0644.csv container-0645.csv container-0647.csv container-0649.csv container-0650.csv,
ガンデーヴァ,Gandeeva,,6,container-0641.csv container-0644.csv container-0645.csv container-0647.csv container-0649.csv container-0650.csv,
オレイカルコスの杖,Oreichalkos Staff,,6,container-0641.csv container-0644.csv container-0645.csv container-0647.csv container-0649.csv container-0650.csv,
スルーズの手甲,Thrud's Gauntlet,,6,container-0641.csv container-0644.csv container-0645.csv container-0647.csv container-0649.csv container-0650.csv,
神剣ランドグリーズ,Randgrid's Blade,,6,container-0641.csv container-0644.csv container-0645.csv container-0647.csv container-0649.csv container-0650.csv,
アルヴィトの光鎧,Alvitr's Armor,,6,container-0641.csv container-0644.csv container-0645.csv container-0647.csv container-0649.csv container-0650.csv,
親父のコボルトシャツ,Allfather Kobold Shirt,,6,container-0641.csv container-0644.csv container-0645.csv container-0647.csv container-0649.csv container-0650.csv,
両面テープの欠片,Double-sided Tape,,6,container-0641.csv container-0644.csv container-0645.csv container-0647.csv container-0649.csv container-0650.csv,
英知のヅラ,Wisdom Wig,,6,container-0641.csv container-0644.csv container-0645.csv container-0647.csv container-0649.csv container-0650.csv,
クンクニル,Gungnear,,6,container-0641.csv container-0644.csv container-0645.csv container-0647.csv container-0649.csv container-0650.csv,
竹竿,Bamboo Pole,,6,container-0641.csv container-0644.csv container-0645.csv container-0647.csv container-0649.csv container-0650.csv,
寄せてあげるアレ,Push-up Thingamajig,,6,container-0641.csv container-0644.csv container-0645.csv container-0647.csv container-0649.csv container-0650.csv,
フレイキャップ,Freya's Cap,,6,container-0641.csv container-0644.csv container-0645.csv container-0647.csv container-0649.csv container-0650.csv,
クリスタルボール,Crystal Ball,,6,container-0641.csv container-0644.csv container-0645.csv container-0647.csv container-0649.csv container-0650.csv,
戦乙女のコボルトメイル,Valkyrie Kobold Mail,,6,container-0641.csv container-0644.csv container-0645.csv container-0647.csv container-0649.csv container-0650.csv,
ダイキャストランス,Die-cast Lance,,6,container-0641.csv container-0644.csv container-0645.csv container-0647.csv container-0649.csv container-0650.csv,
ひのきのぼう,Cypress Quarterstaff,,6,container-0641.csv container-0644.csv container-0645.csv container-0647.csv container-0649.csv container-0650.csv,
実用書,Self-help Manual,,6,container-0641.csv container-0644.csv container-0645.csv container-0647.csv container-0649.csv container-0650.csv,
鉄パイプ,Iron Pipe,,6,container-0641.csv container-0644.csv container-0645.csv container-0647.csv container-0649.csv container-0650.csv,
ハム☆スター,Ham-Star,,6,container-0641.csv container-0644.csv container-0645.csv container-0647.csv container-0649.csv container-0650.csv,
ひまわりのたね,Sunflower Seed,,6,container-0641.csv container-0644.csv container-0645.csv container-0647.csv container-0649.csv container-0650.csv,
ミラクルガード,Miracle Guard,,6,container-0641.csv container-0644.csv container-0645.csv container-0647.csv container-0649.csv container-0650.csv,
フィラクトヘルム,Phylactic Helm,,6,container-0641.csv container-0644.csv container-0645.csv container-0647.csv container-0649.csv container-0650.csv,
ウロボロスシンボル,Ouroboros Symbol,,6,container-0641.csv container-0644.csv container-0645.csv container-0647.csv container-0649.csv container-0650.csv,
アフロヘッド,Afro Puffs,,6,container-0641.csv container-0644.csv container-0645.csv container-0647.csv container-0649.csv container-0650.csv,
ふるびたペンダント,Antique Pendant,,6,container-0641.csv container-0644.csv container-0645.csv container-0647.csv container-0649.csv container-0650.csv,
大根,Radish,,6,container-0641.csv container-0644.csv container-0645.csv container-0647.csv container-0649.csv container-0650.csv,
鋼鉄のヘアーバンド,Steel Hairband,,6,container-0641.csv container-0644.csv container-0645.csv container-0647.csv container-0649.csv container-0650.csv,
ヘタれたコボルトシャツ,Depressing Kobold Shirt,,6,container-0641.csv container-0644.csv container-0645.csv container-0647.csv container-0649.csv container-0650.csv,
三枚目の証,Third Proof,,6,container-0641.csv container-0644.csv container-0645.csv container-0647.csv container-0649.csv container-0650.csv,
疾風のバンダナ,Winded Bandanna,,6,container-0641.csv container-0644.csv container-0645.csv container-0647.csv container-0649.csv container-0650.csv,
新品のガイドブック,New Item Catalog,,6,container-0641.csv container-0644.csv container-0645.csv container-0647.csv container-0649.csv container-0650.csv,
ツンツンのヅラ,Wigged-out Wig,,6,container-0641.csv container-0644.csv container-0645.csv container-0647.csv container-0649.csv container-0650.csv,
紫の鏡,Purple Mirror,,6,container-0641.csv container-0644.csv container-0645.csv container-0647.csv container-0649.csv container-0650.csv,
ちいさな虫,Tiny Bugs,,6,container-0641.csv container-0644.csv container-0645.csv container-0647.csv container-0649.csv container-0650.csv,
ヴァルキリーフェイバー,Valkyrie Favor,,6,container-0641.csv container-0644.csv container-0645.csv container-0647.csv container-0649.csv container-0650.csv,
裂刀ファーウェル,"Slashing Sword ""Farewell""",,6,container-0641.csv container-0644.csv container-0645.csv container-0647.csv container-0649.csv container-0650.csv,
バハムートティア,Bahamut Tear,,6,container-0641.csv container-0644.csv container-0645.csv container-0647.csv container-0649.csv container-0650.csv,
ドラゴンスレイヤー改,Improved Dragonslayer,,6,container-0641.csv container-0644.csv container-0645.csv container-0647.csv container-0649.csv container-0650.csv,
不死者の剣,Undead Sword,,6,container-0641.csv container-0644.csv container-0645.csv container-0647.csv container-0649.csv container-0650.csv,
賢者の石の破片,Philosopher's Pebble,,6,container-0641.csv container-0644.csv container-0645.csv container-0647.csv container-0649.csv container-0650.csv,
ホムンクルスの種,Homunculus Seed,,6,container-0641.csv container-0644.csv container-0645.csv container-0647.csv container-0649.csv container-0650.csv,
大いなる教書,Monster Manifesto,,6,container-0641.csv container-0644.csv container-0645.csv container-0647.csv container-0649.csv container-0650.csv,
闇の法衣,Dark Cleric Robes,,6,container-0641.csv container-0644.csv container-0645.csv container-0647.csv container-0649.csv container-0650.csv,
虐げられし者の剣,Sword of the Meek,,6,container-0641.csv container-0644.csv container-0645.csv container-0647.csv container-0649.csv container-0650.csv,
狩られたネズミ,Hunted Mouse,,6,container-0641.csv container-0644.csv container-0645.csv container-0647.csv container-0649.csv container-0650.csv,
尻尾の切れたトカゲ,Tailless Lizard,,6,container-0641.csv container-0644.csv container-0645.csv container-0647.csv container-0649.csv container-0650.csv,
不幸な青い鳥,Misfortunate Bird,,6,container-0641.csv container-0644.csv container-0645.csv container-0647.csv container-0649.csv container-0650.csv,
